unique_key,created_date,complaint_type,descriptor,location_type,incident_address,street_name,cross_street_1,cross_street_2,incident_zip,city,borough,community_board,latitude,longitude
32314611,2016-01-02T07:40:00.000,Snow,15I Street Condition Ice-Non Storm,Street,,,,,10304,STATEN ISLAND,STATEN ISLAND,02 STATEN ISLAND,40.59326159413557,-74.11064554529796
32316800,2016-01-02T05:04:00.000,Snow,15I Street Condition Ice-Non Storm,Street,,,,,10312,STATEN ISLAND,STATEN ISLAND,03 STATEN ISLAND,40.56047555908232,-74.1668892252524
32320188,2016-01-02T09:12:00.000,Snow,15I Street Condition Ice-Non Storm,Street,,,,,10031,NEW YORK,MANHATTAN,09 MANHATTAN,40.820097574803015,-73.95507644617044
32323623,2016-01-03T08:48:00.000,Snow,15I Street Condition Ice-Non Storm,Street,127-12 23 AVENUE,23 AVENUE,127 STREET,128 STREET,11356,College Point,QUEENS,07 QUEENS,40.77860390793397,-73.84136701508709
32325492,2016-01-03T19:48:00.000,Snow,15I Street Condition Ice-Non Storm,Street,,,,,11367,Flushing,QUEENS,08 QUEENS,40.73001773405,-73.82346751751783
32327381,2016-01-04T19:08:00.000,Snow,E9 Snow / Icy Sidewalk,Sidewalk,,,,,10031,NEW YORK,MANHATTAN,09 MANHATTAN,40.82273759241776,-73.94762082936386
32327802,2016-01-04T07:47:00.000,Snow,15I Street Condition Ice-Non Storm,Street,86 STANHOPE STREET,STANHOPE STREET,EVERGREEN AVENUE,CENTRAL AVENUE,11221,BROOKLYN,BROOKLYN,04 BROOKLYN,40.69662842168634,-73.92441979167376
32328642,2016-01-04T07:36:00.000,Snow,15I Street Condition Ice-Non Storm,Street,,,,,11362,Little Neck,QUEENS,11 QUEENS,40.76744188989736,-73.73686272985894
32329118,2016-01-04T19:52:00.000,Snow,15I Street Condition Ice-Non Storm,Street,,,,,10007,NEW YORK,MANHATTAN,Unspecified MANHATTAN,40.709805719796464,-74.009987734673
32332359,2016-01-04T10:23:00.000,Snow,15I Street Condition Ice-Non Storm,Street,,,,,10031,NEW YORK,MANHATTAN,09 MANHATTAN,40.820097574803015,-73.95507644617044
32332362,2016-01-04T22:01:00.000,Snow,15S Re-Plow/Spread/Ice-Snow Cond.,Street,,,,,11101,Long Island City,QUEENS,02 QUEENS,40.747665188988705,-73.94505608779347
32336729,2016-01-05T20:29:00.000,Snow,15I Street Condition Ice-Non Storm,Street,1926 EAST    4 STREET,EAST    4 STREET,KINGS HIGHWAY,AVENUE S,11223,BROOKLYN,BROOKLYN,15 BROOKLYN,40.60338680386765,-73.96888534429125
32336730,2016-01-05T18:31:00.000,Snow,15I Street Condition Ice-Non Storm,Street,,,,,11379,Middle Village,QUEENS,05 QUEENS,40.717616898140854,-73.88953400663925
32338007,2016-01-05T06:54:00.000,Snow,15I Street Condition Ice-Non Storm,Street,107-55 QUEENS BOULEVARD,QUEENS BOULEVARD,70 ROAD,71 AVENUE,11375,Forest Hills,QUEENS,06 QUEENS,40.72162144622119,-73.84435628109155
32338412,2016-01-05T11:25:00.000,Snow,15I Street Condition Ice-Non Storm,Street,168 METROPOLITAN AVENUE,METROPOLITAN AVENUE,BERRY STREET,BEDFORD AVENUE,11249,BROOKLYN,BROOKLYN,01 BROOKLYN,40.715706411167446,-73.96140547609345
32338561,2016-01-05T14:07:00.000,Snow,15I Street Condition Ice-Non Storm,Street,157-25 9 AVENUE,9 AVENUE,157 STREET,160 STREET,11357,Whitestone,QUEENS,07 QUEENS,40.79347202692865,-73.80383675474955
32339689,2016-01-05T22:07:00.000,Snow,15S Re-Plow/Spread/Ice-Snow Cond.,Street,,,,,11101,Long Island City,QUEENS,02 QUEENS,40.74742855581354,-73.94384365214525
32340072,2016-01-05T19:55:00.000,Snow,15I Street Condition Ice-Non Storm,Street,,,,,11363,Little Neck,QUEENS,11 QUEENS,40.768401348095914,-73.73753765133831
32340167,2016-01-05T20:56:00.000,Snow,15I Street Condition Ice-Non Storm,Street,,,,,10452,BRONX,BRONX,05 BRONX,40.84517752455685,-73.91415982105855
32340168,2016-01-05T14:57:00.000,Snow,15I Street Condition Ice-Non Storm,Street,,,,,10007,NEW YORK,MANHATTAN,Unspecified MANHATTAN,40.71429326173217,-74.01152869236441
32341331,2016-01-05T11:28:00.000,Snow,15I Street Condition Ice-Non Storm,Street,29-76 NORTHERN BOULEVARD,NORTHERN BOULEVARD,41 AVENUE,40 ROAD,11101,Long Island City,QUEENS,01 QUEENS,40.75043233136792,-73.93532344785076
32341332,2016-01-05T01:36:00.000,Snow,15I Street Condition Ice-Non Storm,Street,,,,,11692,Arverne,QUEENS,14 QUEENS,40.59210713987104,-73.79136519269986
32341336,2016-01-05T06:46:00.000,Snow,15I Street Condition Ice-Non Storm,Street,,,,,10007,NEW YORK,MANHATTAN,Unspecified MANHATTAN,40.71494668500725,-74.00968188786821
32341337,2016-01-05T08:16:00.000,Snow,15I Street Condition Ice-Non Storm,Street,,,,,10312,STATEN ISLAND,STATEN ISLAND,03 STATEN ISLAND,40.56047555908232,-74.1668892252524
32341879,2016-01-05T07:32:00.000,Snow,15I Street Condition Ice-Non Storm,Street,,,,,10034,NEW YORK,MANHATTAN,12 MANHATTAN,40.86368992793932,-73.91706434332097
32343069,2016-01-05T08:57:00.000,Snow,E9 Snow / Icy Sidewalk,Sidewalk,484 EAST  134 STREET,EAST  134 STREET,WILLIS AVENUE,MAJOR DEEGAN EXPWY ET 1 SB,10454,BRONX,BRONX,01 BRONX,40.80556062038998,-73.92238164845482
32343480,2016-01-05T15:36:00.000,Snow,15I Street Condition Ice-Non Storm,Street,,,,,11413,Springfield Gardens,QUEENS,13 QUEENS,40.67669539987123,-73.74220317997529
32343623,2016-01-05T19:42:00.000,Snow,15I Street Condition Ice-Non Storm,Street,,,,,10471,BRONX,BRONX,08 BRONX,40.902251303466876,-73.90783880954511
32343687,2016-01-05T15:55:00.000,Snow,15I Street Condition Ice-Non Storm,Street,,,,,11413,Springfield Gardens,QUEENS,13 QUEENS,40.67639971973822,-73.74131744583633
32344824,2016-01-05T13:11:00.000,Snow,15I Street Condition Ice-Non Storm,Street,2904 ELY AVENUE,ELY AVENUE,ARNOW AVENUE,ADEE AVENUE,10469,BRONX,BRONX,12 BRONX,40.869945971914,-73.83584853106716
32344846,2016-01-05T19:51:00.000,Snow,15I Street Condition Ice-Non Storm,Street,,,,,10310,STATEN ISLAND,STATEN ISLAND,01 STATEN ISLAND,40.634747622693794,-74.11225278037959
32344847,2016-01-05T10:12:00.000,Snow,E9 Snow / Icy Sidewalk,Sidewalk,932 BUSHWICK AVENUE,BUSHWICK AVENUE,GREENE AVENUE,BLEECKER STREET,11221,BROOKLYN,BROOKLYN,04 BROOKLYN,40.69278820982941,-73.92399502326275
32345341,2016-01-05T14:00:00.000,Snow,15I Street Condition Ice-Non Storm,Street,,,,,11201,BROOKLYN,BROOKLYN,02 BROOKLYN,40.69522039497991,-73.99585648369809
32346558,2016-01-05T09:25:00.000,Snow,E9 Snow / Icy Sidewalk,Sidewalk,,,,,10022,NEW YORK,MANHATTAN,05 MANHATTAN,40.76092853692368,-73.96913301834103
32346826,2016-01-04T03:49:00.000,Snow,15I Street Condition Ice-Non Storm,Street,156-01 CROSSBAY BOULEVARD,CROSSBAY BOULEVARD,156 AVENUE,157 AVENUE,11414,Howard Beach,QUEENS,10 QUEENS,40.663943746641515,-73.84104495376658
32348699,2016-01-05T14:44:00.000,Snow,15I Street Condition Ice-Non Storm,Street,,,,,11413,Springfield Gardens,QUEENS,13 QUEENS,40.67639971973822,-73.74131744583633
32349809,2016-01-06T07:49:00.000,Snow,15I Street Condition Ice-Non Storm,Street,,,,,11363,Little Neck,QUEENS,11 QUEENS,40.768401348095914,-73.73753765133831
32349831,2016-01-06T09:30:00.000,Snow,15I Street Condition Ice-Non Storm,Street,,,,,11357,Whitestone,QUEENS,07 QUEENS,40.79129746855925,-73.82022088805518
32351435,2016-01-06T22:10:00.000,Snow,15I Street Condition Ice-Non Storm,Street,,,,,11429,Queens Village,QUEENS,13 QUEENS,40.71576550048195,-73.73774492280785
32351436,2016-01-06T08:44:00.000,Snow,15I Street Condition Ice-Non Storm,Street,,,,,10128,NEW YORK,MANHATTAN,08 MANHATTAN,40.77918017382078,-73.9507928265217
32352219,2016-01-06T09:28:00.000,Snow,15I Street Condition Ice-Non Storm,Street,,,,,10314,STATEN ISLAND,STATEN ISLAND,02 STATEN ISLAND,40.613006185316124,-74.15876172027366
32352278,2016-01-06T08:01:00.000,Snow,15I Street Condition Ice-Non Storm,Street,16 EAST   32 STREET,EAST   32 STREET,5 AVENUE,MADISON AVENUE,10016,NEW YORK,MANHATTAN,05 MANHATTAN,40.74674404297738,-73.98454994602642
32352621,2016-01-06T23:40:00.000,Snow,15I Street Condition Ice-Non Storm,Street,271 EAST    7 STREET,EAST    7 STREET,CHURCH AVENUE,BEVERLEY ROAD,11218,BROOKLYN,BROOKLYN,12 BROOKLYN,40.645081218708924,-73.97301711449339
32353705,2016-01-06T11:20:00.000,Snow,15I Street Condition Ice-Non Storm,Street,445 TROUTMAN STREET,TROUTMAN STREET,SCOTT AVENUE,CYPRESS AVENUE,11237,BROOKLYN,BROOKLYN,04 BROOKLYN,40.70781421469531,-73.92161538685518
32353810,2016-01-06T15:52:00.000,Snow,15I Street Condition Ice-Non Storm,Street,45 EBONY COURT,EBONY COURT,EVERETT AVENUE,DEVON AVENUE,11229,BROOKLYN,BROOKLYN,15 BROOKLYN,40.592630974892145,-73.92826417907091
32354568,2016-01-06T13:50:00.000,Snow,15I Street Condition Ice-Non Storm,Street,11-20 SHORE ROAD,SHORE ROAD,MARINETTE STREET,BEND,11363,Little Neck,QUEENS,11 QUEENS,40.78208559254749,-73.75192014262055
32355889,2016-01-06T10:18:00.000,Snow,15I Street Condition Ice-Non Storm,Street,133-05 41 AVENUE,41 AVENUE,COLLEGE POINT BOULEVARD,MAIN STREET,11355,Flushing,QUEENS,07 QUEENS,40.757807756852515,-73.83035676374253
32356136,2016-01-06T15:54:00.000,Snow,15I Street Condition Ice-Non Storm,Street,101 ASTER COURT,ASTER COURT,BIJOU AVENUE,ALLEN AVENUE,11229,BROOKLYN,BROOKLYN,15 BROOKLYN,40.59598035745115,-73.92943805375565
32357417,2016-01-06T18:36:00.000,Snow,15I Street Condition Ice-Non Storm,Street,57 73 STREET,73 STREET,NARROWS AVENUE,COLONIAL ROAD,11209,BROOKLYN,BROOKLYN,10 BROOKLYN,40.63467359158842,-74.03494113452845
32359474,2016-01-07T07:35:00.000,Snow,15I Street Condition Ice-Non Storm,Street,,,,,10025,NEW YORK,MANHATTAN,07 MANHATTAN,40.79781561151525,-73.97133714158042
32361493,2016-01-07T10:26:00.000,Snow,15I Street Condition Ice-Non Storm,Street,139-36 86 AVENUE,86 AVENUE,139 STREET,143 STREET,11435,Jamaica,QUEENS,08 QUEENS,40.70815965485175,-73.81550004881949
32362814,2016-01-07T19:31:00.000,Snow,15I Street Condition Ice-Non Storm,Street,4371 FURMAN AVENUE,FURMAN AVENUE,EAST 237 STREET,NEREID AVENUE,10466,BRONX,BRONX,12 BRONX,40.89740905437391,-73.85400762020907
32366735,2016-01-07T08:26:00.000,Snow,15I Street Condition Ice-Non Storm,Street,2929 WEST   30 STREET,WEST   30 STREET,MERMAID AVENUE,SURF AVENUE,11224,BROOKLYN,BROOKLYN,13 BROOKLYN,40.57460623557571,-73.99629232805066
32367048,2016-01-07T11:01:00.000,Snow,15I Street Condition Ice-Non Storm,Street,,,,,10452,BRONX,BRONX,04 BRONX,40.83441708690932,-73.9285383193984
32368433,2016-01-08T09:34:00.000,Snow,15I Street Condition Ice-Non Storm,Street,,,,,10460,BRONX,BRONX,06 BRONX,40.844545857684075,-73.88530052405531
32372813,2016-01-08T07:53:00.000,Snow,15I Street Condition Ice-Non Storm,Street,,,,,11413,Springfield Gardens,QUEENS,13 QUEENS,40.67669539987123,-73.74220317997529
32386316,2016-01-11T09:30:00.000,Snow,15I Street Condition Ice-Non Storm,Street,,,,,10312,STATEN ISLAND,STATEN ISLAND,03 STATEN ISLAND,40.5451375687998,-74.17060373829054
32386349,2016-01-11T09:06:00.000,Snow,15I Street Condition Ice-Non Storm,Street,,,,,11210,BROOKLYN,BROOKLYN,14 BROOKLYN,40.631707563335084,-73.94648097511391
32386681,2016-01-11T09:56:00.000,Snow,15I Street Condition Ice-Non Storm,Street,,,,,10314,STATEN ISLAND,STATEN ISLAND,02 STATEN ISLAND,40.597551715175385,-74.14075996526178
32386684,2016-01-11T19:48:00.000,Snow,15I Street Condition Ice-Non Storm,Street,,,,,10003,NEW YORK,MANHATTAN,06 MANHATTAN,40.73397846974231,-73.98667818939326
32386695,2016-01-11T22:34:00.000,Snow,15I Street Condition Ice-Non Storm,Street,,,,,10314,STATEN ISLAND,STATEN ISLAND,02 STATEN ISLAND,40.60070634686832,-74.12070492861918
32387859,2016-01-11T21:31:00.000,Snow,15I Street Condition Ice-Non Storm,Street,,,,,10468,BRONX,BRONX,07 BRONX,40.85964344387894,-73.90533112477588
32388614,2016-01-11T08:40:00.000,Snow,15I Street Condition Ice-Non Storm,Street,,,,,10314,STATEN ISLAND,STATEN ISLAND,02 STATEN ISLAND,40.60254560770402,-74.11782369964601
32389010,2016-01-11T08:35:00.000,Snow,15I Street Condition Ice-Non Storm,Street,,,,,11693,Far Rockaway,QUEENS,14 QUEENS,40.588001262328554,-73.80728464483336
32390160,2016-01-11T20:18:00.000,Snow,15I Street Condition Ice-Non Storm,Street,,,,,10003,NEW YORK,MANHATTAN,03 MANHATTAN,40.73329233817604,-73.98717987386496
32390944,2016-01-11T07:29:00.000,Snow,15I Street Condition Ice-Non Storm,Street,,,,,10309,STATEN ISLAND,STATEN ISLAND,03 STATEN ISLAND,40.55025246136078,-74.22131435334978
32391320,2016-01-11T09:58:00.000,Snow,15I Street Condition Ice-Non Storm,Street,,,,,10314,STATEN ISLAND,STATEN ISLAND,02 STATEN ISLAND,40.597551715175385,-74.14075996526178
32393307,2016-01-11T08:23:00.000,Snow,15I Street Condition Ice-Non Storm,Street,,,,,10312,STATEN ISLAND,STATEN ISLAND,03 STATEN ISLAND,40.5386702348975,-74.18342041423227
32394801,2016-01-11T18:14:00.000,Snow,15I Street Condition Ice-Non Storm,Street,,,,,10306,STATEN ISLAND,STATEN ISLAND,02 STATEN ISLAND,40.575189895215715,-74.09523042506636
32395528,2016-01-12T10:14:00.000,Snow,15I Street Condition Ice-Non Storm,Street,,,,,10019,NEW YORK,MANHATTAN,05 MANHATTAN,40.76142287676439,-73.9840483917395
32396938,2016-01-12T10:47:00.000,Snow,15I Street Condition Ice-Non Storm,Street,2835 CONEY ISLAND AVENUE,CONEY ISLAND AVENUE,KATHLEEN PLACE,AVENUE Z,11235,BROOKLYN,BROOKLYN,15 BROOKLYN,40.58741493475218,-73.96034550225512
32397755,2016-01-12T00:48:00.000,Snow,15I Street Condition Ice-Non Storm,Street,,,,,10475,BRONX,BRONX,12 BRONX,40.88083459633532,-73.83231748369703
32398064,2016-01-12T09:40:00.000,Snow,15I Street Condition Ice-Non Storm,Street,,,,,10314,STATEN ISLAND,STATEN ISLAND,02 STATEN ISLAND,40.60593792144821,-74.11807457990594
32400186,2016-01-12T09:56:00.000,Snow,15I Street Condition Ice-Non Storm,Street,,,,,10314,STATEN ISLAND,STATEN ISLAND,02 STATEN ISLAND,40.60297045814854,-74.17260254253137
32400193,2016-01-12T09:47:00.000,Snow,15I Street Condition Ice-Non Storm,Street,1 TWOMBLY AVENUE,TWOMBLY AVENUE,EMMET AVENUE,BUFFALO STREET,10306,STATEN ISLAND,STATEN ISLAND,03 STATEN ISLAND,40.55976129111244,-74.13143480619291
32400966,2016-01-12T10:04:00.000,Snow,15I Street Condition Ice-Non Storm,Street,293 DEAL COURT,DEAL COURT,DAYNA DRIVE,ST JOHNS AVENUE,10305,STATEN ISLAND,STATEN ISLAND,01 STATEN ISLAND,40.610869804297685,-74.0677936180234
32400990,2016-01-12T09:48:00.000,Snow,15I Street Condition Ice-Non Storm,Street,,,,,10303,STATEN ISLAND,STATEN ISLAND,01 STATEN ISLAND,40.63154400310222,-74.14890183810603
32401244,2016-01-12T09:45:00.000,Snow,15I Street Condition Ice-Non Storm,Street,27 ADRIENNE PLACE,ADRIENNE PLACE,CLOVIS ROAD,HILLSIDE TERRACE,10308,STATEN ISLAND,STATEN ISLAND,03 STATEN ISLAND,40.5508556215591,-74.14843415291647
32402309,2016-01-12T10:05:00.000,Snow,15I Street Condition Ice-Non Storm,Street,4735 HYLAN BOULEVARD,HYLAN BOULEVARD,BENNETT PLACE,HOLDRIDGE AVENUE,10312,STATEN ISLAND,STATEN ISLAND,03 STATEN ISLAND,40.5281481096034,-74.16429767348139
32402319,2016-01-12T08:39:00.000,Snow,15I Street Condition Ice-Non Storm,Street,,,,,11201,BROOKLYN,BROOKLYN,02 BROOKLYN,40.69522039497991,-73.99585648369809
32403099,2016-01-12T07:46:00.000,Snow,15I Street Condition Ice-Non Storm,Street,,,,,10017,NEW YORK,MANHATTAN,05 MANHATTAN,40.7546776032152,-73.97580610914096
32403120,2016-01-12T09:50:00.000,Snow,15I Street Condition Ice-Non Storm,Street,,,,,10014,NEW YORK,MANHATTAN,02 MANHATTAN,40.73032038707009,-74.00468691277086
32403121,2016-01-12T09:54:00.000,Snow,15I Street Condition Ice-Non Storm,Street,810 RIVER AVENUE,RIVER AVENUE,EAST 157 STREET,EAST 158 STREET,10451,BRONX,BRONX,04 BRONX,40.82609135732715,-73.92692489492474
32404148,2016-01-13T12:02:00.000,Snow,15I Street Condition Ice-Non Storm,Street,,,,,11358,Flushing,QUEENS,11 QUEENS,40.7552130637004,-73.78538240558554
32404158,2016-01-13T11:24:00.000,Snow,15I Street Condition Ice-Non Storm,Street,,,,,10023,NEW YORK,MANHATTAN,07 MANHATTAN,40.773032859233346,-73.98219708225047
32404493,2016-01-13T18:00:00.000,Snow,15I Street Condition Ice-Non Storm,Street,,,,,11216,BROOKLYN,BROOKLYN,03 BROOKLYN,40.680049857476014,-73.94326223933436
32405444,2016-01-13T19:05:00.000,Snow,15I Street Condition Ice-Non Storm,Street,,,,,11375,Forest Hills,QUEENS,06 QUEENS,40.72388401562447,-73.84914569672442
32405762,2016-01-13T10:47:00.000,Snow,15I Street Condition Ice-Non Storm,Street,,,,,10022,NEW YORK,MANHATTAN,08 MANHATTAN,40.76222654302536,-73.96818664354069
32406927,2016-01-13T14:44:00.000,Snow,15I Street Condition Ice-Non Storm,Street,,,,,10309,STATEN ISLAND,STATEN ISLAND,03 STATEN ISLAND,40.55558783123055,-74.21437220258393
32406966,2016-01-13T21:06:00.000,Snow,15I Street Condition Ice-Non Storm,Street,,,,,11691,Far Rockaway,QUEENS,14 QUEENS,40.593624158774865,-73.77631665436408
32407740,2016-01-13T08:50:00.000,Snow,15I Street Condition Ice-Non Storm,Street,58-58 56 DRIVE,56 DRIVE,58 PLACE,MELVINA PLACE,11378,Maspeth,QUEENS,05 QUEENS,40.72409608537214,-73.91026066193542
32410262,2016-01-13T09:05:00.000,Snow,15I Street Condition Ice-Non Storm,Street,23-41 44 DRIVE,44 DRIVE,HUNTER STREET,CRESCENT STREET,11101,Long Island City,QUEENS,02 QUEENS,40.747401023741766,-73.94367044245112
32410501,2016-01-13T10:50:00.000,Snow,15I Street Condition Ice-Non Storm,Street,895 SHORE ROAD,SHORE ROAD,BEND,BEND,10464,BRONX,BRONX,28 BRONX,40.87573299405639,-73.80165950870602
32413903,2016-01-14T10:25:00.000,Snow,15I Street Condition Ice-Non Storm,Street,659 WEST  162 STREET,WEST  162 STREET,FT WASHINGTON AVENUE,RIVERSIDE DRIVE,10032,NEW YORK,MANHATTAN,12 MANHATTAN,40.83812039627257,-73.944797072807
32418568,2016-01-14T21:08:00.000,Snow,15I Street Condition Ice-Non Storm,Street,768 DUMONT AVENUE,DUMONT AVENUE,BRADFORD STREET,MILLER AVENUE,11207,BROOKLYN,BROOKLYN,05 BROOKLYN,40.666907942707624,-73.89025601363088
32418698,2016-01-14T10:17:00.000,Snow,15I Street Condition Ice-Non Storm,Street,133-49 37 AVENUE,37 AVENUE,COLLEGE POINT BOULEVARD,PRINCE STREET,11354,Flushing,QUEENS,07 QUEENS,40.760738000708415,-73.83333095186195
32419792,2016-01-14T10:54:00.000,Snow,15I Street Condition Ice-Non Storm,Street,BROOK AVENUE,BROOK AVENUE,FREMONT AVENUE,VICTORY BOULEVARD,,,STATEN ISLAND,01 STATEN ISLAND,,
32419793,2016-01-14T10:49:00.000,Snow,15I Street Condition Ice-Non Storm,Street,CROTON AVENUE,CROTON AVENUE,METROPOLI,TAN,,,STATEN ISLAND,01 STATEN ISLAND,,
32420903,2016-01-14T10:03:00.000,Snow,15I Street Condition Ice-Non Storm,Street,,,,,11434,Jamaica,QUEENS,12 QUEENS,40.679720080456704,-73.77346806420894
32420962,2016-01-14T16:47:00.000,Snow,15I Street Condition Ice-Non Storm,Street,,,,,10301,STATEN ISLAND,STATEN ISLAND,01 STATEN ISLAND,40.63884448619558,-74.08469918482669
32422045,2016-01-14T12:58:00.000,Snow,15I Street Condition Ice-Non Storm,Street,,,,,,,QUEENS,07 QUEENS,,
32424732,2016-01-15T08:43:00.000,Snow,15I Street Condition Ice-Non Storm,Street,,,,,10453,BRONX,BRONX,05 BRONX,40.84758001966138,-73.92318924337462
32435500,2016-01-17T21:39:00.000,Snow,15I Street Condition Ice-Non Storm,Street,,,,,10301,STATEN ISLAND,STATEN ISLAND,01 STATEN ISLAND,40.61285590929706,-74.10263532192043
32438717,2016-01-17T21:10:00.000,Snow,15I Street Condition Ice-Non Storm,Street,203 CENTER STREET,CENTER STREET,MOORE STREET,ST PATRICKS PLACE,10306,STATEN ISLAND,STATEN ISLAND,03 STATEN ISLAND,40.57155408669319,-74.14204420302944
32439165,2016-01-17T18:58:00.000,Snow,15I Street Condition Ice-Non Storm,Street,,,,,10304,STATEN ISLAND,STATEN ISLAND,01 STATEN ISLAND,40.633640210224925,-74.08491235450154
32440006,2016-01-18T20:44:00.000,Snow,15I Street Condition Ice-Non Storm,Street,,,,,10314,STATEN ISLAND,STATEN ISLAND,02 STATEN ISLAND,40.60593792144821,-74.11807457990594
32441634,2016-01-18T14:50:00.000,Snow,E9 Snow / Icy Sidewalk,Sidewalk,,,,,11375,Forest Hills,QUEENS,06 QUEENS,40.72412012824127,-73.85561748802189
32441635,2016-01-18T14:06:00.000,Snow,E9 Snow / Icy Sidewalk,Sidewalk,80-74 87 AVENUE,87 AVENUE,80 STREET,85 STREET,11421,Woodhaven,QUEENS,09 QUEENS,40.69173126501166,-73.8595604783646
32441636,2016-01-18T01:29:00.000,Snow,E9 Snow / Icy Sidewalk,Sidewalk,670 SHELDON AVENUE,SHELDON AVENUE,HUGUENOT AVENUE,ELLSWORTH AVENUE,10312,STATEN ISLAND,STATEN ISLAND,03 STATEN ISLAND,40.540803958608464,-74.19770261583133
32442464,2016-01-18T16:08:00.000,Snow,E9 Snow / Icy Sidewalk,Sidewalk,98-12 32 AVENUE,32 AVENUE,98 STREET,99 STREET,11369,East Elmhurst,QUEENS,03 QUEENS,40.75899623647276,-73.8705291591247
32443264,2016-01-18T20:29:00.000,Snow,15S Re-Plow/Spread/Ice-Snow Cond.,Street,,,,,11231,BROOKLYN,BROOKLYN,06 BROOKLYN,40.68163918497396,-73.99391398513428
32444057,2016-01-18T05:55:00.000,Snow,15S Re-Plow/Spread/Ice-Snow Cond.,Street,830 PINE STREET,PINE STREET,STANLEY AVENUE,WORTMAN AVENUE,11208,BROOKLYN,BROOKLYN,05 BROOKLYN,40.66471379775168,-73.8683151376674
32444961,2016-01-18T09:15:00.000,Snow,15I Street Condition Ice-Non Storm,Street,177-25 ROCKAWAY BOULEVARD,ROCKAWAY BOULEVARD,150 AVENUE,RAMP,11434,Jamaica,QUEENS,13 QUEENS,40.656749856404396,-73.76840297650044
32444962,2016-01-18T08:51:00.000,Snow,15S Re-Plow/Spread/Ice-Snow Cond.,Street,7101 16 AVENUE,16 AVENUE,71 STREET,72 STREET,11204,BROOKLYN,BROOKLYN,11 BROOKLYN,40.61850384415613,-73.9985339661361
32445140,2016-01-18T13:12:00.000,Snow,15I Street Condition Ice-Non Storm,Street,2069 EAST   74 STREET,EAST   74 STREET,AVENUE T,AVENUE U,11234,BROOKLYN,BROOKLYN,18 BROOKLYN,40.62176732219515,-73.90589545802308
32445811,2016-01-18T15:04:00.000,Snow,E9 Snow / Icy Sidewalk,Sidewalk,405 EAST    5 STREET,EAST    5 STREET,BEVERLEY ROAD,AVENUE C,11218,BROOKLYN,BROOKLYN,12 BROOKLYN,40.6422491103378,-73.97528475482272
32445991,2016-01-18T18:58:00.000,Snow,15I Street Condition Ice-Non Storm,Street,,,,,10475,BRONX,BRONX,10 BRONX,40.8762092834927,-73.830098066378
32446006,2016-01-18T01:22:00.000,Snow,15I Street Condition Ice-Non Storm,Street,672 SHELDON AVENUE,SHELDON AVENUE,HUGUENOT AVENUE,ELLSWORTH AVENUE,10312,STATEN ISLAND,STATEN ISLAND,03 STATEN ISLAND,40.54079015404108,-74.1977493472913
32446865,2016-01-19T07:57:00.000,Snow,15I Street Condition Ice-Non Storm,Street,144-22 68 ROAD,68 ROAD,MAIN STREET,147 STREET,11367,Flushing,QUEENS,08 QUEENS,40.732870516898544,-73.8241058344017
32447181,2016-01-19T08:10:00.000,Snow,15I Street Condition Ice-Non Storm,Street,,,,,10021,NEW YORK,MANHATTAN,08 MANHATTAN,40.771104493833434,-73.96382476691653
32447185,2016-01-19T12:48:00.000,Snow,15I Street Condition Ice-Non Storm,Street,,,,,10303,STATEN ISLAND,STATEN ISLAND,01 STATEN ISLAND,40.62842336323232,-74.16864067205202
32448233,2016-01-19T20:47:00.000,Snow,15S Re-Plow/Spread/Ice-Snow Cond.,Street,3 EUGENE STREET,EUGENE STREET,AMBOY ROAD,ADELPHI AVENUE,10309,STATEN ISLAND,STATEN ISLAND,03 STATEN ISLAND,40.51730281451325,-74.23146279807855
32448269,2016-01-19T16:37:00.000,Snow,15S Re-Plow/Spread/Ice-Snow Cond.,Street,,,,,11101,Long Island City,QUEENS,02 QUEENS,40.74603472114661,-73.93440021822178
32448684,2016-01-19T20:32:00.000,Snow,15I Street Condition Ice-Non Storm,Street,,,,,11236,BROOKLYN,BROOKLYN,18 BROOKLYN,40.64023707971034,-73.90597390416264
32449777,2016-01-19T09:53:00.000,Snow,E9 Snow / Icy Sidewalk,Sidewalk,,,,,11201,BROOKLYN,BROOKLYN,02 BROOKLYN,40.69754130493902,-73.9831188206051
32449832,2016-01-19T08:55:00.000,Snow,15S Re-Plow/Spread/Ice-Snow Cond.,Street,,,,,10314,STATEN ISLAND,STATEN ISLAND,02 STATEN ISLAND,40.59901663492206,-74.13688117333437
32449833,2016-01-19T07:56:00.000,Snow,E9 Snow / Icy Sidewalk,Sidewalk,2172 2 AVENUE,2 AVENUE,EAST 111 STREET,EAST 112 STREET,10029,NEW YORK,MANHATTAN,11 MANHATTAN,40.794235298938126,-73.93978450529063
32449864,2016-01-19T07:40:00.000,Snow,15I Street Condition Ice-Non Storm,Street,,,,,11693,Far Rockaway,QUEENS,14 QUEENS,40.58821449420059,-73.80514537772287
32450243,2016-01-19T15:24:00.000,Snow,15I Street Condition Ice-Non Storm,Street,25-40 38 STREET,38 STREET,ASTORIA BOULEVARD,28 AVENUE,11103,Astoria,QUEENS,01 QUEENS,40.767813772305,-73.91292378965511
32451341,2016-01-19T09:10:00.000,Snow,E9 Snow / Icy Sidewalk,Sidewalk,1416 BEVERLY ROAD,BEVERLY ROAD,EAST 14 STREET,EAST 15 STREET,11226,BROOKLYN,BROOKLYN,14 BROOKLYN,40.64422015007781,-73.96569527810594
32451681,2016-01-19T20:47:00.000,Snow,15I Street Condition Ice-Non Storm,Street,,,,,11236,BROOKLYN,BROOKLYN,18 BROOKLYN,40.64023707971034,-73.90597390416264
32451748,2016-01-19T17:27:00.000,Snow,15I Street Condition Ice-Non Storm,Street,1616 EAST    7 STREET,EAST    7 STREET,AVENUE O,AVENUE P,11230,BROOKLYN,BROOKLYN,12 BROOKLYN,40.61122530649348,-73.96662705401275
32452754,2016-01-19T14:02:00.000,Snow,15I Street Condition Ice-Non Storm,Street,134 WEST   50 STREET,WEST   50 STREET,AVENUE OF THE AMERICAS,7 AVENUE,10019,NEW YORK,MANHATTAN,05 MANHATTAN,40.76036028699981,-73.98154350033067
32452797,2016-01-19T17:31:00.000,Snow,E9 Snow / Icy Sidewalk,Sidewalk,345 OVINGTON AVENUE,OVINGTON AVENUE,3 AVENUE,4 AVENUE,11209,BROOKLYN,BROOKLYN,10 BROOKLYN,40.6342946343758,-74.02510501543581
32452811,2016-01-19T08:37:00.000,Snow,15I Street Condition Ice-Non Storm,Street,58-58 56 DRIVE,56 DRIVE,58 PLACE,MELVINA PLACE,11378,Maspeth,QUEENS,05 QUEENS,40.72409608537214,-73.91026066193542
32452812,2016-01-19T15:57:00.000,Snow,E9 Snow / Icy Sidewalk,Sidewalk,2451 BARNES AVENUE,BARNES AVENUE,WARING AVENUE,MACE AVENUE,10467,BRONX,BRONX,11 BRONX,40.862222884856855,-73.86363274818763
32453236,2016-01-19T21:01:00.000,Snow,15I Street Condition Ice-Non Storm,Street,1941 PACIFIC STREET,PACIFIC STREET,BUFFALO AVENUE,RALPH AVENUE,11233,BROOKLYN,BROOKLYN,08 BROOKLYN,40.676273131642205,-73.92432749447286
32454270,2016-01-19T09:29:00.000,Snow,15I Street Condition Ice-Non Storm,Street,,,,,10024,NEW YORK,MANHATTAN,07 MANHATTAN,40.782022522199455,-73.97172308400239
32454683,2016-01-19T21:34:00.000,Snow,15I Street Condition Ice-Non Storm,Street,,,,,,,QUEENS,13 QUEENS,,
32455791,2016-01-19T10:54:00.000,Snow,E9 Snow / Icy Sidewalk,Sidewalk,1367 CARROLL STREET,CARROLL STREET,BROOKLYN AVENUE,KINGSTON AVENUE,11213,BROOKLYN,BROOKLYN,09 BROOKLYN,40.66675947950041,-73.94291307892811
32455806,2016-01-19T13:10:00.000,Snow,15I Street Condition Ice-Non Storm,Street,519 54 STREET,54 STREET,5 AVENUE,6 AVENUE,11220,BROOKLYN,BROOKLYN,07 BROOKLYN,40.64250091268377,-74.01202796309876
32457235,2016-01-19T10:18:00.000,Snow,E9 Snow / Icy Sidewalk,Sidewalk,355 EAST    4 STREET,EAST    4 STREET,AVENUE C,AVENUE D,10009,NEW YORK,MANHATTAN,03 MANHATTAN,40.72174941589609,-73.9788881551692
32457271,2016-01-19T17:09:00.000,Snow,15I Street Condition Ice-Non Storm,Street,,,,,,,QUEENS,05 QUEENS,,
32457272,2016-01-19T07:57:00.000,Snow,E9 Snow / Icy Sidewalk,Sidewalk,2300 KINGS HIGHWAY,KINGS HIGHWAY,EAST 23 STREET,EAST 24 STREET,11229,BROOKLYN,BROOKLYN,15 BROOKLYN,40.611732833747965,-73.95064973067633
32457365,2016-01-19T06:57:00.000,Snow,E9 Snow / Icy Sidewalk,Sidewalk,,,,,10451,BRONX,BRONX,04 BRONX,40.82724502346266,-73.92404740135305
32457366,2016-01-19T06:26:00.000,Snow,E9 Snow / Icy Sidewalk,Sidewalk,92-11 ELMHURST AVENUE,ELMHURST AVENUE,92 STREET,93 STREET,11372,Jackson Heights,QUEENS,03 QUEENS,40.750173749044606,-73.87471129029768
32457635,2016-01-19T10:55:00.000,Snow,15I Street Condition Ice-Non Storm,Street,240 BRIGHTON AVENUE,BRIGHTON AVENUE,BEND,BEND,10301,STATEN ISLAND,STATEN ISLAND,01 STATEN ISLAND,40.63495098511339,-74.09357548636001
32457730,2016-01-19T08:24:00.000,Snow,15I Street Condition Ice-Non Storm,Street,,,,,11211,BROOKLYN,BROOKLYN,01 BROOKLYN,40.71326928767005,-73.96208142809773
32458703,2016-01-20T20:16:00.000,Snow,15S Re-Plow/Spread/Ice-Snow Cond.,Street,,,,,10309,STATEN ISLAND,STATEN ISLAND,03 STATEN ISLAND,40.51753311714101,-74.23159307382046
32459993,2016-01-20T09:44:00.000,Snow,15I Street Condition Ice-Non Storm,Street,461 56 STREET,56 STREET,4 AVENUE,5 AVENUE,11220,BROOKLYN,BROOKLYN,07 BROOKLYN,40.64231120762428,-74.01473403276219
32460273,2016-01-20T14:24:00.000,Snow,15I Street Condition Ice-Non Storm,Street,,,,,10314,STATEN ISLAND,STATEN ISLAND,01 STATEN ISLAND,40.61495644236416,-74.14949156150527
32461124,2016-01-20T13:38:00.000,Snow,15I Street Condition Ice-Non Storm,Street,,,,,10467,BRONX,BRONX,07 BRONX,40.88363298955353,-73.8851643766191
32461381,2016-01-20T19:37:00.000,Snow,15I Street Condition Ice-Non Storm,Street,,,,,10462,BRONX,BRONX,11 BRONX,40.85436793520717,-73.86870238027412
32462462,2016-01-20T10:21:00.000,Snow,15I Street Condition Ice-Non Storm,Street,,,,,11357,Whitestone,QUEENS,07 QUEENS,40.79129746855925,-73.82022088805518
32463617,2016-01-20T10:08:00.000,Snow,15I Street Condition Ice-Non Storm,Street,,,,,10459,BRONX,BRONX,02 BRONX,40.82263110041554,-73.89585964786791
32463674,2016-01-20T23:17:00.000,Snow,15I Street Condition Ice-Non Storm,Street,,,,,11436,Jamaica,QUEENS,12 QUEENS,40.67648934464722,-73.7969235983307
32464424,2016-01-20T14:08:00.000,Snow,15I Street Condition Ice-Non Storm,Street,,,,,,,BROOKLYN,13 BROOKLYN,,
32464425,2016-01-20T22:34:00.000,Snow,E9 Snow / Icy Sidewalk,Sidewalk,1048 FRANKLIN AVENUE,FRANKLIN AVENUE,3 AVENUE,EAST 166 STREET,10456,BRONX,BRONX,03 BRONX,40.826922673473575,-73.90736139821341
32464751,2016-01-20T15:21:00.000,Snow,15I Street Condition Ice-Non Storm,Street,20 EAST GUNHILL ROAD,EAST GUNHILL ROAD,JEROME AVENUE,DEKALB AVENUE,10467,BRONX,BRONX,07 BRONX,40.882390658646095,-73.88075096030856
32464795,2016-01-20T16:26:00.000,Snow,15I Street Condition Ice-Non Storm,Street,2039 EAST   74 STREET,EAST   74 STREET,AVENUE T,AVENUE U,11234,BROOKLYN,BROOKLYN,18 BROOKLYN,40.62208600916881,-73.90625163088588
32465993,2016-01-20T18:27:00.000,Snow,15I Street Condition Ice-Non Storm,Street,,,,,11207,BROOKLYN,BROOKLYN,05 BROOKLYN,40.661384893929785,-73.88409802756678
32468005,2016-01-21T09:35:00.000,Snow,15I Street Condition Ice-Non Storm,Street,,,,,10023,NEW YORK,MANHATTAN,07 MANHATTAN,40.773032859233346,-73.98219708225047
32468018,2016-01-21T14:20:00.000,Snow,E9 Snow / Icy Sidewalk,Sidewalk,,,,,10451,BRONX,BRONX,04 BRONX,40.826397709016504,-73.92115411196359
32468321,2016-01-21T14:31:00.000,Snow,15I Street Condition Ice-Non Storm,Street,,,,,11375,Forest Hills,QUEENS,06 QUEENS,40.7244008877048,-73.84980114228593
32469121,2016-01-21T13:38:00.000,Snow,E9 Snow / Icy Sidewalk,Sidewalk,,,,,,,QUEENS,09 QUEENS,,
32469466,2016-01-21T16:27:00.000,Snow,15I Street Condition Ice-Non Storm,Street,,,,,,,QUEENS,Unspecified QUEENS,,
32470248,2016-01-21T07:01:00.000,Snow,15I Street Condition Ice-Non Storm,Street,,,,,,,STATEN ISLAND,03 STATEN ISLAND,,
32470501,2016-01-21T15:23:00.000,Snow,15I Street Condition Ice-Non Storm,Street,,,,,11692,Arverne,QUEENS,14 QUEENS,40.59494327247086,-73.7963722285833
32471231,2016-01-21T07:09:00.000,Snow,15I Street Condition Ice-Non Storm,Street,,,,,10312,STATEN ISLAND,STATEN ISLAND,03 STATEN ISLAND,40.54699549210813,-74.1670858432062
32471523,2016-01-21T20:07:00.000,Snow,15I Street Condition Ice-Non Storm,Street,,,,,10306,STATEN ISLAND,STATEN ISLAND,02 STATEN ISLAND,40.57484284174907,-74.0933580881621
32472342,2016-01-21T14:02:00.000,Snow,E9 Snow / Icy Sidewalk,Sidewalk,,,,,,,BROOKLYN,13 BROOKLYN,,
32473780,2016-01-21T12:47:00.000,Snow,15I Street Condition Ice-Non Storm,Street,895 SHORE ROAD,SHORE ROAD,BEND,BEND,10464,BRONX,BRONX,28 BRONX,40.87573299405639,-73.80165950870602
32475595,2016-01-21T12:56:00.000,Snow,15I Street Condition Ice-Non Storm,Street,40 DRUMGOOLE ROAD EAST,DRUMGOOLE ROAD EAST,SALLY COURT,KATHY COURT,10312,STATEN ISLAND,STATEN ISLAND,03 STATEN ISLAND,40.55892697756986,-74.17096644534857
32476292,2016-01-22T15:51:00.000,Snow,15S Re-Plow/Spread/Ice-Snow Cond.,Street,725 STANLEY AVENUE,STANLEY AVENUE,SCHENCK AVENUE,ASHFORD STREET,11207,BROOKLYN,BROOKLYN,05 BROOKLYN,40.660238055977565,-73.8818725593169
32476665,2016-01-22T11:50:00.000,Snow,15I Street Condition Ice-Non Storm,Street,,,,,10312,STATEN ISLAND,STATEN ISLAND,03 STATEN ISLAND,40.547109318872565,-74.16619737075898
32476668,2016-01-22T13:49:00.000,Snow,E9 Snow / Icy Sidewalk,Sidewalk,463 WEST BROADWAY,WEST BROADWAY,PRINCE STREET,WEST HOUSTON STREET,10012,NEW YORK,MANHATTAN,02 MANHATTAN,40.72633784075124,-74.00040769014021
32477263,2016-01-22T00:50:00.000,Snow,E9 Snow / Icy Sidewalk,Sidewalk,477 81 STREET,81 STREET,4 AVENUE,5 AVENUE,11209,BROOKLYN,BROOKLYN,10 BROOKLYN,40.62547561833952,-74.02514492730322
32477644,2016-01-22T17:21:00.000,Snow,E9 Snow / Icy Sidewalk,Sidewalk,182 FISHER AVENUE,FISHER AVENUE,ORCHARD AVENUE,CRAIG AVENUE,10307,STATEN ISLAND,STATEN ISLAND,03 STATEN ISLAND,40.51376571432181,-74.24294111029589
32477664,2016-01-22T14:30:00.000,Snow,15I Street Condition Ice-Non Storm,Street,90-62 209 STREET,209 STREET,90 AVENUE,91 AVENUE,11428,Queens Village,QUEENS,13 QUEENS,40.71819757020428,-73.75400135349425
32478177,2016-01-22T22:21:00.000,Snow,E9 Snow / Icy Sidewalk,Sidewalk,17 EDGAR PLACE,EDGAR PLACE,RICHMOND ROAD,DEAD END,10304,STATEN ISLAND,STATEN ISLAND,02 STATEN ISLAND,40.60543104169895,-74.09319558444662
32478590,2016-01-22T07:56:00.000,Snow,15I Street Condition Ice-Non Storm,Street,1363 FULTON STREET,FULTON STREET,VERONA PLACE,NEW YORK AVENUE,11216,BROOKLYN,BROOKLYN,03 BROOKLYN,40.68025744841231,-73.94689268545777
32478605,2016-01-22T15:13:00.000,Snow,E9 Snow / Icy Sidewalk,Sidewalk,,,,,10314,STATEN ISLAND,STATEN ISLAND,02 STATEN ISLAND,40.613006185316124,-74.15876172027366
32479531,2016-01-22T12:21:00.000,Snow,15I Street Condition Ice-Non Storm,Street,,,,,10305,STATEN ISLAND,STATEN ISLAND,02 STATEN ISLAND,40.590872056308555,-74.08691749208943
32479985,2016-01-22T18:34:00.000,Snow,15S Re-Plow/Spread/Ice-Snow Cond.,Street,,,,,10306,STATEN ISLAND,STATEN ISLAND,02 STATEN ISLAND,40.57484284174907,-74.0933580881621
32480087,2016-01-22T12:35:00.000,Snow,15S Re-Plow/Spread/Ice-Snow Cond.,Street,44-19 ROCKAWAY BEACH BOULEVARD,ROCKAWAY BEACH BOULEVARD,BEACH 44 STREET,BEACH 45 STREET,11691,Far Rockaway,QUEENS,14 QUEENS,40.59365318642437,-73.77571883759819
32480462,2016-01-22T07:52:00.000,Snow,15I Street Condition Ice-Non Storm,Street,,,,,10023,NEW YORK,MANHATTAN,07 MANHATTAN,40.77792945269607,-73.98208023159556
32480506,2016-01-22T20:47:00.000,Snow,15I Street Condition Ice-Non Storm,Street,115 WILLOUGHBY STREET,WILLOUGHBY STREET,BRIDGE STREET,DUFFIELD STREET,11201,BROOKLYN,BROOKLYN,02 BROOKLYN,40.69213430318508,-73.98447966160586
32481018,2016-01-22T18:32:00.000,Snow,15S Re-Plow/Spread/Ice-Snow Cond.,Street,,,,,10306,STATEN ISLAND,STATEN ISLAND,02 STATEN ISLAND,40.5743951106217,-74.09376062565349
32482355,2016-01-22T09:59:00.000,Snow,15I Street Condition Ice-Non Storm,Street,43-54 247 STREET,247 STREET,43 AVENUE,NORTHERN BOULEVARD,11363,Little Neck,QUEENS,11 QUEENS,40.76730771830759,-73.74063582789013
32482365,2016-01-22T15:24:00.000,Snow,15I Street Condition Ice-Non Storm,Street,281 COOPER STREET,COOPER STREET,KNICKERBOCKER AVENUE,IRVING AVENUE,11237,BROOKLYN,BROOKLYN,04 BROOKLYN,40.691595433356056,-73.90360806361498
32482367,2016-01-22T15:54:00.000,Snow,15I Street Condition Ice-Non Storm,Street,,,,,10301,STATEN ISLAND,STATEN ISLAND,01 STATEN ISLAND,40.63727717311776,-74.08094280303821
32482374,2016-01-22T09:30:00.000,Snow,E9 Snow / Icy Sidewalk,Sidewalk,3313 BAYCHESTER AVENUE,BAYCHESTER AVENUE,GIVAN AVENUE,TILLOTSON AVENUE,10469,BRONX,BRONX,12 BRONX,40.877948228470736,-73.83688106250831
32482379,2016-01-22T15:39:00.000,Snow,15I Street Condition Ice-Non Storm,Street,27 ADRIENNE PLACE,ADRIENNE PLACE,CLOVIS ROAD,HILLSIDE TERRACE,10308,STATEN ISLAND,STATEN ISLAND,03 STATEN ISLAND,40.5508556215591,-74.14843415291647
32482887,2016-01-22T10:52:00.000,Snow,15S Re-Plow/Spread/Ice-Snow Cond.,Street,104-21 68 DRIVE,68 DRIVE,QUEENS BOULEVARD,YELLOWSTONE BOULEVARD,11375,Forest Hills,QUEENS,06 QUEENS,40.72468802975892,-73.84899234941446
32483268,2016-01-22T11:37:00.000,Snow,E9 Snow / Icy Sidewalk,Sidewalk,,,,,10007,NEW YORK,MANHATTAN,Unspecified MANHATTAN,40.711016086825815,-74.01079950184648
32484873,2016-01-23T13:41:00.000,Snow,15S Re-Plow/Spread/Ice-Snow Cond.,Street,75 WEST  238 STREET,WEST  238 STREET,SEDGWICK AVENUE,CANNON PLACE,10463,BRONX,BRONX,08 BRONX,40.88224166027837,-73.89704284202035
32486197,2016-01-23T06:18:00.000,Snow,15S Re-Plow/Spread/Ice-Snow Cond.,Street,78-15 78 STREET,78 STREET,78 AVENUE,MYRTLE AVENUE,11385,Ridgewood,QUEENS,05 QUEENS,40.704144158426544,-73.87223345004594
32487372,2016-01-23T13:38:00.000,Snow,15S Re-Plow/Spread/Ice-Snow Cond.,Street,,,,,10306,STATEN ISLAND,STATEN ISLAND,02 STATEN ISLAND,40.565367453948554,-74.11490037253525
32487414,2016-01-23T12:18:00.000,Snow,15S Re-Plow/Spread/Ice-Snow Cond.,Street,92-29 75 STREET,75 STREET,91 AVENUE,93 AVENUE,11421,Woodhaven,QUEENS,09 QUEENS,40.684700130311725,-73.86496209618556
32487455,2016-01-23T03:06:00.000,Snow,15S Re-Plow/Spread/Ice-Snow Cond.,Street,,,,,11364,Oakland Gardens,QUEENS,11 QUEENS,40.75023481116155,-73.77288179707955
32487457,2016-01-23T15:49:00.000,Snow,15S Re-Plow/Spread/Ice-Snow Cond.,Street,8 VALENTINE PLACE,VALENTINE PLACE,COOPER AVENUE,DEAD END,11385,Ridgewood,QUEENS,05 QUEENS,40.70856123633105,-73.87044677264588
32487458,2016-01-23T16:27:00.000,Snow,15S Re-Plow/Spread/Ice-Snow Cond.,Street,2559 CRUGER AVENUE,CRUGER AVENUE,MACE AVENUE,ALLERTON AVENUE,10467,BRONX,BRONX,11 BRONX,40.86399645261962,-73.86639846932415
32488669,2016-01-23T11:49:00.000,Snow,15S Re-Plow/Spread/Ice-Snow Cond.,Street,749 SHELDON AVENUE,SHELDON AVENUE,DESERRE AVENUE,MARCY AVENUE,10312,STATEN ISLAND,STATEN ISLAND,03 STATEN ISLAND,40.54009123411774,-74.20033412011675
32488703,2016-01-23T04:56:00.000,Snow,15S Re-Plow/Spread/Ice-Snow Cond.,Street,92 EAST RALEIGH AVENUE,EAST RALEIGH AVENUE,UNNAMED STREET,BROADWAY,10310,STATEN ISLAND,STATEN ISLAND,01 STATEN ISLAND,40.62764437451772,-74.11475901229574
32488747,2016-01-23T13:23:00.000,Snow,15S Re-Plow/Spread/Ice-Snow Cond.,Street,1 STRYKER COURT,STRYKER COURT,STRYKER STREET,WEST 1 STREET,11223,BROOKLYN,BROOKLYN,15 BROOKLYN,40.59172509682079,-73.97257779709201
32490033,2016-01-23T16:38:00.000,Snow,15S Re-Plow/Spread/Ice-Snow Cond.,Street,75 WEST  238 STREET,WEST  238 STREET,SEDGWICK AVENUE,CANNON PLACE,10463,BRONX,BRONX,08 BRONX,40.88224166027837,-73.89704284202035
32490078,2016-01-23T14:08:00.000,Snow,15S Re-Plow/Spread/Ice-Snow Cond.,Street,,,,,10303,STATEN ISLAND,STATEN ISLAND,01 STATEN ISLAND,40.62641636406146,-74.15940964402968
32492589,2016-01-23T08:52:00.000,Snow,15S Re-Plow/Spread/Ice-Snow Cond.,Street,302 DEEMS AVENUE,DEEMS AVENUE,WATERS AVENUE,MARKHAM PLACE,10314,STATEN ISLAND,STATEN ISLAND,01 STATEN ISLAND,40.615863691478886,-74.13264025164004
32493495,2016-01-23T20:40:00.000,Snow,15I Street Condition Ice-Non Storm,Street,234 ADA DRIVE,ADA DRIVE,ELSON COURT,FARRAGUT AVENUE,10314,STATEN ISLAND,STATEN ISLAND,01 STATEN ISLAND,40.62112010972837,-74.16247327063023
32498349,2016-01-24T16:14:00.000,Snow,E9 Snow / Icy Sidewalk,Sidewalk,237 FIRST AVENUE,FIRST AVENUE,EAST 13 STREET,EAST 14 STREET,10003,NEW YORK,MANHATTAN,03 MANHATTAN,40.73124690182894,-73.98264483139437
32503286,2016-01-24T07:29:00.000,Snow,15I Street Condition Ice-Non Storm,Street,,,,,10469,BRONX,BRONX,11 BRONX,40.87115871559904,-73.85176564355154
32505536,2016-01-24T16:29:00.000,Snow,E9 Snow / Icy Sidewalk,Sidewalk,657 19 STREET,19 STREET,SEELEY STREET,VANDERBILT STREET,11218,BROOKLYN,BROOKLYN,07 BROOKLYN,40.65310533169914,-73.97826477640177
32510018,2016-01-24T23:26:00.000,Snow,15S Re-Plow/Spread/Ice-Snow Cond.,Street,3738 2 AVENUE,2 AVENUE,,,,,MANHATTAN,06 MANHATTAN,,
32510115,2016-01-24T12:46:00.000,Snow,15S Re-Plow/Spread/Ice-Snow Cond.,Street,DOYERS STREET,DOYERS STREET,PELL STREET,BOWERY,10013,NEW YORK,MANHATTAN,03 MANHATTAN,,
32512412,2016-01-24T16:20:00.000,Snow,E9 Snow / Icy Sidewalk,Sidewalk,755 40 STREET,40 STREET,7 AVENUE,8 AVENUE,11232,BROOKLYN,BROOKLYN,07 BROOKLYN,40.64734059142074,-73.99889729668347
32512559,2016-01-24T12:33:00.000,Snow,15S Re-Plow/Spread/Ice-Snow Cond.,Street,100 WALDEN AVENUE,WALDEN AVENUE,BEACON AVENUE,DEAD END,10306,STATEN ISLAND,STATEN ISLAND,02 STATEN ISLAND,40.58005923069802,-74.12138040945453
32513061,2016-01-25T16:51:00.000,Snow,E9 Snow / Icy Sidewalk,Sidewalk,2050 BAY RIDGE PARKWAY,BAY RIDGE PARKWAY,20 AVENUE,21 AVENUE,11204,BROOKLYN,BROOKLYN,11 BROOKLYN,40.61015381101436,-73.99064304768753
32513129,2016-01-25T20:41:00.000,Snow,E9 Snow / Icy Sidewalk,Sidewalk,85-10 120 STREET,120 STREET,85 AVENUE,HILLSIDE AVENUE,11415,Kew Gardens,QUEENS,09 QUEENS,40.702710556333656,-73.83111730711053
32513130,2016-01-25T23:07:00.000,Snow,E9 Snow / Icy Sidewalk,Sidewalk,,,,,11222,BROOKLYN,BROOKLYN,01 BROOKLYN,40.73515895467132,-73.95507237022825
32513131,2016-01-25T22:49:00.000,Snow,E9 Snow / Icy Sidewalk,Sidewalk,709 DEKALB AVENUE,DEKALB AVENUE,MARCY AVENUE,TOMPKINS AVENUE,11216,BROOKLYN,BROOKLYN,03 BROOKLYN,40.691826952824165,-73.94752894626436
32513133,2016-01-25T21:28:00.000,Snow,E9 Snow / Icy Sidewalk,Sidewalk,196-17 53 AVENUE,53 AVENUE,HOLLIS COURT BOULEVARD,197 STREET,11365,Fresh Meadows,QUEENS,11 QUEENS,40.74770011232516,-73.78216207723862
32513134,2016-01-25T19:46:00.000,Snow,E9 Snow / Icy Sidewalk,Sidewalk,719 FRANKLIN AVENUE,FRANKLIN AVENUE,PARK PLACE,STERLING PLACE,11238,BROOKLYN,BROOKLYN,08 BROOKLYN,40.67391567082051,-73.95678636567077
32513135,2016-01-25T19:55:00.000,Snow,E9 Snow / Icy Sidewalk,Sidewalk,104 MOORE STREET,MOORE STREET,GRAHAM AVENUE,HUMBOLDT STREET,11206,BROOKLYN,BROOKLYN,01 BROOKLYN,40.70385981018494,-73.94141700387533
32513136,2016-01-25T20:21:00.000,Snow,E9 Snow / Icy Sidewalk,Sidewalk,2086 EAST   23 STREET,EAST   23 STREET,AVENUE T,AVENUE U,11229,BROOKLYN,BROOKLYN,15 BROOKLYN,40.60017086269685,-73.94862007628416
32513137,2016-01-25T11:30:00.000,Snow,E9 Snow / Icy Sidewalk,Sidewalk,15 EAST CHESHIRE PLACE,EAST CHESHIRE PLACE,HIGHLAND AVENUE,WALDRON AVENUE,10301,STATEN ISLAND,STATEN ISLAND,01 STATEN ISLAND,40.620225101733865,-74.10018278660054
32513138,2016-01-25T11:10:00.000,Snow,E9 Snow / Icy Sidewalk,Sidewalk,324 WEST  108 STREET,WEST  108 STREET,BROADWAY,RIVERSIDE DRIVE,10025,NEW YORK,MANHATTAN,07 MANHATTAN,40.80315601423394,-73.96815263362883
32513141,2016-01-25T05:51:00.000,Snow,15I Street Condition Ice-Non Storm,Street,,,,,11232,BROOKLYN,BROOKLYN,07 BROOKLYN,40.654430121436725,-74.00756477199148
32513142,2016-01-25T10:41:00.000,Snow,E9 Snow / Icy Sidewalk,Sidewalk,1930 SOUTH RAILROAD AVENUE,SOUTH RAILROAD AVENUE,GUYON AVENUE,CHAMPLAIN AVENUE,10306,STATEN ISLAND,STATEN ISLAND,03 STATEN ISLAND,40.56286662497117,-74.12816217849272
32513143,2016-01-25T09:48:00.000,Snow,E9 Snow / Icy Sidewalk,Sidewalk,105-20 LIVERPOOL STREET,LIVERPOOL STREET,105 AVENUE,106 AVENUE,11435,Jamaica,QUEENS,12 QUEENS,40.69401809756327,-73.80520759929762
32513144,2016-01-25T09:44:00.000,Snow,E9 Snow / Icy Sidewalk,Sidewalk,243 BRISTOL STREET,BRISTOL STREET,BLAKE AVENUE,DUMONT AVENUE,11212,BROOKLYN,BROOKLYN,16 BROOKLYN,40.665122919481895,-73.91148985958829
32513145,2016-01-25T09:23:00.000,Snow,E9 Snow / Icy Sidewalk,Sidewalk,94-16 ATLANTIC AVENUE,ATLANTIC AVENUE,WOODHAVEN BOULEVARD,95 STREET,11416,Ozone Park,QUEENS,09 QUEENS,40.688250536369445,-73.84846187910222
32513146,2016-01-25T16:10:00.000,Snow,E9 Snow / Icy Sidewalk,Sidewalk,,,,,10309,STATEN ISLAND,STATEN ISLAND,03 STATEN ISLAND,40.53062059111679,-74.19453922701108
32513147,2016-01-25T16:13:00.000,Snow,E9 Snow / Icy Sidewalk,Sidewalk,2112 STARLING AVENUE,STARLING AVENUE,OLMSTEAD AVENUE,ODELL STREET,10462,BRONX,BRONX,09 BRONX,40.83608785105574,-73.85470232702936
32513148,2016-01-25T15:19:00.000,Snow,E9 Snow / Icy Sidewalk,Sidewalk,,,,,10459,BRONX,BRONX,02 BRONX,40.820998920162374,-73.89689191058075
32513149,2016-01-25T23:17:00.000,Snow,E9 Snow / Icy Sidewalk,Sidewalk,346 EAST    7 STREET,EAST    7 STREET,CHURCH AVENUE,BEVERLEY ROAD,11218,BROOKLYN,BROOKLYN,12 BROOKLYN,40.64375543346238,-73.97278703225365
32513150,2016-01-25T22:31:00.000,Snow,E9 Snow / Icy Sidewalk,Sidewalk,,,,,10467,BRONX,BRONX,12 BRONX,40.87779868838609,-73.86804860553718
32513155,2016-01-25T23:07:00.000,Snow,E9 Snow / Icy Sidewalk,Sidewalk,3911 AVENUE J,AVENUE J,EAST 39 STREET,EAST 40 STREET,11210,BROOKLYN,BROOKLYN,18 BROOKLYN,40.62753682864352,-73.93821649695015
32513156,2016-01-25T22:08:00.000,Snow,E9 Snow / Icy Sidewalk,Sidewalk,97-01 LIBERTY AVENUE,LIBERTY AVENUE,97 STREET,98 STREET,11417,Ozone Park,QUEENS,10 QUEENS,40.68077894273135,-73.84210447809329
32513157,2016-01-25T21:39:00.000,Snow,E9 Snow / Icy Sidewalk,Sidewalk,,,,,10314,STATEN ISLAND,STATEN ISLAND,01 STATEN ISLAND,40.61992463363519,-74.15357309629029
32513158,2016-01-25T20:30:00.000,Snow,E9 Snow / Icy Sidewalk,Sidewalk,311 CITY ISLAND AVENUE,CITY ISLAND AVENUE,FORDHAM STREET,BAY STREET,10464,BRONX,BRONX,10 BRONX,40.84733947136717,-73.78653817849707
32513159,2016-01-25T19:47:00.000,Snow,E9 Snow / Icy Sidewalk,Sidewalk,7423 AMBOY ROAD,AMBOY ROAD,YETMAN AVENUE,BRIGHTON STREET,10307,STATEN ISLAND,STATEN ISLAND,03 STATEN ISLAND,40.509945559255435,-74.24393057294405
32513160,2016-01-25T16:35:00.000,Snow,E9 Snow / Icy Sidewalk,Sidewalk,,,,,11230,BROOKLYN,BROOKLYN,14 BROOKLYN,40.61855818991716,-73.95503558617763
32513161,2016-01-25T16:41:00.000,Snow,E9 Snow / Icy Sidewalk,Sidewalk,74 MESEROLE AVENUE,MESEROLE AVENUE,GUERNSEY STREET,LORIMER STREET,11222,BROOKLYN,BROOKLYN,01 BROOKLYN,40.72657029621819,-73.95426277725613
32513162,2016-01-25T15:41:00.000,Snow,E9 Snow / Icy Sidewalk,Sidewalk,,,,,10023,NEW YORK,MANHATTAN,07 MANHATTAN,40.77629634336559,-73.98213844041697
32513163,2016-01-25T22:40:00.000,Snow,E9 Snow / Icy Sidewalk,Sidewalk,1420 GRAND CONCOURSE,GRAND CONCOURSE,EAST 170 STREET,EAST 171 STREET,10456,BRONX,BRONX,04 BRONX,40.83924842108658,-73.9134482849396
32513164,2016-01-25T15:38:00.000,Snow,E9 Snow / Icy Sidewalk,Sidewalk,1520 HORNELL LOOP,HORNELL LOOP,BEND,PENNSYLVANIA AVENUE,11239,BROOKLYN,BROOKLYN,05 BROOKLYN,40.64418959181014,-73.87950828805087
32513165,2016-01-25T15:03:00.000,Snow,E9 Snow / Icy Sidewalk,Sidewalk,252 BEDFORD AVENUE,BEDFORD AVENUE,NORTH 4 STREET,NORTH 3 STREET,11249,BROOKLYN,BROOKLYN,01 BROOKLYN,40.71567850212234,-73.96005275448503
32513169,2016-01-25T08:39:00.000,Snow,E9 Snow / Icy Sidewalk,Sidewalk,,,,,11375,Forest Hills,QUEENS,06 QUEENS,40.71487576967985,-73.8534479051359
32513170,2016-01-25T15:12:00.000,Snow,E9 Snow / Icy Sidewalk,Sidewalk,538 UNION AVENUE,UNION AVENUE,JACKSON STREET,WITHERS STREET,11211,BROOKLYN,BROOKLYN,01 BROOKLYN,40.71647689974502,-73.95200789879826
32513171,2016-01-25T17:07:00.000,Snow,E9 Snow / Icy Sidewalk,Sidewalk,549 EAST   86 STREET,EAST   86 STREET,HENDERSON PLACE,EAST END AVENUE,10028,NEW YORK,MANHATTAN,08 MANHATTAN,40.775112678378186,-73.9451670306169
32513172,2016-01-25T16:49:00.000,Snow,E9 Snow / Icy Sidewalk,Sidewalk,137-33 70 AVENUE,70 AVENUE,137 STREET,141 STREET,11367,Flushing,QUEENS,08 QUEENS,40.72802308656464,-73.82761475763611
32513173,2016-01-25T16:52:00.000,Snow,E9 Snow / Icy Sidewalk,Sidewalk,,,,,11204,BROOKLYN,BROOKLYN,11 BROOKLYN,40.62167101082112,-73.99125741271355
32513174,2016-01-25T16:25:00.000,Snow,E9 Snow / Icy Sidewalk,Sidewalk,340 LIVINGSTON STREET,LIVINGSTON STREET,NEVINS STREET,FLATBUSH AVENUE,11217,BROOKLYN,BROOKLYN,02 BROOKLYN,40.68784098630091,-73.98115251263668
32513175,2016-01-25T14:49:00.000,Snow,E9 Snow / Icy Sidewalk,Sidewalk,,,,,10452,BRONX,BRONX,04 BRONX,40.84064951943291,-73.91901214279734
32513176,2016-01-25T11:34:00.000,Snow,E9 Snow / Icy Sidewalk,Sidewalk,,,,,11101,Long Island City,QUEENS,01 QUEENS,40.75303720219127,-73.94061579750935
32513177,2016-01-25T11:23:00.000,Snow,E9 Snow / Icy Sidewalk,Sidewalk,301 FRANKLIN AVENUE,FRANKLIN AVENUE,DEKALB AVENUE,LAFAYETTE AVENUE,11205,BROOKLYN,BROOKLYN,03 BROOKLYN,40.689330398598436,-73.95700715157628
32513178,2016-01-25T21:49:00.000,Snow,E9 Snow / Icy Sidewalk,Sidewalk,40-18 GREENPOINT AVENUE,GREENPOINT AVENUE,40 STREET,48 AVENUE,11104,Sunnyside,QUEENS,02 QUEENS,40.73961716346991,-73.92487623055005
32513179,2016-01-25T21:09:00.000,Snow,E9 Snow / Icy Sidewalk,Sidewalk,1879 WESTCHESTER AVENUE,WESTCHESTER AVENUE,LELAND AVENUE,WHITE PLAINS ROAD,10472,BRONX,BRONX,09 BRONX,40.83287583835764,-73.8631074854151
32513180,2016-01-25T20:58:00.000,Snow,E9 Snow / Icy Sidewalk,Sidewalk,69-70 57 DRIVE,57 DRIVE,69 LANE,70 STREET,11378,Maspeth,QUEENS,05 QUEENS,40.726189180865234,-73.89285707872318
32513184,2016-01-25T14:53:00.000,Snow,E9 Snow / Icy Sidewalk,Sidewalk,91-02 182 STREET,182 STREET,91 AVENUE,JAMAICA AVENUE,11423,Hollis,QUEENS,12 QUEENS,40.709751231530255,-73.77940050202844
32513185,2016-01-25T14:30:00.000,Snow,E9 Snow / Icy Sidewalk,Sidewalk,1080 LINCOLN PLACE,LINCOLN PLACE,KINGSTON AVENUE,ALBANY AVENUE,11213,BROOKLYN,BROOKLYN,08 BROOKLYN,40.67025797579008,-73.94074717778406
32513186,2016-01-25T14:35:00.000,Snow,E9 Snow / Icy Sidewalk,Sidewalk,196-26 POMPEII AVENUE,POMPEII AVENUE,DUNTON AVENUE,BEND,11423,Hollis,QUEENS,08 QUEENS,40.71994412713793,-73.7676386408678
32513187,2016-01-25T08:24:00.000,Snow,E9 Snow / Icy Sidewalk,Sidewalk,71 MCDONALD AVENUE,MCDONALD AVENUE,TERRACE PLACE,SEELEY STREET,11218,BROOKLYN,BROOKLYN,07 BROOKLYN,40.65310313319873,-73.98137856137876
32513189,2016-01-25T23:08:00.000,Snow,E9 Snow / Icy Sidewalk,Sidewalk,85-43 144 STREET,144 STREET,85 AVENUE,85 DRIVE,11435,Jamaica,QUEENS,08 QUEENS,40.709269083159825,-73.81243827462418
32513190,2016-01-25T22:36:00.000,Snow,E9 Snow / Icy Sidewalk,Sidewalk,301 AVENUE O,AVENUE O,MC DONALD AVENUE,EAST 2 STREET,11230,BROOKLYN,BROOKLYN,12 BROOKLYN,40.611441053388575,-73.97291185669326
32513191,2016-01-25T22:20:00.000,Snow,E9 Snow / Icy Sidewalk,Sidewalk,35 MORTON STREET,MORTON STREET,BEDFORD STREET,BEND,10014,NEW YORK,MANHATTAN,02 MANHATTAN,40.73092696878945,-74.0049070511101
32513192,2016-01-25T22:10:00.000,Snow,E9 Snow / Icy Sidewalk,Sidewalk,67-10 MYRTLE AVENUE,MYRTLE AVENUE,67 STREET,67 PLACE,11385,Ridgewood,QUEENS,05 QUEENS,40.70153700982571,-73.88564395068538
32513193,2016-01-25T10:13:00.000,Snow,E9 Snow / Icy Sidewalk,Sidewalk,833 MYRTLE AVENUE,MYRTLE AVENUE,MARCY AVENUE,TOMPKINS AVENUE,11206,BROOKLYN,BROOKLYN,03 BROOKLYN,40.695434143401684,-73.9487810669809
32513194,2016-01-25T10:14:00.000,Snow,E9 Snow / Icy Sidewalk,Sidewalk,39-27 28 STREET,28 STREET,39 AVENUE,40 AVENUE,11101,Long Island City,QUEENS,01 QUEENS,40.75350387013733,-73.9356200416571
32513195,2016-01-25T09:54:00.000,Snow,E9 Snow / Icy Sidewalk,Sidewalk,1525 BEDFORD AVENUE,BEDFORD AVENUE,LINCOLN PLACE,EASTERN PARKWAY,11216,BROOKLYN,BROOKLYN,08 BROOKLYN,40.67071733888987,-73.95504368125275
32513196,2016-01-25T09:34:00.000,Snow,E9 Snow / Icy Sidewalk,Sidewalk,,,,,10016,NEW YORK,MANHATTAN,06 MANHATTAN,40.74892228690117,-73.97788704124666
32513197,2016-01-25T09:40:00.000,Snow,E9 Snow / Icy Sidewalk,Sidewalk,156 SULLIVAN STREET,SULLIVAN STREET,CONOVER STREET,FERRIS STREET,11231,BROOKLYN,BROOKLYN,06 BROOKLYN,40.67927245546357,-74.01436003377863
32513198,2016-01-25T20:21:00.000,Snow,E9 Snow / Icy Sidewalk,Sidewalk,4322 9 AVENUE,9 AVENUE,43 STREET,44 STREET,11232,BROOKLYN,BROOKLYN,12 BROOKLYN,40.64335789364093,-73.99780193178505
32513199,2016-01-25T11:59:00.000,Snow,E9 Snow / Icy Sidewalk,Sidewalk,,,,,11357,Whitestone,QUEENS,07 QUEENS,40.79136804499652,-73.80456162478556
32513200,2016-01-25T11:21:00.000,Snow,E9 Snow / Icy Sidewalk,Sidewalk,279 EAST   17 STREET,EAST   17 STREET,BEVERLEY ROAD,CORTELYOU ROAD,11226,BROOKLYN,BROOKLYN,14 BROOKLYN,40.643796610688476,-73.96297852132004
32513201,2016-01-25T11:29:00.000,Snow,E9 Snow / Icy Sidewalk,Sidewalk,534 CONEY ISLAND AVENUE,CONEY ISLAND AVENUE,HINCKLEY PLACE,BEVERLEY ROAD,11218,BROOKLYN,BROOKLYN,12 BROOKLYN,40.64441630944134,-73.97029317679552
32513202,2016-01-25T10:55:00.000,Snow,E9 Snow / Icy Sidewalk,Sidewalk,65-55 WOODHAVEN BOULEVARD,WOODHAVEN BOULEVARD,65 DRIVE,66 AVENUE,11374,Rego Park,QUEENS,06 QUEENS,40.71865719678079,-73.86393010218629
32513205,2016-01-25T08:09:00.000,Snow,E9 Snow / Icy Sidewalk,Sidewalk,110 SEVENTH AVENUE,SEVENTH AVENUE,UNION STREET,PRESIDENT STREET,11215,BROOKLYN,BROOKLYN,06 BROOKLYN,40.67398437094621,-73.97579933110909
32513207,2016-01-25T13:37:00.000,Snow,E9 Snow / Icy Sidewalk,Sidewalk,,,,,11215,BROOKLYN,BROOKLYN,06 BROOKLYN,40.67051277673899,-73.97855830689441
32513208,2016-01-25T13:19:00.000,Snow,E9 Snow / Icy Sidewalk,Sidewalk,,,,,,,BROOKLYN,Unspecified BROOKLYN,,
32513210,2016-01-25T20:32:00.000,Snow,E9 Snow / Icy Sidewalk,Sidewalk,140 CITY ISLAND AVENUE,CITY ISLAND AVENUE,REYNOLDS STREET,PELL PLACE,10464,BRONX,BRONX,10 BRONX,40.8420521840274,-73.78454205506972
32513211,2016-01-25T20:43:00.000,Snow,E9 Snow / Icy Sidewalk,Sidewalk,1509 BUSHWICK AVENUE,BUSHWICK AVENUE,FURMAN AVENUE,ABERDEEN STREET,11207,BROOKLYN,BROOKLYN,04 BROOKLYN,40.682753982293285,-73.90627811305967
32513212,2016-01-25T20:03:00.000,Snow,E9 Snow / Icy Sidewalk,Sidewalk,989 LIBERTY AVENUE,LIBERTY AVENUE,CHESTNUT STREET,DOSCHER STREET,11208,BROOKLYN,BROOKLYN,05 BROOKLYN,40.67780107680001,-73.87335828498419
32513213,2016-01-25T20:29:00.000,Snow,E9 Snow / Icy Sidewalk,Sidewalk,903 ARMSTRONG AVENUE,ARMSTRONG AVENUE,EAST READING AVENUE,EAST PERKIOMEN AVENUE,10308,STATEN ISLAND,STATEN ISLAND,03 STATEN ISLAND,40.55663257538156,-74.16129801204455
32513214,2016-01-25T19:23:00.000,Snow,E9 Snow / Icy Sidewalk,Sidewalk,94 HALSEY STREET,HALSEY STREET,NOSTRAND AVENUE,MARCY AVENUE,11216,BROOKLYN,BROOKLYN,03 BROOKLYN,40.68185874345922,-73.94931428709839
32513215,2016-01-25T09:23:00.000,Snow,E9 Snow / Icy Sidewalk,Sidewalk,625 ROCKAWAY STREET,ROCKAWAY STREET,CLERMONT AVENUE,BILLOP AVENUE,10307,STATEN ISLAND,STATEN ISLAND,03 STATEN ISLAND,40.50172022405578,-74.2395856412023
32513216,2016-01-25T09:00:00.000,Snow,E9 Snow / Icy Sidewalk,Sidewalk,,,,,11215,BROOKLYN,BROOKLYN,07 BROOKLYN,40.661349773555045,-73.99342203859905
32513217,2016-01-25T09:08:00.000,Snow,E9 Snow / Icy Sidewalk,Sidewalk,118 WEST   25 STREET,WEST   25 STREET,AVENUE OF THE AMERICAS,7 AVENUE,10001,NEW YORK,MANHATTAN,04 MANHATTAN,40.744513364500804,-73.99266679318136
32513218,2016-01-25T09:14:00.000,Snow,E9 Snow / Icy Sidewalk,Sidewalk,3725 BLACKSTONE AVENUE,BLACKSTONE AVENUE,WEST 238 STREET,WEST 239 STREET,10463,BRONX,BRONX,08 BRONX,40.889011125229565,-73.9115679076131
32513219,2016-01-25T09:14:00.000,Snow,E9 Snow / Icy Sidewalk,Sidewalk,231 WEST  149 STREET,WEST  149 STREET,7 AVENUE,8 AVENUE,10039,NEW YORK,MANHATTAN,10 MANHATTAN,40.82465428808968,-73.93830808164087
32513220,2016-01-25T08:47:00.000,Snow,E9 Snow / Icy Sidewalk,Sidewalk,,,,,10034,NEW YORK,MANHATTAN,12 MANHATTAN,40.867816992848674,-73.92362504351495
32513222,2016-01-25T10:12:00.000,Snow,E9 Snow / Icy Sidewalk,Sidewalk,66 6 AVENUE,6 AVENUE,DEAN STREET,BERGEN STREET,11217,BROOKLYN,BROOKLYN,06 BROOKLYN,40.680818574588585,-73.97448447998998
32513223,2016-01-25T09:52:00.000,Snow,E9 Snow / Icy Sidewalk,Sidewalk,70-29 KISSENA BOULEVARD,KISSENA BOULEVARD,JEWEL AVENUE,70 ROAD,11367,Flushing,QUEENS,08 QUEENS,40.73118463031586,-73.81496363078158
32513224,2016-01-25T09:23:00.000,Snow,E9 Snow / Icy Sidewalk,Sidewalk,,,,,11694,Rockaway Park,QUEENS,14 QUEENS,40.57951247064039,-73.8381031394337
32513225,2016-01-25T09:06:00.000,Snow,E9 Snow / Icy Sidewalk,Sidewalk,227 24 STREET,24 STREET,3 AVENUE,4 AVENUE,11232,BROOKLYN,BROOKLYN,07 BROOKLYN,40.66145699258097,-73.99811491543049
32513228,2016-01-25T13:12:00.000,Snow,E9 Snow / Icy Sidewalk,Sidewalk,874 GREENE AVENUE,GREENE AVENUE,STUYVESANT AVENUE,MALCOLM X BOULEVARD,11221,BROOKLYN,BROOKLYN,03 BROOKLYN,40.6905045496586,-73.93279972501858
32513231,2016-01-25T12:53:00.000,Snow,E9 Snow / Icy Sidewalk,Sidewalk,104 BAYARD STREET,BAYARD STREET,MULBERRY STREET,BAXTER STREET,10013,NEW YORK,MANHATTAN,03 MANHATTAN,40.71610812583315,-73.9998484924085
32513232,2016-01-25T18:02:00.000,Snow,E9 Snow / Icy Sidewalk,Sidewalk,1491 1 AVENUE,1 AVENUE,EAST 77 STREET,EAST 78 STREET,10075,NEW YORK,MANHATTAN,08 MANHATTAN,40.77150419003744,-73.95331128434535
32513233,2016-01-25T10:31:00.000,Snow,E9 Snow / Icy Sidewalk,Sidewalk,73-14 37 AVENUE,37 AVENUE,73 STREET,74 STREET,11372,Jackson Heights,QUEENS,03 QUEENS,40.748879703195854,-73.89246689352302
32513234,2016-01-25T10:22:00.000,Snow,E9 Snow / Icy Sidewalk,Sidewalk,,,,,11416,Ozone Park,QUEENS,09 QUEENS,40.686139512904845,-73.84617344634198
32513235,2016-01-25T10:29:00.000,Snow,E9 Snow / Icy Sidewalk,Sidewalk,251 5 AVENUE,5 AVENUE,CARROLL STREET,GARFIELD PLACE,11215,BROOKLYN,BROOKLYN,06 BROOKLYN,40.674822598331005,-73.98158159233171
32513236,2016-01-25T09:52:00.000,Snow,E9 Snow / Icy Sidewalk,Sidewalk,156-11 NORTHERN BOULEVARD,NORTHERN BOULEVARD,156 STREET,157 STREET,11354,Flushing,QUEENS,07 QUEENS,40.76401851732815,-73.808930472407
32513237,2016-01-25T09:54:00.000,Snow,E9 Snow / Icy Sidewalk,Sidewalk,516 FAIRVIEW AVENUE,FAIRVIEW AVENUE,GREENE AVENUE,BLEECKER STREET,11385,Ridgewood,QUEENS,05 QUEENS,40.70838383382484,-73.90869116820112
32513238,2016-01-25T09:56:00.000,Snow,E9 Snow / Icy Sidewalk,Sidewalk,60 WEST  104 STREET,WEST  104 STREET,MANHATTAN AVENUE,COLUMBUS AVENUE,10025,NEW YORK,MANHATTAN,07 MANHATTAN,40.79761016676655,-73.96312413246972
32513242,2016-01-25T15:19:00.000,Snow,E9 Snow / Icy Sidewalk,Sidewalk,325 ST MARKS PLACE,ST MARKS PLACE,FORT PLACE,HYATT STREET,10301,STATEN ISLAND,STATEN ISLAND,01 STATEN ISLAND,40.64185473971983,-74.0780404840488
32513243,2016-01-25T15:29:00.000,Snow,E9 Snow / Icy Sidewalk,Sidewalk,328 EAST   18 STREET,EAST   18 STREET,2 AVENUE,1 AVENUE,10003,NEW YORK,MANHATTAN,06 MANHATTAN,40.734480169054166,-73.98229398238581
32513244,2016-01-25T08:31:00.000,Snow,E9 Snow / Icy Sidewalk,Sidewalk,63-17 ROOSEVELT AVENUE,ROOSEVELT AVENUE,63 STREET,64 STREET,11377,Woodside,QUEENS,02 QUEENS,40.74586797560581,-73.90082283613205
32513247,2016-01-25T08:49:00.000,Snow,E9 Snow / Icy Sidewalk,Sidewalk,39-32 215 PLACE,215 PLACE,39 AVENUE,40 AVENUE,11361,Bayside,QUEENS,11 QUEENS,40.765540852572826,-73.7680210639901
32513249,2016-01-25T18:03:00.000,Snow,E9 Snow / Icy Sidewalk,Sidewalk,213-50 34 ROAD,34 ROAD,BELL BOULEVARD,DEAD END,11361,Bayside,QUEENS,11 QUEENS,40.769718790495006,-73.77375762297548
32513250,2016-01-25T17:46:00.000,Snow,E9 Snow / Icy Sidewalk,Sidewalk,3904 CHURCH AVENUE,CHURCH AVENUE,EAST 39 STREET,EAST 40 STREET,11203,BROOKLYN,BROOKLYN,17 BROOKLYN,40.651228438732744,-73.9407929089129
32513254,2016-01-25T17:56:00.000,Snow,E9 Snow / Icy Sidewalk,Sidewalk,143 BERKELEY PLACE,BERKELEY PLACE,6 AVENUE,7 AVENUE,11217,BROOKLYN,BROOKLYN,06 BROOKLYN,40.67545010492997,-73.97591416322575
32513255,2016-01-25T12:32:00.000,Snow,E9 Snow / Icy Sidewalk,Sidewalk,,,,,11211,BROOKLYN,BROOKLYN,01 BROOKLYN,40.71286471786822,-73.94012855158668
32513258,2016-01-25T16:52:00.000,Snow,E9 Snow / Icy Sidewalk,Sidewalk,2162 HOMECREST AVENUE,HOMECREST AVENUE,AVENUE U,AVENUE V,11229,BROOKLYN,BROOKLYN,15 BROOKLYN,40.59726827808645,-73.95895690350815
32513259,2016-01-25T09:38:00.000,Snow,E9 Snow / Icy Sidewalk,Sidewalk,48 LAIGHT STREET,LAIGHT STREET,PEDESTRIAN OVERPASS,HUDSON STREET,10013,NEW YORK,MANHATTAN,01 MANHATTAN,40.721959670545054,-74.00806668379666
32513261,2016-01-25T08:53:00.000,Snow,E9 Snow / Icy Sidewalk,Sidewalk,99 MARYLAND AVENUE,MARYLAND AVENUE,ABBOTT STREET,BAY STREET,10305,STATEN ISLAND,STATEN ISLAND,01 STATEN ISLAND,40.61351723821128,-74.0652858654562
32513262,2016-01-25T08:54:00.000,Snow,E9 Snow / Icy Sidewalk,Sidewalk,,,,,11210,BROOKLYN,BROOKLYN,17 BROOKLYN,40.63183843627483,-73.9446290467788
32513263,2016-01-25T15:33:00.000,Snow,E9 Snow / Icy Sidewalk,Sidewalk,1333 EAST   14 STREET,EAST   14 STREET,ELM AVENUE,AVENUE N,11230,BROOKLYN,BROOKLYN,14 BROOKLYN,40.61688047214937,-73.96075663135923
32513266,2016-01-25T08:38:00.000,Snow,E9 Snow / Icy Sidewalk,Sidewalk,67-38 108 STREET,108 STREET,67 ROAD,67 DRIVE,11375,Forest Hills,QUEENS,06 QUEENS,40.7279517377297,-73.84705468969176
32513274,2016-01-25T08:36:00.000,Snow,E9 Snow / Icy Sidewalk,Sidewalk,1717 AVENUE S,AVENUE S,EAST 17 STREET,EAST 18 STREET,11229,BROOKLYN,BROOKLYN,15 BROOKLYN,40.60371987175789,-73.95514281322562
32513275,2016-01-25T08:41:00.000,Snow,E9 Snow / Icy Sidewalk,Sidewalk,,,,,11217,BROOKLYN,BROOKLYN,02 BROOKLYN,40.68185170639119,-73.98003650949708
32513276,2016-01-25T16:55:00.000,Snow,E9 Snow / Icy Sidewalk,Sidewalk,325 ASHFORD STREET,ASHFORD STREET,GLENMORE AVENUE,PITKIN AVENUE,11207,BROOKLYN,BROOKLYN,05 BROOKLYN,40.67434688073339,-73.88523272867853
32513278,2016-01-25T12:00:00.000,Snow,E9 Snow / Icy Sidewalk,Sidewalk,1202 EAST   73 STREET,EAST   73 STREET,AVENUE L,AVENUE M,11234,BROOKLYN,BROOKLYN,18 BROOKLYN,40.62677986685837,-73.9135941322978
32513279,2016-01-25T11:55:00.000,Snow,E9 Snow / Icy Sidewalk,Sidewalk,805 PROSPECT PLACE,PROSPECT PLACE,NOSTRAND AVENUE,NEW YORK AVENUE,11216,BROOKLYN,BROOKLYN,08 BROOKLYN,40.67428872663597,-73.94947505782707
32513281,2016-01-25T16:12:00.000,Snow,E9 Snow / Icy Sidewalk,Sidewalk,1 LINDEN STREET,LINDEN STREET,BROADWAY,BUSHWICK AVENUE,11221,BROOKLYN,BROOKLYN,04 BROOKLYN,40.69014407033116,-73.92260615204492
32513282,2016-01-25T15:48:00.000,Snow,E9 Snow / Icy Sidewalk,Sidewalk,,,,,11101,Long Island City,QUEENS,02 QUEENS,40.73780838871821,-73.92923733756291
32513283,2016-01-25T15:38:00.000,Snow,E9 Snow / Icy Sidewalk,Sidewalk,3712 KINGS HIGHWAY,KINGS HIGHWAY,EAST 37 STREET,EAST 38 STREET,11234,BROOKLYN,BROOKLYN,18 BROOKLYN,40.621624917102885,-73.93890639070553
32513284,2016-01-25T15:41:00.000,Snow,E9 Snow / Icy Sidewalk,Sidewalk,69-09 KISSENA BOULEVARD,KISSENA BOULEVARD,MELBOURNE AVENUE,JEWEL AVENUE,11367,Flushing,QUEENS,08 QUEENS,40.73349547063561,-73.814809274588
32513286,2016-01-25T15:08:00.000,Snow,E9 Snow / Icy Sidewalk,Sidewalk,18-15 160 STREET,160 STREET,18 AVENUE,BEND,11357,Whitestone,QUEENS,07 QUEENS,40.78150897974028,-73.8029728903496
32513287,2016-01-25T15:13:00.000,Snow,E9 Snow / Icy Sidewalk,Sidewalk,,,,,10028,NEW YORK,MANHATTAN,08 MANHATTAN,40.775562414854136,-73.95033696063639
32513288,2016-01-25T14:46:00.000,Snow,E9 Snow / Icy Sidewalk,Sidewalk,807 MANHATTAN AVENUE,MANHATTAN AVENUE,MESEROLE AVENUE,CALYER STREET,11222,BROOKLYN,BROOKLYN,01 BROOKLYN,40.72790380235567,-73.95315421749305
32513294,2016-01-25T07:27:00.000,Snow,E9 Snow / Icy Sidewalk,Sidewalk,,,,,10460,BRONX,BRONX,11 BRONX,40.84117569483695,-73.87009093646701
32513295,2016-01-25T13:31:00.000,Snow,E9 Snow / Icy Sidewalk,Sidewalk,456 ANNADALE ROAD,ANNADALE ROAD,GENESEE AVENUE,NOTUS AVENUE,10312,STATEN ISLAND,STATEN ISLAND,03 STATEN ISLAND,40.551309117820146,-74.17527227041836
32513297,2016-01-25T08:22:00.000,Snow,E9 Snow / Icy Sidewalk,Sidewalk,1208 VIRGINIA AVENUE,VIRGINIA AVENUE,GLEASON AVENUE,ELLIS AVENUE,10472,BRONX,BRONX,09 BRONX,40.83089398198213,-73.86067241581175
32513298,2016-01-25T08:26:00.000,Snow,E9 Snow / Icy Sidewalk,Sidewalk,1675 WOODBINE STREET,WOODBINE STREET,ST NICHOLAS AVENUE,CYPRESS AVENUE,11385,Ridgewood,QUEENS,05 QUEENS,40.70071218913509,-73.90866200407376
32513299,2016-01-25T08:04:00.000,Snow,E9 Snow / Icy Sidewalk,Sidewalk,42 WEST  119 STREET,WEST  119 STREET,5 AVENUE,LENOX AVENUE,10026,NEW YORK,MANHATTAN,10 MANHATTAN,40.803131452501766,-73.94633231097696
32513303,2016-01-25T10:30:00.000,Snow,E9 Snow / Icy Sidewalk,Sidewalk,,,,,11236,BROOKLYN,BROOKLYN,18 BROOKLYN,40.63318471992295,-73.90813473797762
32513304,2016-01-25T09:48:00.000,Snow,E9 Snow / Icy Sidewalk,Sidewalk,92-05 VANDEVEER STREET,VANDEVEER STREET,214 PLACE,92 ROAD,11428,Queens Village,QUEENS,13 QUEENS,40.72083736748787,-73.74486439606514
32513305,2016-01-25T09:12:00.000,Snow,E9 Snow / Icy Sidewalk,Sidewalk,,,,,10309,STATEN ISLAND,STATEN ISLAND,03 STATEN ISLAND,40.54429845087133,-74.21580759273286
32513308,2016-01-25T14:42:00.000,Snow,E9 Snow / Icy Sidewalk,Sidewalk,21-73 33 STREET,33 STREET,21 AVENUE,DITMARS BOULEVARD,11105,Astoria,QUEENS,01 QUEENS,40.775976230642655,-73.90885844767782
32513309,2016-01-25T08:28:00.000,Snow,E9 Snow / Icy Sidewalk,Sidewalk,,,,,10314,STATEN ISLAND,STATEN ISLAND,01 STATEN ISLAND,40.61352580067004,-74.11684178412183
32513310,2016-01-25T08:06:00.000,Snow,E9 Snow / Icy Sidewalk,Sidewalk,69 COLTON STREET,COLTON STREET,VIRGINIA AVENUE,CLIFTON AVENUE,10305,STATEN ISLAND,STATEN ISLAND,01 STATEN ISLAND,40.609434329229295,-74.07645751527902
32513311,2016-01-25T14:17:00.000,Snow,E9 Snow / Icy Sidewalk,Sidewalk,438 NEW LOTS AVENUE,NEW LOTS AVENUE,NEW JERSEY AVENUE,VERMONT STREET,11207,BROOKLYN,BROOKLYN,05 BROOKLYN,40.66250107305141,-73.89157167097292
32513313,2016-01-25T14:22:00.000,Snow,E9 Snow / Icy Sidewalk,Sidewalk,90-19 53 AVENUE,53 AVENUE,90 STREET,92 STREET,11373,Elmhurst,QUEENS,04 QUEENS,40.738218637280866,-73.87314601984662
32513314,2016-01-25T13:34:00.000,Snow,E9 Snow / Icy Sidewalk,Sidewalk,71 EAST   94 STREET,EAST   94 STREET,MADISON AVENUE,PARK AVENUE,10128,NEW YORK,MANHATTAN,08 MANHATTAN,40.78560156214772,-73.95432333711615
32513315,2016-01-25T13:15:00.000,Snow,E9 Snow / Icy Sidewalk,Sidewalk,180 54 STREET,54 STREET,1 AVENUE,2 AVENUE,11220,BROOKLYN,BROOKLYN,07 BROOKLYN,40.647218109045134,-74.01987384862343
32513316,2016-01-25T13:16:00.000,Snow,E9 Snow / Icy Sidewalk,Sidewalk,3344 GILES PLACE,GILES PLACE,CANNON PLACE,BEND,10463,BRONX,BRONX,08 BRONX,40.88004656322483,-73.89778033407731
32513318,2016-01-25T14:05:00.000,Snow,E9 Snow / Icy Sidewalk,Sidewalk,945 MANHATTAN AVENUE,MANHATTAN AVENUE,KENT STREET,JAVA STREET,11222,BROOKLYN,BROOKLYN,01 BROOKLYN,40.73150820120929,-73.9544867019434
32513322,2016-01-25T13:21:00.000,Snow,E9 Snow / Icy Sidewalk,Sidewalk,71-22 35 AVENUE,35 AVENUE,71 STREET,72 STREET,11372,Jackson Heights,QUEENS,03 QUEENS,40.75073713942023,-73.89461497929214
32513323,2016-01-25T17:20:00.000,Snow,E9 Snow / Icy Sidewalk,Sidewalk,678 GREENWICH STREET,GREENWICH STREET,BARROW STREET,CHRISTOPHER STREET,10014,NEW YORK,MANHATTAN,02 MANHATTAN,40.73257641973674,-74.00760611750015
32513324,2016-01-25T17:25:00.000,Snow,E9 Snow / Icy Sidewalk,Sidewalk,240-04 67 AVENUE,67 AVENUE,DOUGLASTON PARKWAY,242 STREET,11362,Little Neck,QUEENS,11 QUEENS,40.75137761270031,-73.73962229456637
32513325,2016-01-25T14:23:00.000,Snow,E9 Snow / Icy Sidewalk,Sidewalk,239 MCKINLEY AVENUE,MCKINLEY AVENUE,SHERIDAN AVENUE,GRANT AVENUE,11208,BROOKLYN,BROOKLYN,05 BROOKLYN,40.680492164504535,-73.8671266470121
32513326,2016-01-25T14:28:00.000,Snow,E9 Snow / Icy Sidewalk,Sidewalk,2477 BROADWAY,BROADWAY,WEST 92 STREET,WEST 93 STREET,10025,NEW YORK,MANHATTAN,07 MANHATTAN,40.79219219938307,-73.97358949374544
32513327,2016-01-25T13:58:00.000,Snow,E9 Snow / Icy Sidewalk,Sidewalk,47-52 GLENWOOD STREET,GLENWOOD STREET,WALDEN AVENUE,IOWA ROAD,11362,Little Neck,QUEENS,11 QUEENS,40.77042703254509,-73.73160519444212
32513333,2016-01-25T12:54:00.000,Snow,E9 Snow / Icy Sidewalk,Sidewalk,320 WEST   31 STREET,WEST   31 STREET,8 AVENUE,9 AVENUE,10001,NEW YORK,MANHATTAN,04 MANHATTAN,40.75062332739477,-73.99567979643504
32513334,2016-01-25T18:34:00.000,Snow,E9 Snow / Icy Sidewalk,Sidewalk,5020 4 AVENUE,4 AVENUE,50 STREET,51 STREET,11220,BROOKLYN,BROOKLYN,07 BROOKLYN,40.646310595256786,-74.01275656697433
32513335,2016-01-25T12:31:00.000,Snow,E9 Snow / Icy Sidewalk,Sidewalk,160-02 ARCHER AVENUE,ARCHER AVENUE,160 STREET,UNION HALL STREET,11433,Jamaica,QUEENS,12 QUEENS,40.70277560777778,-73.79821764352154
32513336,2016-01-25T12:19:00.000,Snow,E9 Snow / Icy Sidewalk,Sidewalk,,,,,10075,NEW YORK,MANHATTAN,08 MANHATTAN,40.77102399632221,-73.95364737877979
32513338,2016-01-25T17:03:00.000,Snow,E9 Snow / Icy Sidewalk,Sidewalk,104 EAST   10 STREET,EAST   10 STREET,3 AVENUE,2 AVENUE,10003,NEW YORK,MANHATTAN,03 MANHATTAN,40.73055597512664,-73.98868137230446
32513339,2016-01-25T17:11:00.000,Snow,E9 Snow / Icy Sidewalk,Sidewalk,419 EAST    9 STREET,EAST    9 STREET,1 AVENUE,AVENUE A,10009,NEW YORK,MANHATTAN,03 MANHATTAN,40.72782438617007,-73.98398788306746
32513340,2016-01-25T13:28:00.000,Snow,E9 Snow / Icy Sidewalk,Sidewalk,,,,,11249,BROOKLYN,BROOKLYN,01 BROOKLYN,40.70047334020476,-73.96251787697852
32513341,2016-01-25T13:12:00.000,Snow,E9 Snow / Icy Sidewalk,Sidewalk,,,,,11385,Ridgewood,QUEENS,05 QUEENS,40.69759133762763,-73.90192966673123
32513343,2016-01-25T13:37:00.000,Snow,E9 Snow / Icy Sidewalk,Sidewalk,89-02 FRANCIS LEWIS BOULEVARD,FRANCIS LEWIS BOULEVARD,89 AVENUE,90 AVENUE,11427,Queens Village,QUEENS,12 QUEENS,40.719339971444654,-73.7581602063227
32513344,2016-01-25T13:43:00.000,Snow,E9 Snow / Icy Sidewalk,Sidewalk,1900 LEXINGTON AVENUE,LEXINGTON AVENUE,EAST 118 STREET,EAST 119 STREET,10035,NEW YORK,MANHATTAN,11 MANHATTAN,40.80005453928576,-73.94058468907889
32513345,2016-01-25T13:24:00.000,Snow,E9 Snow / Icy Sidewalk,Sidewalk,1619 BOSTON ROAD,BOSTON ROAD,SEABURY PLACE,EAST 173 STREET,10460,BRONX,BRONX,03 BRONX,40.835899541946766,-73.89045789868408
32513346,2016-01-25T17:22:00.000,Snow,E9 Snow / Icy Sidewalk,Sidewalk,2047 86 STREET,86 STREET,BAY 25 STREET,BAY 26 STREET,11214,BROOKLYN,BROOKLYN,11 BROOKLYN,40.60390151032726,-73.9970649722952
32513347,2016-01-25T17:24:00.000,Snow,E9 Snow / Icy Sidewalk,Sidewalk,300 EAST   39 STREET,EAST   39 STREET,2 AVENUE,QUEENS MIDTOWN TUNNEL APPROACH,10016,NEW YORK,MANHATTAN,06 MANHATTAN,40.74786188379588,-73.97348075153702
32513348,2016-01-25T17:05:00.000,Snow,E9 Snow / Icy Sidewalk,Sidewalk,253 73 STREET,73 STREET,RIDGE BOULEVARD,3 AVENUE,11209,BROOKLYN,BROOKLYN,10 BROOKLYN,40.63314926322682,-74.02851287069367
32513349,2016-01-25T17:10:00.000,Snow,E9 Snow / Icy Sidewalk,Sidewalk,1959 BRUCKNER BOULEVARD,BRUCKNER BOULEVARD,VIRGINIA AVENUE,BRUCKNER EXPRESSWAY EXIT 53 WB,10472,BRONX,BRONX,09 BRONX,40.826526523948715,-73.8579209886768
32513351,2016-01-25T12:19:00.000,Snow,E9 Snow / Icy Sidewalk,Sidewalk,117-14 PARK LN SOUTH,PARK LN SOUTH,METROPOLITAN AVENUE,ABINGDON ROAD,11418,Richmond Hill,QUEENS,09 QUEENS,40.708485434291006,-73.83674389539254
32513352,2016-01-25T12:20:00.000,Snow,E9 Snow / Icy Sidewalk,Sidewalk,108-30 175 STREET,175 STREET,108 AVENUE,109 AVENUE,11433,Jamaica,QUEENS,12 QUEENS,40.699812185654686,-73.78072089353331
32513356,2016-01-25T16:58:00.000,Snow,E9 Snow / Icy Sidewalk,Sidewalk,278 EAST  240 STREET,EAST  240 STREET,VAN CORTLANDT PARK EAST,KATONAH AVENUE,10470,BRONX,BRONX,12 BRONX,40.90090671976649,-73.86849107280003
32513357,2016-01-25T16:34:00.000,Snow,E9 Snow / Icy Sidewalk,Sidewalk,2426 UNIVERSITY AVENUE,UNIVERSITY AVENUE,WEST FORDHAM ROAD,WEST 188 STREET,10468,BRONX,BRONX,07 BRONX,40.86347707629327,-73.90446522143375
32513359,2016-01-25T18:38:00.000,Snow,E9 Snow / Icy Sidewalk,Sidewalk,1921 POWELL AVENUE,POWELL AVENUE,VIRGINIA AVENUE,PUGSLEY AVENUE,10472,BRONX,BRONX,09 BRONX,40.83002007372979,-73.85977448329129
32513360,2016-01-25T17:45:00.000,Snow,E9 Snow / Icy Sidewalk,Sidewalk,295 EAST    8 STREET,EAST    8 STREET,AVENUE B,AVENUE C,10009,NEW YORK,MANHATTAN,03 MANHATTAN,40.72549351418663,-73.98029041560305
32513361,2016-01-25T17:30:00.000,Snow,E9 Snow / Icy Sidewalk,Sidewalk,,,,,11214,BROOKLYN,BROOKLYN,13 BROOKLYN,40.58452514249347,-73.98586195117586
32513362,2016-01-25T17:35:00.000,Snow,E9 Snow / Icy Sidewalk,Sidewalk,277 EAST    7 STREET,EAST    7 STREET,AVENUE C,AVENUE D,10009,NEW YORK,MANHATTAN,03 MANHATTAN,40.723464601169844,-73.97736876089901
32513368,2016-01-25T17:56:00.000,Snow,E9 Snow / Icy Sidewalk,Sidewalk,86-57 GRAND AVENUE,GRAND AVENUE,VAN LOON STREET,SEABURY STREET,11373,Elmhurst,QUEENS,04 QUEENS,40.736160906411364,-73.87902443351618
32513369,2016-01-25T12:32:00.000,Snow,E9 Snow / Icy Sidewalk,Sidewalk,847 PACIFIC STREET,PACIFIC STREET,VANDERBILT AVENUE,UNDERHILL AVENUE,11238,BROOKLYN,BROOKLYN,08 BROOKLYN,40.680860638272435,-73.96717628333417
32513370,2016-01-25T12:41:00.000,Snow,E9 Snow / Icy Sidewalk,Sidewalk,446 KOSCIUSZKO STREET,KOSCIUSZKO STREET,LEWIS AVENUE,STUYVESANT AVENUE,11221,BROOKLYN,BROOKLYN,03 BROOKLYN,40.69237012489659,-73.93609376561345
32513371,2016-01-25T12:18:00.000,Snow,E9 Snow / Icy Sidewalk,Sidewalk,1087 PACIFIC STREET,PACIFIC STREET,CLASSON AVENUE,NYCTA SUBWAY,11238,BROOKLYN,BROOKLYN,08 BROOKLYN,40.67880983025194,-73.95739249112152
32513373,2016-01-25T16:22:00.000,Snow,E9 Snow / Icy Sidewalk,Sidewalk,1424 ALLERTON AVENUE,ALLERTON AVENUE,MORGAN AVENUE,FENTON AVENUE,10469,BRONX,BRONX,11 BRONX,40.865237961759895,-73.8451626255507
32513374,2016-01-25T16:24:00.000,Snow,E9 Snow / Icy Sidewalk,Sidewalk,523 WEST  147 STREET,WEST  147 STREET,AMSTERDAM AVENUE,BROADWAY,10031,NEW YORK,MANHATTAN,09 MANHATTAN,40.826893035647096,-73.94749470502168
32513375,2016-01-25T12:29:00.000,Snow,E9 Snow / Icy Sidewalk,Sidewalk,97 MARYLAND AVENUE,MARYLAND AVENUE,ABBOTT STREET,BAY STREET,10305,STATEN ISLAND,STATEN ISLAND,01 STATEN ISLAND,40.613528229654975,-74.06526426551783
32513376,2016-01-25T12:02:00.000,Snow,E9 Snow / Icy Sidewalk,Sidewalk,31-00 31 STREET,31 STREET,31 AVENUE,BROADWAY,11106,Astoria,QUEENS,01 QUEENS,40.76399802293381,-73.92375492527687
32513379,2016-01-25T11:47:00.000,Snow,E9 Snow / Icy Sidewalk,Sidewalk,141-21 85 ROAD,85 ROAD,84 DRIVE,BEND,11435,Jamaica,QUEENS,08 QUEENS,40.70957354564599,-73.81570894706734
32513380,2016-01-25T11:50:00.000,Snow,E9 Snow / Icy Sidewalk,Sidewalk,192 PROSPECT PARK WEST,PROSPECT PARK WEST,BEND,15 STREET,11215,BROOKLYN,BROOKLYN,06 BROOKLYN,40.661274067763195,-73.97973629735837
32513382,2016-01-25T12:16:00.000,Snow,E9 Snow / Icy Sidewalk,Sidewalk,504 EAST   88 STREET,EAST   88 STREET,YORK AVENUE,EAST END AVENUE,10128,NEW YORK,MANHATTAN,08 MANHATTAN,40.777050746064916,-73.94576479859445
32513383,2016-01-25T16:56:00.000,Snow,E9 Snow / Icy Sidewalk,Sidewalk,251-73 JAMAICA AVENUE,JAMAICA AVENUE,CITY LIMIT,CITY LIMIT,11426,Bellerose,QUEENS,13 QUEENS,40.727077596032174,-73.71171244791071
32513385,2016-01-25T16:36:00.000,Snow,E9 Snow / Icy Sidewalk,Sidewalk,576 EASTERN PARKWAY,EASTERN PARKWAY,NOSTRAND AVENUE,NEW YORK AVENUE,11225,BROOKLYN,BROOKLYN,09 BROOKLYN,40.66978996683012,-73.9493126440319
32513386,2016-01-25T12:26:00.000,Snow,E9 Snow / Icy Sidewalk,Sidewalk,26-20 DITMARS BOULEVARD,DITMARS BOULEVARD,26 STREET,27 STREET,11105,Astoria,QUEENS,01 QUEENS,40.778123475076086,-73.91353495647226
32513390,2016-01-25T16:51:00.000,Snow,E9 Snow / Icy Sidewalk,Sidewalk,613 4 AVENUE,4 AVENUE,17 STREET,18 STREET,11215,BROOKLYN,BROOKLYN,07 BROOKLYN,40.66459411821075,-73.9937100816761
32513391,2016-01-25T16:30:00.000,Snow,E9 Snow / Icy Sidewalk,Sidewalk,,,,,11103,Astoria,QUEENS,01 QUEENS,40.758603059319334,-73.9137840929582
32513392,2016-01-25T16:18:00.000,Snow,E9 Snow / Icy Sidewalk,Sidewalk,2950 AVENUE Z,AVENUE Z,HARING STREET,BROWN STREET,11235,BROOKLYN,BROOKLYN,15 BROOKLYN,40.589678119930014,-73.93869798508807
32513394,2016-01-25T11:50:00.000,Snow,E9 Snow / Icy Sidewalk,Sidewalk,94-85 158 STREET,158 STREET,BEAVER ROAD,LIBERTY AVENUE,11433,Jamaica,QUEENS,12 QUEENS,40.70004367586667,-73.79928260616775
32513395,2016-01-25T16:01:00.000,Snow,E9 Snow / Icy Sidewalk,Sidewalk,285 VANDERBILT AVENUE,VANDERBILT AVENUE,PARK HILL LANE,OSGOOD AVENUE,10304,STATEN ISLAND,STATEN ISLAND,01 STATEN ISLAND,40.618105008214144,-74.08066020834863
32513396,2016-01-25T15:53:00.000,Snow,E9 Snow / Icy Sidewalk,Sidewalk,1079 LORIMER STREET,LORIMER STREET,MESEROLE AVENUE,CALYER STREET,11222,BROOKLYN,BROOKLYN,01 BROOKLYN,40.72750888058851,-73.95395545806893
32513397,2016-01-25T12:00:00.000,Snow,E9 Snow / Icy Sidewalk,Sidewalk,50-17 96 STREET,96 STREET,50 AVENUE,51 AVENUE,11368,Corona,QUEENS,04 QUEENS,40.74127724617943,-73.8666986841409
32513399,2016-01-25T11:08:00.000,Snow,E9 Snow / Icy Sidewalk,Sidewalk,153-02 111 ROAD,111 ROAD,153 STREET,155 STREET,11433,Jamaica,QUEENS,12 QUEENS,40.68842463476572,-73.79438840441686
32513401,2016-01-25T16:26:00.000,Snow,E9 Snow / Icy Sidewalk,Sidewalk,,,,,11210,BROOKLYN,BROOKLYN,14 BROOKLYN,40.61422367854502,-73.94742786353372
32513402,2016-01-25T16:12:00.000,Snow,E9 Snow / Icy Sidewalk,Sidewalk,328 WEST   12 STREET,WEST   12 STREET,GREENWICH STREET,WASHINGTON STREET,10014,NEW YORK,MANHATTAN,02 MANHATTAN,40.73754173248058,-74.00674425663172
32513403,2016-01-25T16:14:00.000,Snow,E9 Snow / Icy Sidewalk,Sidewalk,1111 43 STREET,43 STREET,FT HAMILTON PARKWAY,12 AVENUE,11219,BROOKLYN,BROOKLYN,12 BROOKLYN,40.64091482991267,-73.99279348281952
32513410,2016-01-25T09:50:00.000,Snow,E9 Snow / Icy Sidewalk,Sidewalk,92 VANDEVEER STREET,VANDEVEER STREET,BUSHWICK AVENUE,CEMETERY OF EVERGRNS BOUNDARY,11207,BROOKLYN,BROOKLYN,04 BROOKLYN,40.68201070219607,-73.90362552348365
32513411,2016-01-25T12:02:00.000,Snow,E9 Snow / Icy Sidewalk,Sidewalk,79 HALSEY STREET,HALSEY STREET,ARLINGTON PLACE,NOSTRAND AVENUE,11216,BROOKLYN,BROOKLYN,03 BROOKLYN,40.68174122534736,-73.9504789416623
32513412,2016-01-25T10:37:00.000,Snow,E9 Snow / Icy Sidewalk,Sidewalk,66-46 70 STREET,70 STREET,66 ROAD,66 DRIVE,11379,Middle Village,QUEENS,05 QUEENS,40.71343506891674,-73.88514017524494
32515125,2016-01-25T22:53:00.000,Snow,E9 Snow / Icy Sidewalk,Sidewalk,,,,,10461,BRONX,BRONX,10 BRONX,40.8413195255728,-73.82703204687765
32515128,2016-01-25T22:53:00.000,Snow,E9 Snow / Icy Sidewalk,Sidewalk,,,,,,,QUEENS,04 QUEENS,,
32515129,2016-01-25T22:22:00.000,Snow,E9 Snow / Icy Sidewalk,Sidewalk,,,,,11210,BROOKLYN,BROOKLYN,14 BROOKLYN,40.632885637657495,-73.94769778544028
32515130,2016-01-25T15:37:00.000,Snow,E9 Snow / Icy Sidewalk,Sidewalk,6-03 WHITESTONE EXPRESSWAY,WHITESTONE EXPRESSWAY,6 AVENUE,7 AVENUE,11357,Whitestone,QUEENS,07 QUEENS,40.79361982996135,-73.82398144347646
32515131,2016-01-25T15:11:00.000,Snow,E9 Snow / Icy Sidewalk,Sidewalk,,,,,10308,STATEN ISLAND,STATEN ISLAND,03 STATEN ISLAND,40.56377386087707,-74.1558518149881
32515136,2016-01-25T23:47:00.000,Snow,E9 Snow / Icy Sidewalk,Sidewalk,243 4 AVENUE,4 AVENUE,PRESIDENT STREET,CARROLL STREET,11215,BROOKLYN,BROOKLYN,06 BROOKLYN,40.67643684460325,-73.9836937807482
32515137,2016-01-25T22:46:00.000,Snow,E9 Snow / Icy Sidewalk,Sidewalk,,,,,11385,Ridgewood,QUEENS,05 QUEENS,40.70608360349616,-73.86881050056122
32515138,2016-01-25T21:49:00.000,Snow,E9 Snow / Icy Sidewalk,Sidewalk,82-64 265 STREET,265 STREET,82 AVENUE,83 AVENUE,11004,Glen Oaks,QUEENS,13 QUEENS,40.740931942047425,-73.70472021204623
32515139,2016-01-25T21:59:00.000,Snow,E9 Snow / Icy Sidewalk,Sidewalk,50-01 GRAND AVENUE,GRAND AVENUE,49 STREET,PAGE PLACE,11378,Maspeth,QUEENS,05 QUEENS,40.717698560436176,-73.91832101803534
32515140,2016-01-25T20:42:00.000,Snow,E9 Snow / Icy Sidewalk,Sidewalk,2049 HOMECREST AVENUE,HOMECREST AVENUE,AVENUE T,AVENUE U,11229,BROOKLYN,BROOKLYN,15 BROOKLYN,40.59967012940575,-73.95938755105736
32515141,2016-01-25T19:55:00.000,Snow,E9 Snow / Icy Sidewalk,Sidewalk,599 QUINCY STREET,QUINCY STREET,LEWIS AVENUE,STUYVESANT AVENUE,11221,BROOKLYN,BROOKLYN,03 BROOKLYN,40.688762915194026,-73.93505513355507
32515142,2016-01-25T20:06:00.000,Snow,E9 Snow / Icy Sidewalk,Sidewalk,103-30 91 STREET,91 STREET,103 AVENUE,LIBERTY AVENUE,11417,Ozone Park,QUEENS,10 QUEENS,40.68108103736125,-73.84835198079347
32515151,2016-01-25T20:11:00.000,Snow,E9 Snow / Icy Sidewalk,Sidewalk,14-32 144 PLACE,144 PLACE,14 AVENUE,15 AVENUE,11357,Whitestone,QUEENS,07 QUEENS,40.78633140596193,-73.82323153998311
32515152,2016-01-25T19:15:00.000,Snow,E9 Snow / Icy Sidewalk,Sidewalk,170 BLEECKER STREET,BLEECKER STREET,SULLIVAN STREET,MAC DOUGAL STREET,10012,NEW YORK,MANHATTAN,02 MANHATTAN,40.72884380263013,-74.0005556340054
32515153,2016-01-25T19:24:00.000,Snow,E9 Snow / Icy Sidewalk,Sidewalk,2456 EAST   14 STREET,EAST   14 STREET,AVENUE X,AVENUE Y,11235,BROOKLYN,BROOKLYN,15 BROOKLYN,40.590937624787415,-73.9558643109185
32515154,2016-01-25T19:26:00.000,Snow,E9 Snow / Icy Sidewalk,Sidewalk,95 HALSEY STREET,HALSEY STREET,NOSTRAND AVENUE,MARCY AVENUE,11216,BROOKLYN,BROOKLYN,03 BROOKLYN,40.68186974794423,-73.94937196628798
32515155,2016-01-25T11:21:00.000,Snow,E9 Snow / Icy Sidewalk,Sidewalk,770 MADISON AVENUE,MADISON AVENUE,EAST 65 STREET,EAST 66 STREET,10065,NEW YORK,MANHATTAN,08 MANHATTAN,40.76788074031974,-73.96829224646633
32515156,2016-01-25T11:03:00.000,Snow,E9 Snow / Icy Sidewalk,Sidewalk,207 7 AVENUE,7 AVENUE,3 STREET,4 STREET,11215,BROOKLYN,BROOKLYN,06 BROOKLYN,40.67041672164416,-73.97862322511882
32515157,2016-01-25T10:51:00.000,Snow,E9 Snow / Icy Sidewalk,Sidewalk,3781 BROADWAY,BROADWAY,WEST 157 STREET,WEST 158 STREET,10032,NEW YORK,MANHATTAN,12 MANHATTAN,40.83415704524157,-73.94482204361711
32515160,2016-01-25T10:20:00.000,Snow,E9 Snow / Icy Sidewalk,Sidewalk,84-46 108 STREET,108 STREET,PARK LANE SOUTH,85 AVENUE,11418,Richmond Hill,QUEENS,09 QUEENS,40.70027747210467,-73.8418527287231
32515161,2016-01-25T10:20:00.000,Snow,E9 Snow / Icy Sidewalk,Sidewalk,2539 AMSTERDAM AVENUE,AMSTERDAM AVENUE,WEST 186 STREET,WEST 187 STREET,10033,NEW YORK,MANHATTAN,12 MANHATTAN,40.851083077573925,-73.9287336780662
32515162,2016-01-25T10:21:00.000,Snow,E9 Snow / Icy Sidewalk,Sidewalk,46-30 NEWTOWN ROAD,NEWTOWN ROAD,46 STREET,47 STREET,11103,Astoria,QUEENS,01 QUEENS,40.757548592586545,-73.91313934484143
32515163,2016-01-25T09:46:00.000,Snow,E9 Snow / Icy Sidewalk,Sidewalk,384 MANHATTAN AVENUE,MANHATTAN AVENUE,WEST 116 STREET,WEST 117 STREET,10026,NEW YORK,MANHATTAN,10 MANHATTAN,40.80519709680798,-73.9566866862246
32515164,2016-01-25T09:55:00.000,Snow,E9 Snow / Icy Sidewalk,Sidewalk,,,,,,,BROOKLYN,09 BROOKLYN,,
32515165,2016-01-25T09:57:00.000,Snow,E9 Snow / Icy Sidewalk,Sidewalk,52 QUENTIN ROAD,QUENTIN ROAD,WEST 12 STREET,WEST 11 STREET,11223,BROOKLYN,BROOKLYN,11 BROOKLYN,40.605325082171035,-73.98472672641665
32515167,2016-01-25T16:36:00.000,Snow,E9 Snow / Icy Sidewalk,Sidewalk,14-11 PARSONS BOULEVARD,PARSONS BOULEVARD,14 AVENUE,15 AVENUE,11357,Whitestone,QUEENS,07 QUEENS,40.78662356988912,-73.82224130878208
32515168,2016-01-25T09:57:00.000,Snow,E9 Snow / Icy Sidewalk,Sidewalk,180 AMSTERDAM AVENUE,AMSTERDAM AVENUE,WEST 68 STREET,WEST 69 STREET,10023,NEW YORK,MANHATTAN,07 MANHATTAN,40.77614557697879,-73.98343828820897
32515169,2016-01-25T09:59:00.000,Snow,E9 Snow / Icy Sidewalk,Sidewalk,777 MACE AVENUE,MACE AVENUE,WALLACE AVENUE,BARNES AVENUE,10467,BRONX,BRONX,11 BRONX,40.86316789513202,-73.86433941014931
32515170,2016-01-25T09:36:00.000,Snow,E9 Snow / Icy Sidewalk,Sidewalk,,,,,11206,BROOKLYN,BROOKLYN,01 BROOKLYN,40.71105967590936,-73.94210683695283
32515171,2016-01-25T09:18:00.000,Snow,E9 Snow / Icy Sidewalk,Sidewalk,60 JEFFERSON STREET,JEFFERSON STREET,STANWIX STREET,EVERGREEN AVENUE,11206,BROOKLYN,BROOKLYN,04 BROOKLYN,40.69878557180155,-73.93289235684848
32515172,2016-01-25T09:22:00.000,Snow,E9 Snow / Icy Sidewalk,Sidewalk,683 BUSHWICK AVENUE,BUSHWICK AVENUE,WILLOUGHBY AVENUE,SUYDAM STREET,11221,BROOKLYN,BROOKLYN,04 BROOKLYN,40.69702274252065,-73.93172208631854
32515173,2016-01-25T09:26:00.000,Snow,E9 Snow / Icy Sidewalk,Sidewalk,222 VICTORY BOULEVARD,VICTORY BOULEVARD,PIKE STREET,JERSEY STREET,10301,STATEN ISLAND,STATEN ISLAND,01 STATEN ISLAND,40.63593334481048,-74.0832218664664
32515174,2016-01-25T09:27:00.000,Snow,E9 Snow / Icy Sidewalk,Sidewalk,30-05 32 STREET,32 STREET,30 AVENUE,31 AVENUE,11102,Astoria,QUEENS,01 QUEENS,40.7660601774006,-73.92094757075793
32515176,2016-01-25T09:10:00.000,Snow,E9 Snow / Icy Sidewalk,Sidewalk,60-49 MYRTLE AVENUE,MYRTLE AVENUE,SUMMERFIELD STREET,60 LANE,11385,Ridgewood,QUEENS,05 QUEENS,40.70064153721498,-73.89652987204747
32515177,2016-01-25T08:48:00.000,Snow,E9 Snow / Icy Sidewalk,Sidewalk,,,,,11433,Jamaica,QUEENS,12 QUEENS,40.70393356696308,-73.78440778642376
32515178,2016-01-25T08:50:00.000,Snow,E9 Snow / Icy Sidewalk,Sidewalk,34 WEST   38 STREET,WEST   38 STREET,5 AVENUE,AVENUE OF THE AMERICAS,10018,NEW YORK,MANHATTAN,05 MANHATTAN,40.75147316384407,-73.9839641525394
32515180,2016-01-25T23:08:00.000,Snow,E9 Snow / Icy Sidewalk,Sidewalk,61-11 168 STREET,168 STREET,LONG ISLAND EXPRESSWAY,65 AVENUE,11365,Fresh Meadows,QUEENS,08 QUEENS,40.73780080059005,-73.80092981694551
32515181,2016-01-25T22:54:00.000,Snow,E9 Snow / Icy Sidewalk,Sidewalk,1255 ADEE AVENUE,ADEE AVENUE,THROOP AVENUE,BOUCK AVENUE,10469,BRONX,BRONX,11 BRONX,40.86940562839292,-73.85024013376903
32515182,2016-01-25T22:22:00.000,Snow,E9 Snow / Icy Sidewalk,Sidewalk,187-16 BRINKERHOFF AVENUE,BRINKERHOFF AVENUE,RYE PLACE,FIRWOOD PLACE,11412,Saint Albans,QUEENS,12 QUEENS,40.70272618399953,-73.76900785456799
32515183,2016-01-25T21:58:00.000,Snow,E9 Snow / Icy Sidewalk,Sidewalk,23-02 29 STREET,29 STREET,23 AVENUE,23 ROAD,11105,Astoria,QUEENS,01 QUEENS,40.77489880775579,-73.91406988844983
32515184,2016-01-25T21:34:00.000,Snow,E9 Snow / Icy Sidewalk,Sidewalk,231 GRAND STREET,GRAND STREET,ELIZABETH STREET,BOWERY,10013,NEW YORK,MANHATTAN,02 MANHATTAN,40.718572818561526,-73.99515518523783
32515185,2016-01-25T21:13:00.000,Snow,E9 Snow / Icy Sidewalk,Sidewalk,110-01 NORTH CONDUIT AVENUE,NORTH CONDUIT AVENUE,UNNAMED STREET,,11420,South Ozone Park,QUEENS,10 QUEENS,40.6662325824184,-73.8311916431198
32515186,2016-01-25T20:45:00.000,Snow,E9 Snow / Icy Sidewalk,Sidewalk,,,,,11215,BROOKLYN,BROOKLYN,06 BROOKLYN,40.673975048259635,-73.98569878753527
32515187,2016-01-25T08:52:00.000,Snow,E9 Snow / Icy Sidewalk,Sidewalk,67-29 108 STREET,108 STREET,67 ROAD,67 DRIVE,11375,Forest Hills,QUEENS,06 QUEENS,40.728149460484204,-73.84713000349308
32515188,2016-01-25T08:54:00.000,Snow,E9 Snow / Icy Sidewalk,Sidewalk,,,,,11369,East Elmhurst,QUEENS,03 QUEENS,40.76812879495827,-73.87624431544965
32515189,2016-01-25T08:54:00.000,Snow,E9 Snow / Icy Sidewalk,Sidewalk,,,,,11358,Flushing,QUEENS,07 QUEENS,40.76076395827762,-73.79343953602421
32515194,2016-01-25T08:57:00.000,Snow,E9 Snow / Icy Sidewalk,Sidewalk,67-02 SPRINGFIELD BOULEVARD,SPRINGFIELD BOULEVARD,67 AVENUE,67 AVENUE,11364,Oakland Gardens,QUEENS,11 QUEENS,40.745443983225464,-73.7548787661046
32515195,2016-01-25T17:15:00.000,Snow,E9 Snow / Icy Sidewalk,Sidewalk,78-11 35 AVENUE,35 AVENUE,78 STREET,79 STREET,11372,Jackson Heights,QUEENS,03 QUEENS,40.75142550651139,-73.88819305438743
32515196,2016-01-25T17:06:00.000,Snow,E9 Snow / Icy Sidewalk,Sidewalk,717 EAST  231 STREET,EAST  231 STREET,WHITE PLAINS ROAD,BARNES AVENUE,10466,BRONX,BRONX,12 BRONX,40.891811348646335,-73.8573655125893
32515197,2016-01-25T19:44:00.000,Snow,E9 Snow / Icy Sidewalk,Sidewalk,58-44 136 STREET,136 STREET,58 ROAD,59 AVENUE,11355,Flushing,QUEENS,07 QUEENS,40.74472220738171,-73.8294662107557
32515198,2016-01-25T20:12:00.000,Snow,E9 Snow / Icy Sidewalk,Sidewalk,959 METROPOLITAN AVENUE,METROPOLITAN AVENUE,CATHERINE STREET,MORGAN AVENUE,11211,BROOKLYN,BROOKLYN,01 BROOKLYN,40.71453460421973,-73.93699236062145
32515200,2016-01-25T08:42:00.000,Snow,E9 Snow / Icy Sidewalk,Sidewalk,234 BAY RIDGE AVENUE,BAY RIDGE AVENUE,BAY RIDGE PLACE,3 AVENUE,11220,BROOKLYN,BROOKLYN,10 BROOKLYN,40.63614958742213,-74.02739722219913
32515201,2016-01-25T08:44:00.000,Snow,E9 Snow / Icy Sidewalk,Sidewalk,,,,,11217,BROOKLYN,BROOKLYN,02 BROOKLYN,40.68405253749512,-73.97745785403546
32515202,2016-01-25T08:18:00.000,Snow,E9 Snow / Icy Sidewalk,Sidewalk,58 SUMMIT AVENUE,SUMMIT AVENUE,RICHMOND ROAD,KAYLA COURT,10306,STATEN ISLAND,STATEN ISLAND,02 STATEN ISLAND,40.577536977119536,-74.12374452240203
32515203,2016-01-25T15:13:00.000,Snow,E9 Snow / Icy Sidewalk,Sidewalk,124 DYCKMAN STREET,DYCKMAN STREET,NAGLE AVENUE,POST AVENUE,10040,NEW YORK,MANHATTAN,12 MANHATTAN,40.862257252910666,-73.92517875648912
32515206,2016-01-25T14:50:00.000,Snow,E9 Snow / Icy Sidewalk,Sidewalk,18-15 FRANCIS LEWIS BOULEVARD,FRANCIS LEWIS BOULEVARD,18 AVENUE,19 AVENUE,11357,Whitestone,QUEENS,07 QUEENS,40.78180645822311,-73.80358586173759
32515207,2016-01-25T08:24:00.000,Snow,E9 Snow / Icy Sidewalk,Sidewalk,1517 BUSHWICK AVENUE,BUSHWICK AVENUE,FURMAN AVENUE,ABERDEEN STREET,11207,BROOKLYN,BROOKLYN,04 BROOKLYN,40.682666020307025,-73.90611959395328
32515208,2016-01-25T08:27:00.000,Snow,E9 Snow / Icy Sidewalk,Sidewalk,222 7 AVENUE,7 AVENUE,3 STREET,4 STREET,11215,BROOKLYN,BROOKLYN,06 BROOKLYN,40.670238343868355,-73.9787999195892
32515209,2016-01-25T08:55:00.000,Snow,E9 Snow / Icy Sidewalk,Sidewalk,,,,,,,QUEENS,08 QUEENS,,
32515210,2016-01-25T08:16:00.000,Snow,E9 Snow / Icy Sidewalk,Sidewalk,9502 FORT HAMILTON PARKWAY,FORT HAMILTON PARKWAY,95 STREET,97 STREET,11209,BROOKLYN,BROOKLYN,10 BROOKLYN,40.61467381795277,-74.02953510607607
32515211,2016-01-25T19:50:00.000,Snow,E9 Snow / Icy Sidewalk,Sidewalk,,,,,11238,BROOKLYN,BROOKLYN,02 BROOKLYN,40.68502828963959,-73.97123779097166
32515212,2016-01-25T15:10:00.000,Snow,E9 Snow / Icy Sidewalk,Sidewalk,9720 KINGS HIGHWAY,KINGS HIGHWAY,ROCKAWAY PARKWAY,CLARKSON AVENUE,11212,BROOKLYN,BROOKLYN,17 BROOKLYN,40.6612505483198,-73.91966968324185
32515213,2016-01-25T23:05:00.000,Snow,E9 Snow / Icy Sidewalk,Sidewalk,4013 AVENUE J,AVENUE J,EAST 40 STREET,ALBANY AVENUE,11210,BROOKLYN,BROOKLYN,18 BROOKLYN,40.6275939522245,-73.93726177088577
32515214,2016-01-25T17:14:00.000,Snow,E9 Snow / Icy Sidewalk,Sidewalk,,,,,10025,NEW YORK,MANHATTAN,07 MANHATTAN,40.79355738131325,-73.96701598496212
32515215,2016-01-25T16:12:00.000,Snow,E9 Snow / Icy Sidewalk,Sidewalk,,,,,11219,BROOKLYN,BROOKLYN,12 BROOKLYN,40.63390467427927,-73.99328423152583
32515216,2016-01-25T15:19:00.000,Snow,E9 Snow / Icy Sidewalk,Sidewalk,47-18 ROBINSON STREET,ROBINSON STREET,LABURNUM AVENUE,NEGUNDO AVENUE,11355,Flushing,QUEENS,07 QUEENS,40.750311201049854,-73.81565038715382
32515217,2016-01-25T14:50:00.000,Snow,E9 Snow / Icy Sidewalk,Sidewalk,20-46 STEINWAY STREET,STEINWAY STREET,20 AVENUE,20 ROAD,11105,Astoria,QUEENS,01 QUEENS,40.77552389658786,-73.90281140509023
32515218,2016-01-25T22:53:00.000,Snow,E9 Snow / Icy Sidewalk,Sidewalk,,,,,10454,BRONX,BRONX,01 BRONX,40.80969766848222,-73.91563247757213
32515219,2016-01-25T22:33:00.000,Snow,E9 Snow / Icy Sidewalk,Sidewalk,,,,,11385,Ridgewood,QUEENS,05 QUEENS,40.69410973191651,-73.89736220767836
32515220,2016-01-25T11:24:00.000,Snow,E9 Snow / Icy Sidewalk,Sidewalk,354 BRISTOL STREET,BRISTOL STREET,DUMONT AVENUE,LIVONIA AVENUE,11212,BROOKLYN,BROOKLYN,16 BROOKLYN,40.662654894572015,-73.91088398488914
32515221,2016-01-25T10:57:00.000,Snow,E9 Snow / Icy Sidewalk,Sidewalk,,,,,11217,BROOKLYN,BROOKLYN,02 BROOKLYN,40.684423260147994,-73.97838797601256
32515222,2016-01-25T10:32:00.000,Snow,E9 Snow / Icy Sidewalk,Sidewalk,21-22 21 ROAD,21 ROAD,21 STREET,23 STREET,11105,Astoria,QUEENS,01 QUEENS,40.78122634945337,-73.91531468867585
32515223,2016-01-25T10:16:00.000,Snow,E9 Snow / Icy Sidewalk,Sidewalk,,,,,10018,NEW YORK,MANHATTAN,05 MANHATTAN,40.7547481260721,-73.98789040892225
32515224,2016-01-25T10:24:00.000,Snow,E9 Snow / Icy Sidewalk,Sidewalk,206 HAMPTON AVENUE,HAMPTON AVENUE,AMHERST STREET,BEAUMONT STREET,11235,BROOKLYN,BROOKLYN,15 BROOKLYN,40.57938328416082,-73.95218920819771
32515225,2016-01-25T09:55:00.000,Snow,E9 Snow / Icy Sidewalk,Sidewalk,249-03 RUSHMORE TERRACE,RUSHMORE TERRACE,MARATHON PARKWAY,BEND,11362,Little Neck,QUEENS,11 QUEENS,40.76558615629002,-73.73554157443697
32515228,2016-01-25T13:59:00.000,Snow,E9 Snow / Icy Sidewalk,Sidewalk,87-40 89 STREET,89 STREET,JAMAICA AVENUE,88 AVENUE,11421,Woodhaven,QUEENS,09 QUEENS,40.692124048173255,-73.85535501915221
32515229,2016-01-25T22:52:00.000,Snow,E9 Snow / Icy Sidewalk,Sidewalk,34-02 31 AVENUE,31 AVENUE,34 STREET,35 STREET,11106,Astoria,QUEENS,01 QUEENS,40.763131541524025,-73.9209546566353
32515230,2016-01-25T22:12:00.000,Snow,E9 Snow / Icy Sidewalk,Sidewalk,70-21 53 ROAD,53 ROAD,70 STREET,DEAD END,11378,Maspeth,QUEENS,05 QUEENS,40.730477109078485,-73.8935212917033
32515231,2016-01-25T21:32:00.000,Snow,E9 Snow / Icy Sidewalk,Sidewalk,371 SOUTH    1 STREET,SOUTH    1 STREET,GRAND STREET EXTENSION,HOOPER STREET,11211,BROOKLYN,BROOKLYN,01 BROOKLYN,40.71066109095156,-73.95283448879646
32515232,2016-01-25T21:16:00.000,Snow,E9 Snow / Icy Sidewalk,Sidewalk,,,,,11436,Jamaica,QUEENS,12 QUEENS,40.67985746591491,-73.79552887878387
32515233,2016-01-25T20:47:00.000,Snow,E9 Snow / Icy Sidewalk,Sidewalk,586 CONEY ISLAND AVENUE,CONEY ISLAND AVENUE,LEWIS PLACE,MATTHEWS COURT,11218,BROOKLYN,BROOKLYN,12 BROOKLYN,40.64292577979137,-73.9698650396765
32515234,2016-01-25T20:39:00.000,Snow,E9 Snow / Icy Sidewalk,Sidewalk,422 CITY ISLAND AVENUE,CITY ISLAND AVENUE,DITMARS STREET,BOWNE STREET,10464,BRONX,BRONX,10 BRONX,40.8502374802972,-73.7878048349955
32515235,2016-01-25T19:37:00.000,Snow,E9 Snow / Icy Sidewalk,Sidewalk,80-01 METROPOLITAN AVENUE,METROPOLITAN AVENUE,80 STREET,COOPER AVENUE,11379,Middle Village,QUEENS,05 QUEENS,40.713299682334764,-73.87132132072506
32515236,2016-01-25T19:43:00.000,Snow,E9 Snow / Icy Sidewalk,Sidewalk,47-60 29 STREET,29 STREET,47 AVENUE,BEND,11101,Long Island City,QUEENS,02 QUEENS,40.74232066005971,-73.93862971411643
32515237,2016-01-25T19:59:00.000,Snow,E9 Snow / Icy Sidewalk,Sidewalk,136 NORTH   10 STREET,NORTH   10 STREET,BERRY STREET,BEDFORD AVENUE,11249,BROOKLYN,BROOKLYN,01 BROOKLYN,40.72000031531973,-73.95677452258519
32515238,2016-01-25T21:57:00.000,Snow,E9 Snow / Icy Sidewalk,Sidewalk,63-09 62 AVENUE,62 AVENUE,62 STREET,64 STREET,11379,Middle Village,QUEENS,05 QUEENS,40.714268351896486,-73.89855040850163
32515239,2016-01-25T21:33:00.000,Snow,E9 Snow / Icy Sidewalk,Sidewalk,401 EAST   50 STREET,EAST   50 STREET,1 AVENUE,BEEKMAN PLACE,10022,NEW YORK,MANHATTAN,06 MANHATTAN,40.753802283034666,-73.96595286044659
32515240,2016-01-25T21:16:00.000,Snow,E9 Snow / Icy Sidewalk,Sidewalk,1881 FOREST AVENUE,FOREST AVENUE,SANDERS STREET,LAKE AVENUE,10303,STATEN ISLAND,STATEN ISLAND,01 STATEN ISLAND,40.62546611022058,-74.151705378586
32515241,2016-01-25T20:54:00.000,Snow,E9 Snow / Icy Sidewalk,Sidewalk,,,,,,,STATEN ISLAND,02 STATEN ISLAND,,
32515242,2016-01-25T20:57:00.000,Snow,E9 Snow / Icy Sidewalk,Sidewalk,2503 BROADWAY,BROADWAY,WEST 93 STREET,WEST 94 STREET,10025,NEW YORK,MANHATTAN,07 MANHATTAN,40.7929084527408,-73.97306554424786
32515243,2016-01-25T20:31:00.000,Snow,E9 Snow / Icy Sidewalk,Sidewalk,25-06 47 STREET,47 STREET,AMTRAK RAILROAD,28 AVENUE,11103,Astoria,QUEENS,01 QUEENS,40.76494317860951,-73.9064404256452
32515244,2016-01-25T20:40:00.000,Snow,E9 Snow / Icy Sidewalk,Sidewalk,583 CITY ISLAND AVENUE,CITY ISLAND AVENUE,CROSS STREET,BEND,10464,BRONX,BRONX,10 BRONX,40.85400539251721,-73.79049307938406
32515245,2016-01-25T09:27:00.000,Snow,E9 Snow / Icy Sidewalk,Sidewalk,176 8 AVENUE,8 AVENUE,WEST 18 STREET,WEST 19 STREET,10011,NEW YORK,MANHATTAN,04 MANHATTAN,40.74274872312601,-74.00032839770905
32515246,2016-01-25T09:03:00.000,Snow,E9 Snow / Icy Sidewalk,Sidewalk,201 CENTRAL AVENUE,CENTRAL AVENUE,MYRTLE AVENUE,STOCKHOLM STREET,11221,BROOKLYN,BROOKLYN,04 BROOKLYN,40.69783905271473,-73.92470692616018
32515247,2016-01-25T08:56:00.000,Snow,E9 Snow / Icy Sidewalk,Sidewalk,344 PARK PLACE,PARK PLACE,VANDERBILT AVENUE,UNDERHILL AVENUE,11238,BROOKLYN,BROOKLYN,08 BROOKLYN,40.676282254763706,-73.96682523005462
32515248,2016-01-25T08:59:00.000,Snow,E9 Snow / Icy Sidewalk,Sidewalk,80-19 ROOSEVELT AVENUE,ROOSEVELT AVENUE,80 STREET,81 STREET,11372,Jackson Heights,QUEENS,03 QUEENS,40.747475938981346,-73.88552900430253
32515250,2016-01-25T13:18:00.000,Snow,E9 Snow / Icy Sidewalk,Sidewalk,231 THROOP AVENUE,THROOP AVENUE,PARK AVENUE,MYRTLE AVENUE,11206,BROOKLYN,BROOKLYN,03 BROOKLYN,40.696150819460044,-73.94353703693655
32515251,2016-01-25T17:44:00.000,Snow,E9 Snow / Icy Sidewalk,Sidewalk,888 MCDONALD AVENUE,MCDONALD AVENUE,AVENUE F,18 AVENUE,11218,BROOKLYN,BROOKLYN,12 BROOKLYN,40.632253042963576,-73.97745733701193
32515252,2016-01-25T17:15:00.000,Snow,E9 Snow / Icy Sidewalk,Sidewalk,138 EAST   56 STREET,EAST   56 STREET,LINDEN BOULEVARD,CHURCH AVENUE,11203,BROOKLYN,BROOKLYN,17 BROOKLYN,40.65360154681874,-73.92477126793501
32515255,2016-01-25T17:16:00.000,Snow,E9 Snow / Icy Sidewalk,Sidewalk,392 KOSCIUSZKO STREET,KOSCIUSZKO STREET,MARCUS GARVEY BOULEVARD,LEWIS AVENUE,11221,BROOKLYN,BROOKLYN,03 BROOKLYN,40.69208602184523,-73.93857858905227
32515256,2016-01-25T17:02:00.000,Snow,E9 Snow / Icy Sidewalk,Sidewalk,,,,,11377,Woodside,QUEENS,02 QUEENS,40.74539164232843,-73.90558009045257
32515257,2016-01-25T19:11:00.000,Snow,E9 Snow / Icy Sidewalk,Sidewalk,31 WEST   14 STREET,WEST   14 STREET,5 AVENUE,AVENUE OF THE AMERICAS,10011,NEW YORK,MANHATTAN,05 MANHATTAN,40.736507040144694,-73.99478582156524
32515258,2016-01-25T11:37:00.000,Snow,E9 Snow / Icy Sidewalk,Sidewalk,31 KOSCIUSZKO STREET,KOSCIUSZKO STREET,SPENCER COURT,NOSTRAND AVENUE,11205,BROOKLYN,BROOKLYN,03 BROOKLYN,40.690355695788206,-73.95379000016959
32515259,2016-01-25T11:39:00.000,Snow,E9 Snow / Icy Sidewalk,Sidewalk,3478 FENTON AVENUE,FENTON AVENUE,BOSTON ROAD,HICKS STREET,10469,BRONX,BRONX,12 BRONX,40.87775320807253,-73.84886891043506
32515260,2016-01-25T11:27:00.000,Snow,E9 Snow / Icy Sidewalk,Sidewalk,8117 BAY PARKWAY,BAY PARKWAY,81 STREET,82 STREET,11214,BROOKLYN,BROOKLYN,11 BROOKLYN,40.60461484387468,-73.99101835912047
32515261,2016-01-25T11:11:00.000,Snow,E9 Snow / Icy Sidewalk,Sidewalk,,,,,10461,BRONX,BRONX,10 BRONX,40.85562049080954,-73.82956504753577
32515262,2016-01-25T11:13:00.000,Snow,E9 Snow / Icy Sidewalk,Sidewalk,,,,,10017,NEW YORK,MANHATTAN,05 MANHATTAN,40.75348184923692,-73.98088850486347
32515263,2016-01-25T10:52:00.000,Snow,E9 Snow / Icy Sidewalk,Sidewalk,,,,,10029,NEW YORK,MANHATTAN,11 MANHATTAN,40.790252857674304,-73.9456348695135
32515264,2016-01-25T20:24:00.000,Snow,E9 Snow / Icy Sidewalk,Sidewalk,359 LAFAYETTE STREET,LAFAYETTE STREET,JONES ALLEY,BOND STREET,10012,NEW YORK,MANHATTAN,02 MANHATTAN,40.726579232087474,-73.99416243330323
32515265,2016-01-25T20:26:00.000,Snow,E9 Snow / Icy Sidewalk,Sidewalk,2931 BRUCKNER BOULEVARD,BRUCKNER BOULEVARD,EAST TREMONT AVENUE,EDISON AVENUE,10461,BRONX,BRONX,10 BRONX,40.833731039622315,-73.827467351458
32515266,2016-01-25T11:40:00.000,Snow,E9 Snow / Icy Sidewalk,Sidewalk,84 EAST    4 STREET,EAST    4 STREET,BOWERY,2 AVENUE,10003,NEW YORK,MANHATTAN,03 MANHATTAN,40.726315427516546,-73.9897536317576
32515267,2016-01-25T11:27:00.000,Snow,E9 Snow / Icy Sidewalk,Sidewalk,200 AMSTERDAM AVENUE,AMSTERDAM AVENUE,WEST 69 STREET,WEST 70 STREET,10023,NEW YORK,MANHATTAN,07 MANHATTAN,40.77677954545491,-73.98298680424051
32515268,2016-01-25T11:02:00.000,Snow,E9 Snow / Icy Sidewalk,Sidewalk,,,,,10466,BRONX,BRONX,12 BRONX,40.894921261782706,-73.85313414533647
32515269,2016-01-25T11:14:00.000,Snow,E9 Snow / Icy Sidewalk,Sidewalk,305 EAST  105 STREET,EAST  105 STREET,2 AVENUE,1 AVENUE,10029,NEW YORK,MANHATTAN,11 MANHATTAN,40.78977924097536,-73.94249702263683
32515270,2016-01-25T10:41:00.000,Snow,E9 Snow / Icy Sidewalk,Sidewalk,100 PROSPECT PARK WEST,PROSPECT PARK WEST,5 STREET,6 STREET,11215,BROOKLYN,BROOKLYN,06 BROOKLYN,40.66676819549542,-73.97505939029568
32515271,2016-01-25T15:22:00.000,Snow,E9 Snow / Icy Sidewalk,Sidewalk,9319 5 AVENUE,5 AVENUE,92 STREET,94 STREET,11209,BROOKLYN,BROOKLYN,10 BROOKLYN,40.61710833827114,-74.02996481813786
32515272,2016-01-25T15:29:00.000,Snow,E9 Snow / Icy Sidewalk,Sidewalk,1599 FLATBUSH AVENUE,FLATBUSH AVENUE,AVENUE H,EAST 32 STREET,11210,BROOKLYN,BROOKLYN,14 BROOKLYN,40.631575741299756,-73.94632616236174
32515273,2016-01-25T14:47:00.000,Snow,E9 Snow / Icy Sidewalk,Sidewalk,516 RIDGEWOOD AVENUE,RIDGEWOOD AVENUE,AUTUMN AVENUE,LINCOLN AVENUE,11208,BROOKLYN,BROOKLYN,05 BROOKLYN,40.68605922411789,-73.8701046808435
32515279,2016-01-25T18:52:00.000,Snow,E9 Snow / Icy Sidewalk,Sidewalk,471 EAST  144 STREET,EAST  144 STREET,WILLIS AVENUE,BROOK AVENUE,10454,BRONX,BRONX,01 BRONX,40.81196082761051,-73.91771764554832
32515280,2016-01-25T17:47:00.000,Snow,E9 Snow / Icy Sidewalk,Sidewalk,1246 AVENUE V,AVENUE V,HOMECREST AVENUE,EAST 13 STREET,11229,BROOKLYN,BROOKLYN,15 BROOKLYN,40.59643094658292,-73.95848930659335
32515285,2016-01-25T17:59:00.000,Snow,E9 Snow / Icy Sidewalk,Sidewalk,389 FRANKLIN AVENUE,FRANKLIN AVENUE,QUINCY STREET,GATES AVENUE,11238,BROOKLYN,BROOKLYN,03 BROOKLYN,40.68583615305959,-73.95660196190828
32515286,2016-01-25T17:34:00.000,Snow,E9 Snow / Icy Sidewalk,Sidewalk,69-16 140 STREET,140 STREET,69 AVENUE,69 ROAD,11367,Flushing,QUEENS,08 QUEENS,40.730504752455964,-73.82605685042658
32515287,2016-01-25T10:56:00.000,Snow,E9 Snow / Icy Sidewalk,Sidewalk,150-22 72 DRIVE,72 DRIVE,150 STREET,153 STREET,11367,Flushing,QUEENS,08 QUEENS,40.72669387134207,-73.81647338036126
32515288,2016-01-25T10:42:00.000,Snow,E9 Snow / Icy Sidewalk,Sidewalk,69-64 198 STREET,198 STREET,69 AVENUE,73 AVENUE,11365,Fresh Meadows,QUEENS,08 QUEENS,40.73653933084137,-73.77472187525349
32515289,2016-01-25T10:43:00.000,Snow,E9 Snow / Icy Sidewalk,Sidewalk,70-10 141 STREET,141 STREET,70 AVENUE,70 ROAD,11367,Flushing,QUEENS,08 QUEENS,40.72857594101736,-73.82474496300917
32515290,2016-01-25T10:14:00.000,Snow,E9 Snow / Icy Sidewalk,Sidewalk,,,,,10312,STATEN ISLAND,STATEN ISLAND,03 STATEN ISLAND,40.53432593438857,-74.19301027347751
32515291,2016-01-25T09:49:00.000,Snow,E9 Snow / Icy Sidewalk,Sidewalk,877 MYRTLE AVENUE,MYRTLE AVENUE,MARCY AVENUE,TOMPKINS AVENUE,11206,BROOKLYN,BROOKLYN,03 BROOKLYN,40.6955735792747,-73.94756566601255
32515292,2016-01-25T09:51:00.000,Snow,E9 Snow / Icy Sidewalk,Sidewalk,186 THROGS NECK BOULEVARD,THROGS NECK BOULEVARD,HARDING AVENUE,MILTON PLACE,10465,BRONX,BRONX,10 BRONX,40.8169044014054,-73.81244562073704
32515293,2016-01-25T10:43:00.000,Snow,E9 Snow / Icy Sidewalk,Sidewalk,110-07 171 PLACE,171 PLACE,BRINKERHOFF AVENUE,DEAD END,11433,Jamaica,QUEENS,12 QUEENS,40.696060047464954,-73.78215049040908
32515294,2016-01-25T09:44:00.000,Snow,E9 Snow / Icy Sidewalk,Sidewalk,74-11 37 AVENUE,37 AVENUE,74 STREET,75 STREET,11372,Jackson Heights,QUEENS,03 QUEENS,40.748994119650675,-73.89154638652647
32515295,2016-01-25T08:05:00.000,Snow,E9 Snow / Icy Sidewalk,Sidewalk,537 KOSCIUSZKO STREET,KOSCIUSZKO STREET,STUYVESANT AVENUE,MALCOLM X BOULEVARD,11221,BROOKLYN,BROOKLYN,03 BROOKLYN,40.692725285713735,-73.93317251698504
32515296,2016-01-25T14:16:00.000,Snow,E9 Snow / Icy Sidewalk,Sidewalk,75 KERMIT AVENUE,KERMIT AVENUE,PARKINSON AVENUE,DEAD END,10305,STATEN ISLAND,STATEN ISLAND,02 STATEN ISLAND,40.597003490133254,-74.08382870750661
32515297,2016-01-25T14:20:00.000,Snow,E9 Snow / Icy Sidewalk,Sidewalk,,,,,10002,NEW YORK,MANHATTAN,03 MANHATTAN,40.71670871778625,-73.98915628749786
32515298,2016-01-25T12:41:00.000,Snow,E9 Snow / Icy Sidewalk,Sidewalk,400 VICTORY BOULEVARD,VICTORY BOULEVARD,CEBRA AVENUE,AUSTIN PLACE,10301,STATEN ISLAND,STATEN ISLAND,01 STATEN ISLAND,40.6326644121552,-74.08678457664737
32515299,2016-01-25T12:18:00.000,Snow,E9 Snow / Icy Sidewalk,Sidewalk,108-26 175 STREET,175 STREET,108 AVENUE,109 AVENUE,11433,Jamaica,QUEENS,12 QUEENS,40.6998424192136,-73.78074243281982
32515302,2016-01-25T16:50:00.000,Snow,E9 Snow / Icy Sidewalk,Sidewalk,9806 GLENWOOD ROAD,GLENWOOD ROAD,EAST 98 STREET,EAST 99 STREET,11236,BROOKLYN,BROOKLYN,18 BROOKLYN,40.64579134038935,-73.90128149566661
32515303,2016-01-25T16:59:00.000,Snow,E9 Snow / Icy Sidewalk,Sidewalk,2103 GLENWOOD ROAD,GLENWOOD ROAD,EAST 21 STREET,EAST 22 STREET,11210,BROOKLYN,BROOKLYN,14 BROOKLYN,40.63310866796182,-73.95592288900254
32515304,2016-01-25T09:20:00.000,Snow,E9 Snow / Icy Sidewalk,Sidewalk,191-05 HILLSIDE AVENUE,HILLSIDE AVENUE,191 STREET,192 STREET,11423,Hollis,QUEENS,08 QUEENS,40.71604491156044,-73.77092769248345
32515305,2016-01-25T09:26:00.000,Snow,E9 Snow / Icy Sidewalk,Sidewalk,90-11 207 STREET,207 STREET,90 AVENUE,93 AVENUE,11428,Queens Village,QUEENS,13 QUEENS,40.7182378488036,-73.75616206916087
32515306,2016-01-25T09:28:00.000,Snow,E9 Snow / Icy Sidewalk,Sidewalk,,,,,11377,Woodside,QUEENS,02 QUEENS,40.74436324535859,-73.91370508145087
32515307,2016-01-25T09:02:00.000,Snow,E9 Snow / Icy Sidewalk,Sidewalk,90 4 AVENUE,4 AVENUE,ST MARKS PLACE,WARREN STREET,11217,BROOKLYN,BROOKLYN,02 BROOKLYN,40.68165136354744,-73.98018439332411
32515308,2016-01-25T09:04:00.000,Snow,E9 Snow / Icy Sidewalk,Sidewalk,,,,,11354,Flushing,QUEENS,07 QUEENS,40.7664683555015,-73.81835652945028
32515309,2016-01-25T08:51:00.000,Snow,E9 Snow / Icy Sidewalk,Sidewalk,257 LIVINGSTON STREET,LIVINGSTON STREET,BOND STREET,HANOVER PLACE,11217,BROOKLYN,BROOKLYN,02 BROOKLYN,40.688719654644444,-73.98336985708322
32515310,2016-01-25T09:05:00.000,Snow,E9 Snow / Icy Sidewalk,Sidewalk,225 24 STREET,24 STREET,3 AVENUE,4 AVENUE,11232,BROOKLYN,BROOKLYN,07 BROOKLYN,40.661481696237395,-73.99815456279728
32515314,2016-01-25T13:20:00.000,Snow,E9 Snow / Icy Sidewalk,Sidewalk,42-11 218 STREET,218 STREET,DEAD END,43 AVENUE,11361,Bayside,QUEENS,11 QUEENS,40.76267049848425,-73.76428763821346
32515315,2016-01-25T13:21:00.000,Snow,E9 Snow / Icy Sidewalk,Sidewalk,,,,,11234,BROOKLYN,BROOKLYN,18 BROOKLYN,40.6241743117926,-73.909065740711
32515316,2016-01-25T13:25:00.000,Snow,E9 Snow / Icy Sidewalk,Sidewalk,424 EAST   84 STREET,EAST   84 STREET,1 AVENUE,YORK AVENUE,10028,NEW YORK,MANHATTAN,08 MANHATTAN,40.775249202933324,-73.94961869917334
32515317,2016-01-25T17:15:00.000,Snow,E9 Snow / Icy Sidewalk,Sidewalk,1 VICTORY BOULEVARD,VICTORY BOULEVARD,BAY STREET LANDING,MURRAY HULBERT AVENUE,10301,STATEN ISLAND,STATEN ISLAND,01 STATEN ISLAND,40.63788875593973,-74.07352116590765
32515320,2016-01-25T17:08:00.000,Snow,E9 Snow / Icy Sidewalk,Sidewalk,126 MILTON AVENUE,MILTON AVENUE,MARINE WAY,EBBITTS STREET,10306,STATEN ISLAND,STATEN ISLAND,02 STATEN ISLAND,40.563587368561606,-74.10494222629023
32515321,2016-01-25T16:23:00.000,Snow,E9 Snow / Icy Sidewalk,Sidewalk,1115 43 STREET,43 STREET,FT HAMILTON PARKWAY,12 AVENUE,11219,BROOKLYN,BROOKLYN,12 BROOKLYN,40.64087090880307,-73.99272142243844
32515322,2016-01-25T16:25:00.000,Snow,E9 Snow / Icy Sidewalk,Sidewalk,105-53 63 AVENUE,63 AVENUE,APEX PLACE,108 STREET,11375,Forest Hills,QUEENS,06 QUEENS,40.73480272744121,-73.85130041500922
32515324,2016-01-25T12:06:00.000,Snow,E9 Snow / Icy Sidewalk,Sidewalk,579 CLASSON AVENUE,CLASSON AVENUE,FULTON STREET,LEFFERTS PLACE,11238,BROOKLYN,BROOKLYN,03 BROOKLYN,40.680995048013415,-73.95842585181391
32515327,2016-01-25T15:17:00.000,Snow,E9 Snow / Icy Sidewalk,Sidewalk,160 HANCOCK STREET,HANCOCK STREET,NOSTRAND AVENUE,MARCY AVENUE,11216,BROOKLYN,BROOKLYN,03 BROOKLYN,40.682629944836926,-73.94913342526753
32515328,2016-01-25T15:21:00.000,Snow,E9 Snow / Icy Sidewalk,Sidewalk,,,,,11374,Rego Park,QUEENS,06 QUEENS,40.723603529401956,-73.86650674801427
32515331,2016-01-25T08:39:00.000,Snow,E9 Snow / Icy Sidewalk,Sidewalk,93 MARYLAND AVENUE,MARYLAND AVENUE,ABBOTT STREET,BAY STREET,10305,STATEN ISLAND,STATEN ISLAND,01 STATEN ISLAND,40.613550212530114,-74.06522106561975
32515332,2016-01-25T08:42:00.000,Snow,E9 Snow / Icy Sidewalk,Sidewalk,64-45 MYRTLE AVENUE,MYRTLE AVENUE,CYPRESS HILLS STREET,65 STREET,11385,Ridgewood,QUEENS,05 QUEENS,40.70111926991804,-73.89074428016792
32515333,2016-01-25T14:46:00.000,Snow,E9 Snow / Icy Sidewalk,Sidewalk,485 PACIFIC STREET,PACIFIC STREET,NEVINS STREET,3 AVENUE,11217,BROOKLYN,BROOKLYN,02 BROOKLYN,40.68500301577492,-73.98191771066323
32515338,2016-01-25T13:27:00.000,Snow,E9 Snow / Icy Sidewalk,Sidewalk,1585 MCDONALD AVENUE,MCDONALD AVENUE,AVENUE M,24 AVENUE,11230,BROOKLYN,BROOKLYN,12 BROOKLYN,40.61453196017134,-73.97407759685525
32515339,2016-01-25T13:14:00.000,Snow,E9 Snow / Icy Sidewalk,Sidewalk,3333 GILES PLACE,GILES PLACE,FT INDEPENDENCE STREET,CANNON PLACE,10463,BRONX,BRONX,08 BRONX,40.879308718189414,-73.89832027938901
32515341,2016-01-25T12:55:00.000,Snow,E9 Snow / Icy Sidewalk,Sidewalk,194-25C 64 AVENUE,64 AVENUE,64 CIRCLE,65 CRESCENT,11365,Fresh Meadows,QUEENS,08 QUEENS,40.740816853899354,-73.77958994670327
32515347,2016-01-25T16:00:00.000,Snow,E9 Snow / Icy Sidewalk,Sidewalk,739 UNION STREET,UNION STREET,5 AVENUE,6 AVENUE,11215,BROOKLYN,BROOKLYN,06 BROOKLYN,40.67622490702198,-73.97995888016231
32515348,2016-01-25T15:31:00.000,Snow,E9 Snow / Icy Sidewalk,Sidewalk,3133 FORT HAMILTON PARKWAY,FORT HAMILTON PARKWAY,EAST 2 STREET,MC DONALD AVENUE,11218,BROOKLYN,BROOKLYN,07 BROOKLYN,40.64796735623482,-73.97967547325476
32515351,2016-01-25T08:35:00.000,Snow,E9 Snow / Icy Sidewalk,Sidewalk,444 MARCUS GARVEY BOULEVARD,MARCUS GARVEY BOULEVARD,MACON STREET,MAC DONOUGH STREET,11216,BROOKLYN,BROOKLYN,03 BROOKLYN,40.68180370033028,-73.9378200947629
32515352,2016-01-25T08:41:00.000,Snow,E9 Snow / Icy Sidewalk,Sidewalk,1738 LEXINGTON AVENUE,LEXINGTON AVENUE,EAST 108 STREET,EAST 109 STREET,10029,NEW YORK,MANHATTAN,11 MANHATTAN,40.79376315335256,-73.94518056141217
32515353,2016-01-25T08:44:00.000,Snow,E9 Snow / Icy Sidewalk,Sidewalk,515 WASHINGTON AVENUE,WASHINGTON AVENUE,FULTON STREET,,11238,BROOKLYN,BROOKLYN,02 BROOKLYN,40.682613810170636,-73.96468401159264
32515354,2016-01-25T08:19:00.000,Snow,E9 Snow / Icy Sidewalk,Sidewalk,8521 GLENWOOD ROAD,GLENWOOD ROAD,EAST 85 STREET,EAST 86 STREET,11236,BROOKLYN,BROOKLYN,18 BROOKLYN,40.63951651803805,-73.91108063270026
32515355,2016-01-25T14:50:00.000,Snow,E9 Snow / Icy Sidewalk,Sidewalk,1532 DEKALB AVENUE,DEKALB AVENUE,KNICKERBOCKER AVENUE,IRVING AVENUE,11237,BROOKLYN,BROOKLYN,04 BROOKLYN,40.70229969436763,-73.92119629459681
32515357,2016-01-25T14:44:00.000,Snow,E9 Snow / Icy Sidewalk,Sidewalk,362 MONROE STREET,MONROE STREET,TOMPKINS AVENUE,THROOP AVENUE,11221,BROOKLYN,BROOKLYN,03 BROOKLYN,40.68623411965104,-73.94385191915555
32515358,2016-01-25T08:21:00.000,Snow,E9 Snow / Icy Sidewalk,Sidewalk,388 3 STREET,3 STREET,5 AVENUE,6 AVENUE,11215,BROOKLYN,BROOKLYN,06 BROOKLYN,40.67238537369058,-73.98245106047466
32515359,2016-01-25T08:21:00.000,Snow,E9 Snow / Icy Sidewalk,Sidewalk,102-21 MARTENSE AVENUE,MARTENSE AVENUE,PENROD STREET,103 STREET,11368,Corona,QUEENS,04 QUEENS,40.740011153106046,-73.85691463367372
32515360,2016-01-25T08:23:00.000,Snow,E9 Snow / Icy Sidewalk,Sidewalk,380 EAST   18 STREET,EAST   18 STREET,CORTELYOU ROAD,DORCHESTER ROAD,11226,BROOKLYN,BROOKLYN,14 BROOKLYN,40.64176228336423,-73.96163201406432
32515363,2016-01-25T18:38:00.000,Snow,E9 Snow / Icy Sidewalk,Sidewalk,168-40 127 AVENUE,127 AVENUE,BEND,BEND,11434,Jamaica,QUEENS,12 QUEENS,40.6784029554246,-73.77365640835279
32515365,2016-01-25T12:42:00.000,Snow,E9 Snow / Icy Sidewalk,Sidewalk,23-06 28 STREET,28 STREET,23 AVENUE,24 AVENUE,11105,Astoria,QUEENS,01 QUEENS,40.77515204634432,-73.91504440308528
32515366,2016-01-25T12:23:00.000,Snow,E9 Snow / Icy Sidewalk,Sidewalk,928 HANCOCK STREET,HANCOCK STREET,HOWARD AVENUE,SARATOGA AVENUE,11233,BROOKLYN,BROOKLYN,03 BROOKLYN,40.686188521515824,-73.91815769550077
32515367,2016-01-25T12:32:00.000,Snow,E9 Snow / Icy Sidewalk,Sidewalk,,,,,11229,BROOKLYN,BROOKLYN,15 BROOKLYN,40.60402888659115,-73.95229400233401
32515371,2016-01-25T14:53:00.000,Snow,E9 Snow / Icy Sidewalk,Sidewalk,84-08 53 AVENUE,53 AVENUE,DEAD END,HASPEL STREET,11373,Elmhurst,QUEENS,04 QUEENS,40.73342692994653,-73.88147219222182
32515372,2016-01-25T14:35:00.000,Snow,E9 Snow / Icy Sidewalk,Sidewalk,239 CARLTON AVENUE,CARLTON AVENUE,WILLOUGHBY AVENUE,DEKALB AVENUE,11205,BROOKLYN,BROOKLYN,02 BROOKLYN,40.690545543487865,-73.97231719327134
32515373,2016-01-25T14:42:00.000,Snow,E9 Snow / Icy Sidewalk,Sidewalk,87-44 89 STREET,89 STREET,JAMAICA AVENUE,88 AVENUE,11421,Woodhaven,QUEENS,09 QUEENS,40.69208560332839,-73.85534067843842
32515374,2016-01-25T14:24:00.000,Snow,E9 Snow / Icy Sidewalk,Sidewalk,1263 PRESIDENT STREET,PRESIDENT STREET,NEW YORK AVENUE,BROOKLYN AVENUE,11213,BROOKLYN,BROOKLYN,09 BROOKLYN,40.66790622881873,-73.94748287913488
32515376,2016-01-25T17:29:00.000,Snow,E9 Snow / Icy Sidewalk,Sidewalk,15 EAST   77 STREET,EAST   77 STREET,5 AVENUE,MADISON AVENUE,10075,NEW YORK,MANHATTAN,08 MANHATTAN,40.77540830866955,-73.96403184001423
32515377,2016-01-25T16:48:00.000,Snow,E9 Snow / Icy Sidewalk,Sidewalk,5 ARLINGTON AVENUE,ARLINGTON AVENUE,RICHMOND TERRACE,BENJAMIN PLACE,10303,STATEN ISLAND,STATEN ISLAND,01 STATEN ISLAND,40.6400659234794,-74.16734411135103
32515378,2016-01-25T16:42:00.000,Snow,E9 Snow / Icy Sidewalk,Sidewalk,,,,,11422,Rosedale,QUEENS,13 QUEENS,40.651574385780414,-73.73584935754766
32515382,2016-01-25T16:06:00.000,Snow,E9 Snow / Icy Sidewalk,Sidewalk,293 BOND STREET,BOND STREET,SACKETT STREET,UNION STREET,11231,BROOKLYN,BROOKLYN,06 BROOKLYN,40.680335079884046,-73.98928478524908
32515385,2016-01-25T13:39:00.000,Snow,E9 Snow / Icy Sidewalk,Sidewalk,52-22 METROPOLITAN AVENUE,METROPOLITAN AVENUE,STARR STREET,GRANDVIEW AVENUE,11385,Ridgewood,QUEENS,05 QUEENS,40.7133972411331,-73.91416721207426
32515386,2016-01-25T13:21:00.000,Snow,E9 Snow / Icy Sidewalk,Sidewalk,575 GRAND AVENUE,GRAND AVENUE,BERGEN STREET,ST MARKS AVENUE,11238,BROOKLYN,BROOKLYN,08 BROOKLYN,40.67798810469399,-73.96228175142863
32515387,2016-01-25T13:13:00.000,Snow,E9 Snow / Icy Sidewalk,Sidewalk,,,,,11356,College Point,QUEENS,07 QUEENS,40.78586921284699,-73.84953969990822
32515391,2016-01-25T12:47:00.000,Snow,E9 Snow / Icy Sidewalk,Sidewalk,123-03 25 ROAD,25 ROAD,123 STREET,124 STREET,11354,Flushing,QUEENS,07 QUEENS,40.77567225918028,-73.84520840932655
32515392,2016-01-25T18:06:00.000,Snow,E9 Snow / Icy Sidewalk,Sidewalk,350 SAINT ANN'S AVENUE,SAINT ANN'S AVENUE,EAST 141 STREET,EAST 142 STREET,10454,BRONX,BRONX,01 BRONX,40.80947817793993,-73.91575196452845
32515393,2016-01-25T17:49:00.000,Snow,E9 Snow / Icy Sidewalk,Sidewalk,,,,,,,STATEN ISLAND,03 STATEN ISLAND,,
32515395,2016-01-25T16:14:00.000,Snow,E9 Snow / Icy Sidewalk,Sidewalk,,,,,10027,NEW YORK,MANHATTAN,09 MANHATTAN,40.808001944384515,-73.96389863279262
32515398,2016-01-25T15:52:00.000,Snow,E9 Snow / Icy Sidewalk,Sidewalk,,,,,10456,BRONX,BRONX,03 BRONX,40.828946369820535,-73.90502068295721
32515399,2016-01-25T12:48:00.000,Snow,E9 Snow / Icy Sidewalk,Sidewalk,380 GR CONCOURSE,GR CONCOURSE,EAST 140 STREET,EAST 144 STREET,10451,BRONX,BRONX,01 BRONX,40.81579415652308,-73.92849328747062
32515400,2016-01-25T09:36:00.000,Snow,E9 Snow / Icy Sidewalk,Sidewalk,41 HENRY STREET,HENRY STREET,CATHERINE STREET,MARKET STREET,10002,NEW YORK,MANHATTAN,03 MANHATTAN,40.712932354567904,-73.99563534639827
32515405,2016-01-25T12:46:00.000,Snow,E9 Snow / Icy Sidewalk,Sidewalk,495 LORIMER STREET,LORIMER STREET,GRAND STREET,POWERS STREET,11211,BROOKLYN,BROOKLYN,01 BROOKLYN,40.711696972902615,-73.94899220980743
32515409,2016-01-25T12:43:00.000,Snow,E9 Snow / Icy Sidewalk,Sidewalk,88-19 187 PLACE,187 PLACE,HILLSIDE AVENUE,89 AVENUE,11423,Hollis,QUEENS,12 QUEENS,40.714536229849934,-73.77418301038766
32515410,2016-01-25T12:16:00.000,Snow,E9 Snow / Icy Sidewalk,Sidewalk,,,,,11385,Ridgewood,QUEENS,05 QUEENS,40.709413488661916,-73.91640144491073
32515411,2016-01-25T12:21:00.000,Snow,E9 Snow / Icy Sidewalk,Sidewalk,1622 VAN BUREN STREET,VAN BUREN STREET,DEAD END,VAN NEST AVENUE,10460,BRONX,BRONX,11 BRONX,40.8404941628804,-73.86934415437186
32515414,2016-01-25T16:59:00.000,Snow,E9 Snow / Icy Sidewalk,Sidewalk,237-17 EDMORE AVENUE,EDMORE AVENUE,GETTYSBURG STREET,DEAD END,11426,Bellerose,QUEENS,13 QUEENS,40.72546165022437,-73.73013028788219
32515415,2016-01-25T09:09:00.000,Snow,E9 Snow / Icy Sidewalk,Sidewalk,,,,,11355,Flushing,QUEENS,07 QUEENS,40.75224073198343,-73.82084964070637
32515420,2016-01-25T12:54:00.000,Snow,E9 Snow / Icy Sidewalk,Sidewalk,2135 CATON AVENUE,CATON AVENUE,FLATBUSH AVENUE,BEND,11226,BROOKLYN,BROOKLYN,14 BROOKLYN,40.6529518678756,-73.95902355657093
32515421,2016-01-25T18:53:00.000,Snow,E9 Snow / Icy Sidewalk,Sidewalk,97-11 147 PLACE,147 PLACE,97 AVENUE,LIBERTY AVENUE,11435,Jamaica,QUEENS,12 QUEENS,40.69738533287117,-73.80485155447742
32515422,2016-01-25T17:32:00.000,Snow,E9 Snow / Icy Sidewalk,Sidewalk,,,,,11415,Kew Gardens,QUEENS,09 QUEENS,40.712198602397436,-73.83257218619315
32515424,2016-01-25T12:34:00.000,Snow,E9 Snow / Icy Sidewalk,Sidewalk,28 2 STREET,2 STREET,SMITH STREET,HOYT STREET,11231,BROOKLYN,BROOKLYN,06 BROOKLYN,40.67903167804978,-73.99445862612457
32515430,2016-01-25T16:28:00.000,Snow,E9 Snow / Icy Sidewalk,Sidewalk,270 NORWAY AVENUE,NORWAY AVENUE,APPLEBY AVENUE,NUGENT AVENUE,10305,STATEN ISLAND,STATEN ISLAND,02 STATEN ISLAND,40.59199583316834,-74.0776401557816
32515438,2016-01-25T16:50:00.000,Snow,E9 Snow / Icy Sidewalk,Sidewalk,9812 GLENWOOD ROAD,GLENWOOD ROAD,EAST 98 STREET,EAST 99 STREET,11236,BROOKLYN,BROOKLYN,18 BROOKLYN,40.64581052911679,-73.90125263907397
32515439,2016-01-25T16:18:00.000,Snow,E9 Snow / Icy Sidewalk,Sidewalk,317 EAST  183 STREET,EAST  183 STREET,VALENTINE AVENUE,TIEBOUT AVENUE,10458,BRONX,BRONX,05 BRONX,40.85670570718486,-73.89783428195481
32515441,2016-01-25T13:59:00.000,Snow,E9 Snow / Icy Sidewalk,Sidewalk,1749 EAST   37 STREET,EAST   37 STREET,QUENTIN ROAD,AVENUE R,11234,BROOKLYN,BROOKLYN,18 BROOKLYN,40.61429424095045,-73.9351131769448
32515446,2016-01-25T16:14:00.000,Snow,E9 Snow / Icy Sidewalk,Sidewalk,50-15 193 STREET,193 STREET,50 AVENUE,53 AVENUE,11365,Fresh Meadows,QUEENS,11 QUEENS,40.74808344752131,-73.78605861502476
32515448,2016-01-25T15:56:00.000,Snow,E9 Snow / Icy Sidewalk,Sidewalk,51-20 GOLDSMITH STREET,GOLDSMITH STREET,QUEENS BOULEVARD,GRAND AVENUE,11373,Elmhurst,QUEENS,04 QUEENS,40.73672777600019,-73.88041265498367
32515449,2016-01-25T15:58:00.000,Snow,E9 Snow / Icy Sidewalk,Sidewalk,145-36 5 AVENUE,5 AVENUE,I 678,147 STREET,11357,Whitestone,QUEENS,07 QUEENS,40.79445986988629,-73.82408034653383
32515450,2016-01-25T11:51:00.000,Snow,E9 Snow / Icy Sidewalk,Sidewalk,260-34 LANGSTON AVENUE,LANGSTON AVENUE,260 STREET,261 STREET,11004,Glen Oaks,QUEENS,13 QUEENS,40.75227256116811,-73.7186776423136
32515451,2016-01-25T11:23:00.000,Snow,E9 Snow / Icy Sidewalk,Sidewalk,1533 BROADWAY,BROADWAY,HANCOCK STREET,,11221,BROOKLYN,BROOKLYN,04 BROOKLYN,40.68645097155273,-73.91669705644867
32515452,2016-01-25T10:57:00.000,Snow,E9 Snow / Icy Sidewalk,Sidewalk,,,,,11237,BROOKLYN,BROOKLYN,04 BROOKLYN,40.69953105419444,-73.91103665226316
32515453,2016-01-25T10:37:00.000,Snow,E9 Snow / Icy Sidewalk,Sidewalk,,,,,11207,BROOKLYN,BROOKLYN,05 BROOKLYN,40.67720729715568,-73.89722598578166
32515456,2016-01-25T09:20:00.000,Snow,E9 Snow / Icy Sidewalk,Sidewalk,47-30 29 STREET,29 STREET,47 AVENUE,BEND,11101,Long Island City,QUEENS,02 QUEENS,40.74272134929094,-73.9385463434223
32515457,2016-01-25T16:36:00.000,Snow,E9 Snow / Icy Sidewalk,Sidewalk,1723 STEPHEN STREET,STEPHEN STREET,CYPRESS AVENUE,SENECA AVENUE,11385,Ridgewood,QUEENS,05 QUEENS,40.69795061562115,-73.90159374830006
32517115,2016-01-25T14:30:00.000,Snow,E9 Snow / Icy Sidewalk,Sidewalk,,,,,10034,NEW YORK,MANHATTAN,12 MANHATTAN,40.86900046610155,-73.92031900844592
32517116,2016-01-25T13:38:00.000,Snow,E9 Snow / Icy Sidewalk,Sidewalk,3971 WHITE PLAINS ROAD,WHITE PLAINS ROAD,EAST 224 STREET,EAST 225 STREET,10466,BRONX,BRONX,12 BRONX,40.887659777456435,-73.86054621091371
32517167,2016-01-25T14:12:00.000,Snow,E9 Snow / Icy Sidewalk,Sidewalk,87-22 CORONA AVENUE,CORONA AVENUE,87 STREET,88 STREET,11373,Elmhurst,QUEENS,04 QUEENS,40.740144003503175,-73.8768664588126
32517171,2016-01-25T22:03:00.000,Snow,E9 Snow / Icy Sidewalk,Sidewalk,,,,,11417,Ozone Park,QUEENS,10 QUEENS,40.66711593551115,-73.83464990083665
32517172,2016-01-25T16:47:00.000,Snow,E9 Snow / Icy Sidewalk,Sidewalk,60-12 136 STREET,136 STREET,60 AVENUE,LONG ISLAND EXPRESSWAY,11355,Flushing,QUEENS,07 QUEENS,40.74346816873762,-73.82967873174688
32517178,2016-01-25T08:21:00.000,Snow,E9 Snow / Icy Sidewalk,Sidewalk,143 PALMETTO STREET,PALMETTO STREET,EVERGREEN AVENUE,CENTRAL AVENUE,11221,BROOKLYN,BROOKLYN,04 BROOKLYN,40.69302523301583,-73.91743890649889
32517179,2016-01-25T17:40:00.000,Snow,E9 Snow / Icy Sidewalk,Sidewalk,37-19 29 STREET,29 STREET,37 AVENUE,38 AVENUE,11101,Long Island City,QUEENS,01 QUEENS,40.755478501891744,-73.93284246098104
32517180,2016-01-25T22:25:00.000,Snow,E9 Snow / Icy Sidewalk,Sidewalk,,,,,11234,BROOKLYN,BROOKLYN,18 BROOKLYN,40.6188304047978,-73.92881955748462
32517181,2016-01-25T20:59:00.000,Snow,E9 Snow / Icy Sidewalk,Sidewalk,,,,,10467,BRONX,BRONX,12 BRONX,40.87779868838609,-73.86804860553718
32517182,2016-01-25T20:31:00.000,Snow,E9 Snow / Icy Sidewalk,Sidewalk,,,,,10029,NEW YORK,MANHATTAN,11 MANHATTAN,40.79480852487541,-73.9444068205819
32517183,2016-01-25T16:30:00.000,Snow,E9 Snow / Icy Sidewalk,Sidewalk,,,,,11414,Howard Beach,QUEENS,10 QUEENS,40.6624312805368,-73.85337569593325
32517184,2016-01-25T16:38:00.000,Snow,E9 Snow / Icy Sidewalk,Sidewalk,486 1 STREET,1 STREET,7 AVENUE,8 AVENUE,11215,BROOKLYN,BROOKLYN,06 BROOKLYN,40.671138160036236,-73.97638435627096
32517185,2016-01-25T16:22:00.000,Snow,E9 Snow / Icy Sidewalk,Sidewalk,68-14 ELIOT AVENUE,ELIOT AVENUE,68 STREET,69 STREET,11379,Middle Village,QUEENS,05 QUEENS,40.71904923767308,-73.89197750785536
32517186,2016-01-25T15:10:00.000,Snow,E9 Snow / Icy Sidewalk,Sidewalk,69 VANDERBILT AVENUE,VANDERBILT AVENUE,PARK AVENUE,MYRTLE AVENUE,11205,BROOKLYN,BROOKLYN,02 BROOKLYN,40.695411509200376,-73.97027406142413
32517187,2016-01-25T14:47:00.000,Snow,E9 Snow / Icy Sidewalk,Sidewalk,2294 UNIVERSITY AVENUE,UNIVERSITY AVENUE,WEST 183 STREET,WEST FORDHAM ROAD,10468,BRONX,BRONX,07 BRONX,40.86072601175814,-73.90675034550664
32517191,2016-01-25T17:21:00.000,Snow,E9 Snow / Icy Sidewalk,Sidewalk,66-23 BURNS STREET,BURNS STREET,THORNTON PLACE,67 AVENUE,11374,Rego Park,QUEENS,06 QUEENS,40.72353802029059,-73.85764629374617
32517192,2016-01-25T17:05:00.000,Snow,E9 Snow / Icy Sidewalk,Sidewalk,,,,,11432,Jamaica,QUEENS,08 QUEENS,40.71001289201545,-73.7947294048248
32517193,2016-01-25T16:29:00.000,Snow,E9 Snow / Icy Sidewalk,Sidewalk,1865 OCEAN AVENUE,OCEAN AVENUE,BAY AVENUE,AVENUE N,11230,BROOKLYN,BROOKLYN,14 BROOKLYN,40.61650493113303,-73.95464435764946
32517194,2016-01-25T15:23:00.000,Snow,E9 Snow / Icy Sidewalk,Sidewalk,,,,,11413,Springfield Gardens,QUEENS,13 QUEENS,40.659348038580575,-73.75981940424063
32517195,2016-01-25T21:16:00.000,Snow,E9 Snow / Icy Sidewalk,Sidewalk,526 TINTON AVENUE,TINTON AVENUE,EAST 147 STREET,EAST 149 STREET,10455,BRONX,BRONX,01 BRONX,40.81219105854694,-73.90648960775535
32517196,2016-01-25T21:05:00.000,Snow,E9 Snow / Icy Sidewalk,Sidewalk,,,,,10309,STATEN ISLAND,STATEN ISLAND,03 STATEN ISLAND,40.542869340657205,-74.21530645592553
32517197,2016-01-25T20:37:00.000,Snow,E9 Snow / Icy Sidewalk,Sidewalk,88-57 81 AVENUE,81 AVENUE,88 STREET,WOODHAVEN BOULEVARD,11385,Ridgewood,QUEENS,05 QUEENS,40.70457274531777,-73.85849830108161
32517198,2016-01-25T20:42:00.000,Snow,E9 Snow / Icy Sidewalk,Sidewalk,2172 2 AVENUE,2 AVENUE,EAST 111 STREET,EAST 112 STREET,10029,NEW YORK,MANHATTAN,11 MANHATTAN,40.794235298938126,-73.93978450529063
32517199,2016-01-25T20:01:00.000,Snow,E9 Snow / Icy Sidewalk,Sidewalk,,,,,11364,Oakland Gardens,QUEENS,11 QUEENS,40.74084000509053,-73.75829507768788
32517200,2016-01-25T20:24:00.000,Snow,E9 Snow / Icy Sidewalk,Sidewalk,,,,,10310,STATEN ISLAND,STATEN ISLAND,01 STATEN ISLAND,40.6431132484649,-74.11275331036245
32517204,2016-01-25T23:57:00.000,Snow,E9 Snow / Icy Sidewalk,Sidewalk,136 SUTTER AVENUE,SUTTER AVENUE,SARATOGA AVENUE,STRAUSS STREET,11212,BROOKLYN,BROOKLYN,16 BROOKLYN,40.66620262829655,-73.91651327603775
32517205,2016-01-25T22:24:00.000,Snow,E9 Snow / Icy Sidewalk,Sidewalk,301 6 AVENUE,6 AVENUE,CARMINE STREET,WEST 3 STREET,10014,NEW YORK,MANHATTAN,02 MANHATTAN,40.73065807548758,-74.0016525149548
32517206,2016-01-25T21:27:00.000,Snow,E9 Snow / Icy Sidewalk,Sidewalk,5023 13 AVENUE,13 AVENUE,50 STREET,51 STREET,11219,BROOKLYN,BROOKLYN,12 BROOKLYN,40.63428891961328,-73.99286985926126
32517207,2016-01-25T20:48:00.000,Snow,E9 Snow / Icy Sidewalk,Sidewalk,,,,,11203,BROOKLYN,BROOKLYN,09 BROOKLYN,40.65829633485246,-73.9310841338467
32517208,2016-01-25T20:32:00.000,Snow,E9 Snow / Icy Sidewalk,Sidewalk,,,,,11215,BROOKLYN,BROOKLYN,07 BROOKLYN,40.6600184081979,-73.99121634410534
32517209,2016-01-25T20:33:00.000,Snow,E9 Snow / Icy Sidewalk,Sidewalk,1929 BRUCKNER BOULEVARD,BRUCKNER BOULEVARD,VIRGINIA AVENUE,BRUCKNER EXPRESSWAY EXIT 53 WB,10472,BRONX,BRONX,09 BRONX,40.82647215868205,-73.85835108882166
32517210,2016-01-25T20:40:00.000,Snow,E9 Snow / Icy Sidewalk,Sidewalk,,,,,11218,BROOKLYN,BROOKLYN,12 BROOKLYN,40.638269214162285,-73.97548800337452
32517211,2016-01-25T20:24:00.000,Snow,E9 Snow / Icy Sidewalk,Sidewalk,64-19 108 STREET,108 STREET,64 AVENUE,64 ROAD,11375,Forest Hills,QUEENS,06 QUEENS,40.73249735915715,-73.84936433930417
32517212,2016-01-25T19:24:00.000,Snow,E9 Snow / Icy Sidewalk,Sidewalk,12 UNDERHILL AVENUE,UNDERHILL AVENUE,UNDERHILL AVENUE,PACIFIC STREET,11238,BROOKLYN,BROOKLYN,08 BROOKLYN,40.68068148263308,-73.96465979705562
32517213,2016-01-25T11:59:00.000,Snow,E9 Snow / Icy Sidewalk,Sidewalk,1 MARGARET COURT,MARGARET COURT,DEAD END,EAST 13 STREET,11235,BROOKLYN,BROOKLYN,15 BROOKLYN,40.58888235670782,-73.95742106431662
32517214,2016-01-25T11:18:00.000,Snow,E9 Snow / Icy Sidewalk,Sidewalk,1601 CARROLL STREET,CARROLL STREET,SCHENECTADY AVENUE,UTICA AVENUE,11213,BROOKLYN,BROOKLYN,09 BROOKLYN,40.666238282847715,-73.93328916965089
32517215,2016-01-25T11:18:00.000,Snow,E9 Snow / Icy Sidewalk,Sidewalk,66 LEXINGTON AVENUE,LEXINGTON AVENUE,CLASSON AVENUE,FRANKLIN AVENUE,11238,BROOKLYN,BROOKLYN,03 BROOKLYN,40.68672090497744,-73.95915785165259
32517218,2016-01-25T20:16:00.000,Snow,E9 Snow / Icy Sidewalk,Sidewalk,2287 MCDONALD AVENUE,MCDONALD AVENUE,VILLAGE ROAD NORTH,GRAVESEND NECK ROAD,11223,BROOKLYN,BROOKLYN,15 BROOKLYN,40.59633104472068,-73.97332128204846
32517219,2016-01-25T20:17:00.000,Snow,E9 Snow / Icy Sidewalk,Sidewalk,2067 ROYCE STREET,ROYCE STREET,AVENUE T,AVENUE U,11234,BROOKLYN,BROOKLYN,18 BROOKLYN,40.622203092306265,-73.90510234851777
32517220,2016-01-25T20:27:00.000,Snow,E9 Snow / Icy Sidewalk,Sidewalk,210 SKILLMAN STREET,SKILLMAN STREET,WILLOUGHBY AVENUE,DEKALB AVENUE,11205,BROOKLYN,BROOKLYN,03 BROOKLYN,40.69191307080137,-73.95659079453107
32517221,2016-01-25T19:16:00.000,Snow,E9 Snow / Icy Sidewalk,Sidewalk,1675 79 STREET,79 STREET,16 AVENUE,NEW UTRECHT AVENUE,11214,BROOKLYN,BROOKLYN,11 BROOKLYN,40.61307738666763,-74.00159197615177
32517222,2016-01-25T11:41:00.000,Snow,E9 Snow / Icy Sidewalk,Sidewalk,33-01 37 AVENUE,37 AVENUE,33 STREET,34 STREET,11101,Long Island City,QUEENS,01 QUEENS,40.75406291257634,-73.92942219580955
32517223,2016-01-25T11:19:00.000,Snow,E9 Snow / Icy Sidewalk,Sidewalk,110-01 72 AVENUE,72 AVENUE,110 STREET,112 STREET,11375,Forest Hills,QUEENS,06 QUEENS,40.72108921540736,-73.84052986145313
32517224,2016-01-25T11:19:00.000,Snow,E9 Snow / Icy Sidewalk,Sidewalk,725 MADISON AVENUE,MADISON AVENUE,EAST 63 STREET,EAST 64 STREET,10065,NEW YORK,MANHATTAN,08 MANHATTAN,40.766522355917246,-73.96926038776712
32517225,2016-01-25T10:54:00.000,Snow,E9 Snow / Icy Sidewalk,Sidewalk,216 6 AVENUE,6 AVENUE,UNION STREET,PRESIDENT STREET,11215,BROOKLYN,BROOKLYN,06 BROOKLYN,40.674975731046416,-73.97828648964202
32517226,2016-01-25T10:25:00.000,Snow,E9 Snow / Icy Sidewalk,Sidewalk,310 CENTRAL AVENUE,CENTRAL AVENUE,GREENE AVENUE,BLEECKER STREET,11221,BROOKLYN,BROOKLYN,04 BROOKLYN,40.69583303415042,-73.92121475663562
32517227,2016-01-25T10:01:00.000,Snow,E9 Snow / Icy Sidewalk,Sidewalk,2220 62 STREET,62 STREET,BAY PARKWAY,23 AVENUE,11204,BROOKLYN,BROOKLYN,11 BROOKLYN,40.61516426620147,-73.97899390212606
32517235,2016-01-25T11:05:00.000,Snow,E9 Snow / Icy Sidewalk,Sidewalk,9719 FLATLANDS AVENUE,FLATLANDS AVENUE,ROCKAWAY PARKWAY,EAST 98 STREET,11236,BROOKLYN,BROOKLYN,18 BROOKLYN,40.643825339687766,-73.90043039427938
32517236,2016-01-25T10:32:00.000,Snow,E9 Snow / Icy Sidewalk,Sidewalk,30-50 33 STREET,33 STREET,30 AVENUE,31 AVENUE,11102,Astoria,QUEENS,01 QUEENS,40.76484968245572,-73.92085514844428
32517237,2016-01-25T09:53:00.000,Snow,E9 Snow / Icy Sidewalk,Sidewalk,110-11 QUEENS BOULEVARD,QUEENS BOULEVARD,72 ROAD,72 DRIVE,11375,Forest Hills,QUEENS,06 QUEENS,40.719922659814266,-73.84050739996322
32517238,2016-01-25T09:41:00.000,Snow,E9 Snow / Icy Sidewalk,Sidewalk,104 PENN STREET,PENN STREET,WYTHE AVENUE,BEDFORD AVENUE,11249,BROOKLYN,BROOKLYN,01 BROOKLYN,40.70159757474488,-73.95922447497217
32517239,2016-01-25T09:18:00.000,Snow,E9 Snow / Icy Sidewalk,Sidewalk,501 WEST   42 STREET,WEST   42 STREET,10 AVENUE,AMTRAK RAILROAD,10036,NEW YORK,MANHATTAN,04 MANHATTAN,40.759680984288686,-73.9955817474978
32517240,2016-01-25T09:09:00.000,Snow,E9 Snow / Icy Sidewalk,Sidewalk,515 3 AVENUE,3 AVENUE,12 STREET,13 STREET,11215,BROOKLYN,BROOKLYN,06 BROOKLYN,40.66955935411039,-73.99259212355598
32517246,2016-01-25T10:07:00.000,Snow,E9 Snow / Icy Sidewalk,Sidewalk,30-14 45 STREET,45 STREET,30 AVENUE,30 ROAD,11103,Astoria,QUEENS,01 QUEENS,40.761710927968686,-73.91124599379707
32517247,2016-01-25T09:53:00.000,Snow,E9 Snow / Icy Sidewalk,Sidewalk,,,,,10075,NEW YORK,MANHATTAN,08 MANHATTAN,40.77427868000803,-73.9593929897334
32517248,2016-01-25T09:40:00.000,Snow,E9 Snow / Icy Sidewalk,Sidewalk,643 FRANKLIN AVENUE,FRANKLIN AVENUE,BERGEN STREET,ST MARKS AVENUE,11238,BROOKLYN,BROOKLYN,08 BROOKLYN,40.67643777236141,-73.95587262133378
32517249,2016-01-25T09:23:00.000,Snow,E9 Snow / Icy Sidewalk,Sidewalk,80-20 88 ROAD,88 ROAD,80 STREET,85 STREET,11421,Woodhaven,QUEENS,09 QUEENS,40.68948171022466,-73.86051356490377
32517250,2016-01-25T09:26:00.000,Snow,E9 Snow / Icy Sidewalk,Sidewalk,44 VICTORY BOULEVARD,VICTORY BOULEVARD,ST MARKS PLACE,MONTGOMERY AVENUE,10301,STATEN ISLAND,STATEN ISLAND,01 STATEN ISLAND,40.63800406994422,-74.07764684561054
32517251,2016-01-25T09:05:00.000,Snow,E9 Snow / Icy Sidewalk,Sidewalk,34-20 31 AVENUE,31 AVENUE,34 STREET,35 STREET,11106,Astoria,QUEENS,01 QUEENS,40.76308206678599,-73.92085363901371
32517252,2016-01-25T09:07:00.000,Snow,E9 Snow / Icy Sidewalk,Sidewalk,1022 MADISON AVENUE,MADISON AVENUE,EAST 78 STREET,EAST 79 STREET,10075,NEW YORK,MANHATTAN,08 MANHATTAN,40.77600338503048,-73.96236704650585
32517253,2016-01-25T09:14:00.000,Snow,E9 Snow / Icy Sidewalk,Sidewalk,110-45 QUEENS BOULEVARD,QUEENS BOULEVARD,72 DRIVE,73 AVENUE,11375,Forest Hills,QUEENS,06 QUEENS,40.7192948930886,-73.83909836891209
32517266,2016-01-25T08:40:00.000,Snow,E9 Snow / Icy Sidewalk,Sidewalk,66-10 YELLOWSTONE BOULEVARD,YELLOWSTONE BOULEVARD,66 AVENUE,66 ROAD,11375,Forest Hills,QUEENS,06 QUEENS,40.72944319094418,-73.84993770725319
32517267,2016-01-25T14:46:00.000,Snow,E9 Snow / Icy Sidewalk,Sidewalk,80 BEARD STREET,BEARD STREET,BEND,TRAVIS AVENUE,10314,STATEN ISLAND,STATEN ISLAND,02 STATEN ISLAND,40.586478528529696,-74.14995346129791
32517268,2016-01-25T14:46:00.000,Snow,E9 Snow / Icy Sidewalk,Sidewalk,,,,,10469,BRONX,BRONX,11 BRONX,40.867465488807596,-73.84429332488327
32517269,2016-01-25T14:53:00.000,Snow,E9 Snow / Icy Sidewalk,Sidewalk,130-54 232 STREET,232 STREET,130 AVENUE,131 AVENUE,11413,Springfield Gardens,QUEENS,13 QUEENS,40.67965804681735,-73.73539921399508
32517271,2016-01-25T14:36:00.000,Snow,E9 Snow / Icy Sidewalk,Sidewalk,1556 VICTORY BOULEVARD,VICTORY BOULEVARD,BRENTON PLACE,MOONLIGHT COURT,10314,STATEN ISLAND,STATEN ISLAND,01 STATEN ISLAND,40.61363155455291,-74.1154048553878
32517272,2016-01-25T08:36:00.000,Snow,E9 Snow / Icy Sidewalk,Sidewalk,39-24 57 STREET,57 STREET,39 AVENUE,WOODSIDE AVENUE,11377,Woodside,QUEENS,02 QUEENS,40.74740984986493,-73.90658053778638
32517274,2016-01-25T08:16:00.000,Snow,E9 Snow / Icy Sidewalk,Sidewalk,17 SHERADEN AVENUE,SHERADEN AVENUE,VICTORY BOULEVARD,PURDY AVENUE,10314,STATEN ISLAND,STATEN ISLAND,01 STATEN ISLAND,40.6113444793556,-74.13837953259774
32517290,2016-01-25T14:33:00.000,Snow,E9 Snow / Icy Sidewalk,Sidewalk,52-19 90 STREET,90 STREET,52 AVENUE,53 AVENUE,11373,Elmhurst,QUEENS,04 QUEENS,40.73861454340219,-73.87374789324592
32517291,2016-01-25T14:42:00.000,Snow,E9 Snow / Icy Sidewalk,Sidewalk,64-91 84 PLACE,84 PLACE,GOLDINGTON COURT,FURMANVILLE AVENUE,11379,Middle Village,QUEENS,05 QUEENS,40.71986611923889,-73.86733314351575
32517294,2016-01-25T14:22:00.000,Snow,E9 Snow / Icy Sidewalk,Sidewalk,87-46 52 AVENUE,52 AVENUE,JUSTICE AVENUE,BEND,11373,Elmhurst,QUEENS,04 QUEENS,40.738339131490385,-73.87540833932479
32517295,2016-01-25T13:58:00.000,Snow,E9 Snow / Icy Sidewalk,Sidewalk,876 BERGEN STREET,BERGEN STREET,CLASSON AVENUE,NYCTA SUBWAY,11238,BROOKLYN,BROOKLYN,08 BROOKLYN,40.67732248277097,-73.95826590607632
32517297,2016-01-25T13:24:00.000,Snow,E9 Snow / Icy Sidewalk,Sidewalk,2095 FLATBUSH AVENUE,FLATBUSH AVENUE,TROY AVENUE,AVENUE N,11234,BROOKLYN,BROOKLYN,18 BROOKLYN,40.61868992364088,-73.93254783936497
32517298,2016-01-25T17:44:00.000,Snow,E9 Snow / Icy Sidewalk,Sidewalk,,,,,11231,BROOKLYN,BROOKLYN,06 BROOKLYN,40.676487398993885,-73.99872737127434
32517303,2016-01-25T17:42:00.000,Snow,E9 Snow / Icy Sidewalk,Sidewalk,206 19 STREET,19 STREET,4 AVENUE,5 AVENUE,11232,BROOKLYN,BROOKLYN,07 BROOKLYN,40.66309544594384,-73.99329931492406
32517304,2016-01-25T17:43:00.000,Snow,E9 Snow / Icy Sidewalk,Sidewalk,7802 3 AVENUE,3 AVENUE,78 STREET,79 STREET,11209,BROOKLYN,BROOKLYN,10 BROOKLYN,40.62917749783611,-74.02873813922014
32517310,2016-01-25T17:21:00.000,Snow,E9 Snow / Icy Sidewalk,Sidewalk,121 2 AVENUE,2 AVENUE,EAST 7 STREET,ST MARKS PLACE,10003,NEW YORK,MANHATTAN,03 MANHATTAN,40.728146011781064,-73.98801069823364
32517315,2016-01-25T12:50:00.000,Snow,E9 Snow / Icy Sidewalk,Sidewalk,200 NEWELL STREET,NEWELL STREET,MESEROLE AVENUE,CALYER STREET,11222,BROOKLYN,BROOKLYN,01 BROOKLYN,40.7288684919172,-73.94968262898576
32517316,2016-01-25T12:54:00.000,Snow,E9 Snow / Icy Sidewalk,Sidewalk,,,,,11418,Richmond Hill,QUEENS,09 QUEENS,40.70698830008538,-73.83781157868371
32517317,2016-01-25T12:55:00.000,Snow,E9 Snow / Icy Sidewalk,Sidewalk,,,,,11215,BROOKLYN,BROOKLYN,07 BROOKLYN,40.660227219427114,-73.99458633876183
32517318,2016-01-25T17:04:00.000,Snow,E9 Snow / Icy Sidewalk,Sidewalk,2143 MULINER AVENUE,MULINER AVENUE,LYDIG AVENUE,PELHAM PARKWAY,10462,BRONX,BRONX,11 BRONX,40.8552246716197,-73.86198064010873
32517319,2016-01-25T13:27:00.000,Snow,E9 Snow / Icy Sidewalk,Sidewalk,5529 BROADWAY,BROADWAY,WEST 230 STREET,KIMBERLY PLACE,10463,BRONX,BRONX,08 BRONX,40.87762154135707,-73.90573945743223
32517323,2016-01-25T13:12:00.000,Snow,E9 Snow / Icy Sidewalk,Sidewalk,1403 BROADWAY,BROADWAY,MONROE STREET,WOODBINE STREET,11221,BROOKLYN,BROOKLYN,04 BROOKLYN,40.68876218521698,-73.92074713964057
32517324,2016-01-25T18:53:00.000,Snow,E9 Snow / Icy Sidewalk,Sidewalk,147-24 97 AVENUE,97 AVENUE,SUTPHIN BOULEVARD,147 PLACE,11435,Jamaica,QUEENS,12 QUEENS,40.69750649955122,-73.80508561100781
32517325,2016-01-25T17:45:00.000,Snow,E9 Snow / Icy Sidewalk,Sidewalk,119 AVENUE B,AVENUE B,EAST 7 STREET,EAST 8 STREET,10009,NEW YORK,MANHATTAN,03 MANHATTAN,40.72540579427881,-73.980957889537
32517329,2016-01-25T17:50:00.000,Snow,E9 Snow / Icy Sidewalk,Sidewalk,662 STERLING PLACE,STERLING PLACE,FRANKLIN AVENUE,BEDFORD AVENUE,11216,BROOKLYN,BROOKLYN,08 BROOKLYN,40.67315796192012,-73.95638670150353
32517333,2016-01-25T17:59:00.000,Snow,E9 Snow / Icy Sidewalk,Sidewalk,169 ARLINGTON AVENUE,ARLINGTON AVENUE,BENJAMIN PLACE,ARLINGTON PLACE,10303,STATEN ISLAND,STATEN ISLAND,01 STATEN ISLAND,40.63624771733901,-74.16748225994213
32517334,2016-01-25T12:42:00.000,Snow,E9 Snow / Icy Sidewalk,Sidewalk,90-22 83 AVENUE,83 AVENUE,WOODHAVEN BOULEVARD,DEAD END,11385,Ridgewood,QUEENS,06 QUEENS,40.70325049663774,-73.85467807703063
32517335,2016-01-25T12:22:00.000,Snow,E9 Snow / Icy Sidewalk,Sidewalk,328 WEST  108 STREET,WEST  108 STREET,BROADWAY,RIVERSIDE DRIVE,10025,NEW YORK,MANHATTAN,07 MANHATTAN,40.80317249355617,-73.96819235820797
32517336,2016-01-25T17:14:00.000,Snow,E9 Snow / Icy Sidewalk,Sidewalk,,,,,10016,NEW YORK,MANHATTAN,06 MANHATTAN,40.7460781227927,-73.97493586703608
32517337,2016-01-25T16:56:00.000,Snow,E9 Snow / Icy Sidewalk,Sidewalk,27-99 27 STREET,27 STREET,NEWTOWN AVENUE,30 AVENUE,11102,Astoria,QUEENS,01 QUEENS,40.76848039100464,-73.92406387772976
32517338,2016-01-25T16:40:00.000,Snow,E9 Snow / Icy Sidewalk,Sidewalk,96-05 QUEENS BOULEVARD,QUEENS BOULEVARD,JUNCTION BOULEVARD,63 DRIVE,11374,Rego Park,QUEENS,06 QUEENS,40.730169669701205,-73.8624164534643
32517341,2016-01-25T12:29:00.000,Snow,E9 Snow / Icy Sidewalk,Sidewalk,180 JACKSON STREET,JACKSON STREET,GRAHAM AVENUE,HUMBOLDT STREET,11211,BROOKLYN,BROOKLYN,01 BROOKLYN,40.71672844352214,-73.94379015656047
32517342,2016-01-25T12:00:00.000,Snow,E9 Snow / Icy Sidewalk,Sidewalk,,,,,11209,BROOKLYN,BROOKLYN,10 BROOKLYN,40.61651807149277,-74.03048323279624
32517343,2016-01-25T16:47:00.000,Snow,E9 Snow / Icy Sidewalk,Sidewalk,94 PROSPECT PARK WEST,PROSPECT PARK WEST,5 STREET,6 STREET,11215,BROOKLYN,BROOKLYN,06 BROOKLYN,40.666727030862255,-73.97509184756589
32517344,2016-01-25T08:58:00.000,Snow,E9 Snow / Icy Sidewalk,Sidewalk,66-91 60 PLACE,60 PLACE,PUTNAM AVENUE,KLEUPFEL COURT,11385,Ridgewood,QUEENS,05 QUEENS,40.70534344442685,-73.89976864314588
32517345,2016-01-25T16:46:00.000,Snow,E9 Snow / Icy Sidewalk,Sidewalk,,,,,11375,Forest Hills,QUEENS,06 QUEENS,40.71836919350643,-73.84055801431353
32517346,2016-01-25T15:56:00.000,Snow,E9 Snow / Icy Sidewalk,Sidewalk,,,,,11377,Woodside,QUEENS,02 QUEENS,40.741863453510625,-73.90750492962665
32517347,2016-01-25T15:33:00.000,Snow,E9 Snow / Icy Sidewalk,Sidewalk,328B MILES AVENUE,MILES AVENUE,BARLOW AVENUE,ISLINGTON STREET,10308,STATEN ISLAND,STATEN ISLAND,03 STATEN ISLAND,40.5603259644308,-74.15206490815152
32517348,2016-01-25T15:29:00.000,Snow,E9 Snow / Icy Sidewalk,Sidewalk,1000 EAST   17 STREET,EAST   17 STREET,AVENUE I,AVENUE J,11230,BROOKLYN,BROOKLYN,14 BROOKLYN,40.626212386636126,-73.95966680230572
32517350,2016-01-25T12:59:00.000,Snow,E9 Snow / Icy Sidewalk,Sidewalk,9 ADRIAN AVENUE,ADRIAN AVENUE,TERRACE VIEW AVENUE,WEST 227 STREET,10463,NEW YORK,MANHATTAN,08 BRONX,40.87606220921232,-73.91226132245717
32517351,2016-01-25T12:40:00.000,Snow,E9 Snow / Icy Sidewalk,Sidewalk,,,,,11103,Astoria,QUEENS,01 QUEENS,40.76963296499623,-73.91584930317036
32517352,2016-01-25T12:44:00.000,Snow,E9 Snow / Icy Sidewalk,Sidewalk,30-02 30 AVENUE,30 AVENUE,30 STREET,31 STREET,11102,Astoria,QUEENS,01 QUEENS,40.767200004464144,-73.92206173636029
32517353,2016-01-25T12:18:00.000,Snow,E9 Snow / Icy Sidewalk,Sidewalk,1089 PACIFIC STREET,PACIFIC STREET,CLASSON AVENUE,NYCTA SUBWAY,11238,BROOKLYN,BROOKLYN,08 BROOKLYN,40.67879883245683,-73.95734202386527
32517354,2016-01-25T16:35:00.000,Snow,E9 Snow / Icy Sidewalk,Sidewalk,435 LINDEN BOULEVARD,LINDEN BOULEVARD,EAST 37 STREET,EAST 38 STREET,11203,BROOKLYN,BROOKLYN,17 BROOKLYN,40.65304929135498,-73.94289237527897
32517356,2016-01-25T12:29:00.000,Snow,E9 Snow / Icy Sidewalk,Sidewalk,187 COURT STREET,COURT STREET,BERGEN STREET,CONGRESS STREET,11201,BROOKLYN,BROOKLYN,02 BROOKLYN,40.68774901210913,-73.99329323169981
32517357,2016-01-25T12:29:00.000,Snow,E9 Snow / Icy Sidewalk,Sidewalk,5004 20 AVENUE,20 AVENUE,50 STREET,51 STREET,11204,BROOKLYN,BROOKLYN,12 BROOKLYN,40.62486402054325,-73.97720766521029
32517358,2016-01-25T11:58:00.000,Snow,E9 Snow / Icy Sidewalk,Sidewalk,271 72 STREET,72 STREET,RIDGE BOULEVARD,3 AVENUE,11209,BROOKLYN,BROOKLYN,10 BROOKLYN,40.633747780710024,-74.02788622672286
32517359,2016-01-25T14:08:00.000,Snow,E9 Snow / Icy Sidewalk,Sidewalk,67 SECOND AVENUE,SECOND AVENUE,EAST 3 STREET,EAST 4 STREET,10003,NEW YORK,MANHATTAN,03 MANHATTAN,40.726101314064515,-73.98950472202321
32517360,2016-01-25T13:03:00.000,Snow,E9 Snow / Icy Sidewalk,Sidewalk,,,,,10023,NEW YORK,MANHATTAN,07 MANHATTAN,40.77387549830657,-73.98222574060378
32517361,2016-01-25T10:23:00.000,Snow,E9 Snow / Icy Sidewalk,Sidewalk,309 57 STREET,57 STREET,GOWANUS EXPWY EB EN BELT PKWY,4 AVENUE,11220,BROOKLYN,BROOKLYN,07 BROOKLYN,40.643427855242116,-74.0180962462739
32517362,2016-01-25T09:57:00.000,Snow,E9 Snow / Icy Sidewalk,Sidewalk,,,,,11432,Jamaica,QUEENS,12 QUEENS,40.71099594156311,-73.78740044430815
32517363,2016-01-25T16:08:00.000,Snow,E9 Snow / Icy Sidewalk,Sidewalk,2050 STILLWELL AVENUE,STILLWELL AVENUE,86 STREET,26 AVENUE,11223,BROOKLYN,BROOKLYN,11 BROOKLYN,40.59669276546368,-73.98526523092399
32517364,2016-01-25T15:27:00.000,Snow,E9 Snow / Icy Sidewalk,Sidewalk,,,,,11429,Queens Village,QUEENS,13 QUEENS,40.71328525018715,-73.73579237172676
32517365,2016-01-25T23:27:00.000,Snow,E9 Snow / Icy Sidewalk,Sidewalk,2102 59 STREET,59 STREET,21 AVENUE,BAY PARKWAY,11204,BROOKLYN,BROOKLYN,12 BROOKLYN,40.61840599700328,-73.97972049477114
32517366,2016-01-25T22:01:00.000,Snow,E9 Snow / Icy Sidewalk,Sidewalk,425 KEAP STREET,KEAP STREET,GRAND STREET,HOPE STREET,11211,BROOKLYN,BROOKLYN,01 BROOKLYN,40.7116520149338,-73.95299249927301
32517367,2016-01-25T23:25:00.000,Snow,E9 Snow / Icy Sidewalk,Sidewalk,116-02 QUEENS BOULEVARD,QUEENS BOULEVARD,77 AVENUE,78 AVENUE,11375,Forest Hills,QUEENS,06 QUEENS,40.715982054129036,-73.83337432996179
32517368,2016-01-25T22:53:00.000,Snow,E9 Snow / Icy Sidewalk,Sidewalk,35-01 31 AVENUE,31 AVENUE,35 STREET,36 STREET,11106,Astoria,QUEENS,01 QUEENS,40.76277417501548,-73.92015730334322
32517369,2016-01-25T22:57:00.000,Snow,E9 Snow / Icy Sidewalk,Sidewalk,84-43 57 ROAD,57 ROAD,84 STREET,85 STREET,11373,Elmhurst,QUEENS,04 QUEENS,40.730420335736206,-73.87780810056037
32517370,2016-01-25T21:17:00.000,Snow,E9 Snow / Icy Sidewalk,Sidewalk,6022 4 AVENUE,4 AVENUE,60 STREET,61 STREET,11220,BROOKLYN,BROOKLYN,07 BROOKLYN,40.640666517266766,-74.01862157121705
32517371,2016-01-25T21:27:00.000,Snow,E9 Snow / Icy Sidewalk,Sidewalk,,,,,11379,Middle Village,QUEENS,05 QUEENS,40.72848660921726,-73.87648029534317
32517372,2016-01-25T21:04:00.000,Snow,E9 Snow / Icy Sidewalk,Sidewalk,60 ROCKWELL AVENUE,ROCKWELL AVENUE,VIRGINIA AVENUE,CLIFTON AVENUE,10305,STATEN ISLAND,STATEN ISLAND,01 STATEN ISLAND,40.60716042780329,-74.07825563021294
32517373,2016-01-25T19:46:00.000,Snow,E9 Snow / Icy Sidewalk,Sidewalk,,,,,11385,Ridgewood,QUEENS,05 QUEENS,40.70114898881283,-73.89024653211935
32517374,2016-01-25T19:48:00.000,Snow,E9 Snow / Icy Sidewalk,Sidewalk,31-02 44 STREET,44 STREET,31 AVENUE,NEWTOWN ROAD,11103,Astoria,QUEENS,01 QUEENS,40.75943778717258,-73.91421978280957
32517377,2016-01-25T15:48:00.000,Snow,E9 Snow / Icy Sidewalk,Sidewalk,3709 RIVERDALE AVENUE,RIVERDALE AVENUE,FIELDSTON ROAD,WEST 238 STREET,10463,BRONX,BRONX,08 BRONX,40.88706164180747,-73.90711123081674
32517378,2016-01-25T10:31:00.000,Snow,E9 Snow / Icy Sidewalk,Sidewalk,,,,,10461,BRONX,BRONX,10 BRONX,40.838672521463074,-73.83566548974781
32517380,2016-01-25T09:27:00.000,Snow,E9 Snow / Icy Sidewalk,Sidewalk,42-24 43 AVENUE,43 AVENUE,42 STREET,43 STREET,11104,Sunnyside,QUEENS,02 QUEENS,40.745288492126285,-73.92176256829812
32517381,2016-01-25T21:00:00.000,Snow,E9 Snow / Icy Sidewalk,Sidewalk,4268 THIRD AVENUE,THIRD AVENUE,EAST 178 STREET,EAST 179 STREET,10457,BRONX,BRONX,06 BRONX,40.84814555268004,-73.895418494638
32517382,2016-01-25T21:01:00.000,Snow,E9 Snow / Icy Sidewalk,Sidewalk,30-47 69 STREET,69 STREET,BEND,31 AVENUE,11377,Woodside,QUEENS,03 QUEENS,40.75887592070828,-73.89834169186726
32517383,2016-01-25T19:59:00.000,Snow,E9 Snow / Icy Sidewalk,Sidewalk,272 22 STREET,22 STREET,5 AVENUE,6 AVENUE,11215,BROOKLYN,BROOKLYN,07 BROOKLYN,40.66003773001606,-73.99277339550255
32517385,2016-01-25T20:27:00.000,Snow,E9 Snow / Icy Sidewalk,Sidewalk,43-29 218 STREET,218 STREET,43 AVENUE,NORTHERN BOULEVARD,11361,Bayside,QUEENS,11 QUEENS,40.76218165531142,-73.76415219459787
32517386,2016-01-25T19:25:00.000,Snow,E9 Snow / Icy Sidewalk,Sidewalk,,,,,11238,BROOKLYN,BROOKLYN,03 BROOKLYN,40.680195219964425,-73.9554879645914
32517387,2016-01-25T11:33:00.000,Snow,E9 Snow / Icy Sidewalk,Sidewalk,1 CROSBY STREET,CROSBY STREET,HOWARD STREET,GRAND STREET,10013,NEW YORK,MANHATTAN,02 MANHATTAN,40.71968180223744,-74.0004978373505
32517388,2016-01-25T11:36:00.000,Snow,E9 Snow / Icy Sidewalk,Sidewalk,,,,,11374,Rego Park,QUEENS,06 QUEENS,40.730285708080324,-73.85851225436788
32517389,2016-01-25T11:42:00.000,Snow,E9 Snow / Icy Sidewalk,Sidewalk,,,,,10036,NEW YORK,MANHATTAN,04 MANHATTAN,40.76150081329756,-73.99781969164724
32517390,2016-01-25T11:21:00.000,Snow,E9 Snow / Icy Sidewalk,Sidewalk,,,,,11230,BROOKLYN,BROOKLYN,14 BROOKLYN,40.63051261779271,-73.95730083397692
32517391,2016-01-25T11:22:00.000,Snow,E9 Snow / Icy Sidewalk,Sidewalk,1586 UNION STREET,UNION STREET,TROY AVENUE,SCHENECTADY AVENUE,11213,BROOKLYN,BROOKLYN,09 BROOKLYN,40.66809267123177,-73.93622156337446
32517392,2016-01-25T11:28:00.000,Snow,E9 Snow / Icy Sidewalk,Sidewalk,555 4 AVENUE,4 AVENUE,15 STREET,16 STREET,11215,BROOKLYN,BROOKLYN,07 BROOKLYN,40.666317737666496,-73.99207341672324
32517393,2016-01-25T10:08:00.000,Snow,E9 Snow / Icy Sidewalk,Sidewalk,7 SCHMIDTS LANE,SCHMIDTS LANE,DEAD END,MELHORN ROAD,10314,STATEN ISLAND,STATEN ISLAND,02 STATEN ISLAND,40.60967317127565,-74.11303177754696
32517397,2016-01-25T10:53:00.000,Snow,E9 Snow / Icy Sidewalk,Sidewalk,1366 SIEGFRIED PLACE,SIEGFRIED PLACE,VALHALLA DRIVE,COUNTRY CLUB ROAD,10465,BRONX,BRONX,10 BRONX,40.84133589070838,-73.82334198655656
32517398,2016-01-25T10:55:00.000,Snow,E9 Snow / Icy Sidewalk,Sidewalk,213 AVENUE OF THE AMERICAS,AVENUE OF THE AMERICAS,CHARLTON STREET,KING STREET,10014,NEW YORK,MANHATTAN,02 MANHATTAN,40.72741373934022,-74.00327961345734
32517399,2016-01-25T10:28:00.000,Snow,E9 Snow / Icy Sidewalk,Sidewalk,2119 BEVERLY ROAD,BEVERLY ROAD,EAST 21 STREET,FLATBUSH AVENUE,11226,BROOKLYN,BROOKLYN,14 BROOKLYN,40.645046643242004,-73.95833293933407
32517408,2016-01-25T09:58:00.000,Snow,E9 Snow / Icy Sidewalk,Sidewalk,170 WEST   72 STREET,WEST   72 STREET,COLUMBUS AVENUE,AMSTERDAM AVENUE,10023,NEW YORK,MANHATTAN,07 MANHATTAN,40.778181735389296,-73.98063949983205
32517409,2016-01-25T09:32:00.000,Snow,E9 Snow / Icy Sidewalk,Sidewalk,333 PATCHEN AVENUE,PATCHEN AVENUE,MARION STREET,SUMPTER STREET,11233,BROOKLYN,BROOKLYN,03 BROOKLYN,40.67971577607491,-73.92539437887451
32517410,2016-01-25T09:43:00.000,Snow,E9 Snow / Icy Sidewalk,Sidewalk,407 MYRTLE AVENUE,MYRTLE AVENUE,VANDERBILT AVENUE,CLINTON AVENUE,11205,BROOKLYN,BROOKLYN,02 BROOKLYN,40.69313589829953,-73.96951779897502
32517411,2016-01-25T09:23:00.000,Snow,E9 Snow / Icy Sidewalk,Sidewalk,1684 EAST   21 STREET,EAST   21 STREET,AVENUE O,AVENUE P,11210,BROOKLYN,BROOKLYN,14 BROOKLYN,40.61207133608156,-73.95277448477228
32517413,2016-01-25T15:43:00.000,Snow,E9 Snow / Icy Sidewalk,Sidewalk,80-33 211 STREET,211 STREET,UNION TURNPIKE,82 AVENUE,11427,Queens Village,QUEENS,11 QUEENS,40.732663067645696,-73.75946854807908
32517415,2016-01-25T08:41:00.000,Snow,E9 Snow / Icy Sidewalk,Sidewalk,1551 KIMBALL STREET,KIMBALL STREET,FLATLANDS AVENUE,AVENUE P,11234,BROOKLYN,BROOKLYN,18 BROOKLYN,40.61899144996598,-73.93666830974803
32517416,2016-01-25T08:43:00.000,Snow,E9 Snow / Icy Sidewalk,Sidewalk,4385 VIREO AVENUE,VIREO AVENUE,EAST 239 STREET,EAST 240 STREET,10470,BRONX,BRONX,12 BRONX,40.901317206845796,-73.86273139185647
32517417,2016-01-25T08:43:00.000,Snow,E9 Snow / Icy Sidewalk,Sidewalk,340 HYLAN BOULEVARD,HYLAN BOULEVARD,FOX HILL TERRACE,REYNOLDS STREET,10305,STATEN ISLAND,STATEN ISLAND,01 STATEN ISLAND,40.61057290571058,-74.07302647334245
32517427,2016-01-25T15:22:00.000,Snow,E9 Snow / Icy Sidewalk,Sidewalk,1310 BAY STREET,BAY STREET,BELAIR ROAD,ANCHOR PLACE,10305,STATEN ISLAND,STATEN ISLAND,01 STATEN ISLAND,40.61147296583282,-74.06422137345716
32517428,2016-01-25T15:01:00.000,Snow,E9 Snow / Icy Sidewalk,Sidewalk,150-10 71 AVENUE,71 AVENUE,150 STREET,KISSENA BOULEVARD,11367,Flushing,QUEENS,08 QUEENS,40.72923747012683,-73.81770032552538
32517429,2016-01-25T14:46:00.000,Snow,E9 Snow / Icy Sidewalk,Sidewalk,,,,,11423,Hollis,QUEENS,12 QUEENS,40.710818328955106,-73.7706570901927
32517430,2016-01-25T14:38:00.000,Snow,E9 Snow / Icy Sidewalk,Sidewalk,590 WEST END AVENUE,WEST END AVENUE,WEST 88 STREET,WEST 89 STREET,10024,NEW YORK,MANHATTAN,07 MANHATTAN,40.79060639299359,-73.97658755187321
32517431,2016-01-25T14:41:00.000,Snow,E9 Snow / Icy Sidewalk,Sidewalk,,,,,11214,BROOKLYN,BROOKLYN,13 BROOKLYN,40.58296615182098,-73.98633029838155
32517432,2016-01-25T08:09:00.000,Snow,E9 Snow / Icy Sidewalk,Sidewalk,1817 AVENUE P,AVENUE P,EAST 18 STREET,EAST 19 STREET,11229,BROOKLYN,BROOKLYN,14 BROOKLYN,40.61074942909288,-73.95549104960595
32517441,2016-01-25T08:32:00.000,Snow,E9 Snow / Icy Sidewalk,Sidewalk,,,,,10314,STATEN ISLAND,STATEN ISLAND,02 STATEN ISLAND,40.58585906705049,-74.1492896163948
32517442,2016-01-25T08:32:00.000,Snow,E9 Snow / Icy Sidewalk,Sidewalk,280 RICHMOND TERRACE,RICHMOND TERRACE,NICHOLAS STREET,ST PETERS PLACE,10301,STATEN ISLAND,STATEN ISLAND,01 STATEN ISLAND,40.647659543353285,-74.08256982227373
32517443,2016-01-25T08:35:00.000,Snow,E9 Snow / Icy Sidewalk,Sidewalk,,,,,11232,BROOKLYN,BROOKLYN,07 BROOKLYN,40.64504321187654,-73.99963965184682
32517444,2016-01-25T08:40:00.000,Snow,E9 Snow / Icy Sidewalk,Sidewalk,,,,,11206,BROOKLYN,BROOKLYN,01 BROOKLYN,40.701593386315295,-73.94874748258447
32517445,2016-01-25T08:41:00.000,Snow,E9 Snow / Icy Sidewalk,Sidewalk,1530 COLEMAN STREET,COLEMAN STREET,FLATLANDS AVENUE,AVENUE P,11234,BROOKLYN,BROOKLYN,18 BROOKLYN,40.61964719615418,-73.93619941308172
32517446,2016-01-25T15:08:00.000,Snow,E9 Snow / Icy Sidewalk,Sidewalk,69-08 66 ROAD,66 ROAD,69 STREET,70 STREET,11379,Middle Village,QUEENS,05 QUEENS,40.71402115804147,-73.88660730125902
32517447,2016-01-25T14:47:00.000,Snow,E9 Snow / Icy Sidewalk,Sidewalk,790 ROCKAWAY AVENUE,ROCKAWAY AVENUE,RIVERDALE AVENUE,NEWPORT STREET,11212,BROOKLYN,BROOKLYN,16 BROOKLYN,40.660413187950624,-73.90838198159439
32517451,2016-01-25T08:13:00.000,Snow,E9 Snow / Icy Sidewalk,Sidewalk,499 VANDERBILT AVENUE,VANDERBILT AVENUE,FULTON STREET,ATLANTIC AVENUE,11238,BROOKLYN,BROOKLYN,02 BROOKLYN,40.68313898261968,-73.96782415915023
32517452,2016-01-25T14:16:00.000,Snow,E9 Snow / Icy Sidewalk,Sidewalk,41-01 ASTORIA BLVD NORTH,ASTORIA BLVD NORTH,AMTRAK RAILROAD,42 STREET,11105,Astoria,QUEENS,01 QUEENS,40.769152490833115,-73.90845983375044
32517453,2016-01-25T14:23:00.000,Snow,E9 Snow / Icy Sidewalk,Sidewalk,586 WASHINGTON AVENUE,WASHINGTON AVENUE,FULTON STREET,,11238,BROOKLYN,BROOKLYN,02 BROOKLYN,40.6815542726005,-73.96450429996932
32517454,2016-01-25T13:57:00.000,Snow,E9 Snow / Icy Sidewalk,Sidewalk,27-14 39 AVENUE,39 AVENUE,27 STREET,28 STREET,11101,Long Island City,QUEENS,01 QUEENS,40.754231340461345,-73.93582146436162
32517456,2016-01-25T17:19:00.000,Snow,E9 Snow / Icy Sidewalk,Sidewalk,78-02 METROPOLITAN AVENUE,METROPOLITAN AVENUE,78 STREET,79 STREET,11379,Middle Village,QUEENS,05 QUEENS,40.71313644290824,-73.87512719658329
32517464,2016-01-25T08:20:00.000,Snow,E9 Snow / Icy Sidewalk,Sidewalk,112 WEST   25 STREET,WEST   25 STREET,AVENUE OF THE AMERICAS,7 AVENUE,10001,NEW YORK,MANHATTAN,04 MANHATTAN,40.7444612063763,-73.99254409772298
32517466,2016-01-25T17:04:00.000,Snow,E9 Snow / Icy Sidewalk,Sidewalk,181 EAST   35 STREET,EAST   35 STREET,CHURCH AVENUE,SNYDER AVENUE,11203,BROOKLYN,BROOKLYN,17 BROOKLYN,40.65067869262955,-73.94472152425556
32517467,2016-01-25T17:05:00.000,Snow,E9 Snow / Icy Sidewalk,Sidewalk,233 EAST    9 STREET,EAST    9 STREET,STUYVESANT STREET,2 AVENUE,10003,NEW YORK,MANHATTAN,03 MANHATTAN,40.7296117318621,-73.98820887753011
32517468,2016-01-25T17:08:00.000,Snow,E9 Snow / Icy Sidewalk,Sidewalk,,,,,10028,NEW YORK,MANHATTAN,08 MANHATTAN,40.780857608946064,-73.95881485536971
32517469,2016-01-25T13:29:00.000,Snow,E9 Snow / Icy Sidewalk,Sidewalk,,,,,10013,NEW YORK,MANHATTAN,02 MANHATTAN,40.719552797956496,-74.00062049172857
32517470,2016-01-25T13:29:00.000,Snow,E9 Snow / Icy Sidewalk,Sidewalk,443 WEST   54 STREET,WEST   54 STREET,9 AVENUE,10 AVENUE,10019,NEW YORK,MANHATTAN,04 MANHATTAN,40.76653685140497,-73.98839728320839
32517471,2016-01-25T13:05:00.000,Snow,E9 Snow / Icy Sidewalk,Sidewalk,360 COURT STREET,COURT STREET,UNION STREET,PRESIDENT STREET,11231,BROOKLYN,BROOKLYN,06 BROOKLYN,40.68198237624557,-73.9960952677624
32517472,2016-01-25T13:12:00.000,Snow,E9 Snow / Icy Sidewalk,Sidewalk,114-05 170 STREET,170 STREET,LINDEN BOULEVARD,115 AVENUE,11434,Jamaica,QUEENS,12 QUEENS,40.691051772028466,-73.77976166554551
32517477,2016-01-25T14:29:00.000,Snow,E9 Snow / Icy Sidewalk,Sidewalk,,,,,11206,BROOKLYN,BROOKLYN,01 BROOKLYN,40.70205064873211,-73.95255205555416
32517478,2016-01-25T14:12:00.000,Snow,E9 Snow / Icy Sidewalk,Sidewalk,55 BOND STREET,BOND STREET,SIMONSON PLACE,COTTAGE PLACE,10302,STATEN ISLAND,STATEN ISLAND,01 STATEN ISLAND,40.634662267503536,-74.13069240414717
32517479,2016-01-25T14:12:00.000,Snow,E9 Snow / Icy Sidewalk,Sidewalk,375 SOUTH    5 STREET,SOUTH    5 STREET,KEAP STREET,HOOPER STREET,11211,BROOKLYN,BROOKLYN,01 BROOKLYN,40.707831644243775,-73.95383198862754
32517480,2016-01-25T13:32:00.000,Snow,E9 Snow / Icy Sidewalk,Sidewalk,470 CITY ISLAND AVENUE,CITY ISLAND AVENUE,BOWNE STREET,BEACH STREET,10464,BRONX,BRONX,10 BRONX,40.85135052881377,-73.78858928193588
32517481,2016-01-25T13:33:00.000,Snow,E9 Snow / Icy Sidewalk,Sidewalk,72-15 41 AVENUE,41 AVENUE,72 STREET,73 STREET,11377,Woodside,QUEENS,04 QUEENS,40.74502101951681,-73.89293505987077
32517488,2016-01-25T12:52:00.000,Snow,E9 Snow / Icy Sidewalk,Sidewalk,150-12 19 AVENUE,19 AVENUE,150 STREET,MURRAY STREET,11357,Whitestone,QUEENS,07 QUEENS,40.781952073957804,-73.81358762350297
32517489,2016-01-25T12:38:00.000,Snow,E9 Snow / Icy Sidewalk,Sidewalk,108-60 37 DRIVE,37 DRIVE,108 STREET,DEAD END,11368,Corona,QUEENS,03 QUEENS,40.75348734901761,-73.85870119133304
32517490,2016-01-25T12:38:00.000,Snow,E9 Snow / Icy Sidewalk,Sidewalk,1029 MCDONALD AVENUE,MCDONALD AVENUE,LAWRENCE AVENUE,PARKVILLE AVENUE,11230,BROOKLYN,BROOKLYN,14 BROOKLYN,40.62855017653358,-73.976723659135
32517494,2016-01-25T13:19:00.000,Snow,E9 Snow / Icy Sidewalk,Sidewalk,4616 FORT HAMILTON PARKWAY,FORT HAMILTON PARKWAY,46 STREET,47 STREET,11219,BROOKLYN,BROOKLYN,12 BROOKLYN,40.639688056365706,-73.99570859791909
32517496,2016-01-25T17:06:00.000,Snow,E9 Snow / Icy Sidewalk,Sidewalk,255 73 STREET,73 STREET,RIDGE BOULEVARD,3 AVENUE,11209,BROOKLYN,BROOKLYN,10 BROOKLYN,40.63314103868407,-74.02847323595023
32517497,2016-01-25T13:26:00.000,Snow,E9 Snow / Icy Sidewalk,Sidewalk,164-05 65 AVENUE,65 AVENUE,164 STREET,165 STREET,11365,Fresh Meadows,QUEENS,08 QUEENS,40.736757802133695,-73.80413723733129
32517499,2016-01-25T12:25:00.000,Snow,E9 Snow / Icy Sidewalk,Sidewalk,147-34 97 AVENUE,97 AVENUE,147 PLACE,148 STREET,11435,Jamaica,QUEENS,12 QUEENS,40.697618527420204,-73.80478595791983
32517503,2016-01-25T12:11:00.000,Snow,E9 Snow / Icy Sidewalk,Sidewalk,238 ATKINS AVENUE,ATKINS AVENUE,PITKIN AVENUE,BELMONT AVENUE,11208,BROOKLYN,BROOKLYN,05 BROOKLYN,40.67330814460839,-73.87870223448007
32517504,2016-01-25T11:51:00.000,Snow,E9 Snow / Icy Sidewalk,Sidewalk,29-16 ASTORIA BOULEVARD,ASTORIA BOULEVARD,29 STREET,30 STREET,11102,Astoria,QUEENS,01 QUEENS,40.77040677377347,-73.91939721723934
32517505,2016-01-25T16:25:00.000,Snow,E9 Snow / Icy Sidewalk,Sidewalk,433 TOMPKINS AVENUE,TOMPKINS AVENUE,HANCOCK STREET,HALSEY STREET,11216,BROOKLYN,BROOKLYN,03 BROOKLYN,40.6826741074689,-73.94376477874812
32517506,2016-01-25T16:28:00.000,Snow,E9 Snow / Icy Sidewalk,Sidewalk,,,,,11103,Astoria,QUEENS,01 QUEENS,40.75943693762447,-73.91308634691343
32517517,2016-01-25T16:02:00.000,Snow,E9 Snow / Icy Sidewalk,Sidewalk,190 HURON STREET,HURON STREET,MANHATTAN AVENUE,MC GUINNESS BOULEVARD,11222,BROOKLYN,BROOKLYN,01 BROOKLYN,40.73312453765632,-73.95367374274186
32517520,2016-01-25T16:11:00.000,Snow,E9 Snow / Icy Sidewalk,Sidewalk,,,,,11226,BROOKLYN,BROOKLYN,14 BROOKLYN,40.641214225242855,-73.96442847065546
32517528,2016-01-25T12:17:00.000,Snow,E9 Snow / Icy Sidewalk,Sidewalk,71-12 PARK AVENUE,PARK AVENUE,71 AVENUE,160 STREET,11365,Fresh Meadows,QUEENS,08 QUEENS,40.729884949830286,-73.80905720840744
32517531,2016-01-25T16:47:00.000,Snow,E9 Snow / Icy Sidewalk,Sidewalk,2259 EAST   12 STREET,EAST   12 STREET,AVENUE V,GRAVESEND NECK ROAD,11229,BROOKLYN,BROOKLYN,15 BROOKLYN,40.595138527960565,-73.95955954431018
32517532,2016-01-25T16:54:00.000,Snow,E9 Snow / Icy Sidewalk,Sidewalk,316 WEST   85 STREET,WEST   85 STREET,WEST END AVENUE,RIVERSIDE DRIVE,10024,NEW YORK,MANHATTAN,07 MANHATTAN,40.78847146072264,-73.9790222813944
32517533,2016-01-25T16:21:00.000,Snow,E9 Snow / Icy Sidewalk,Sidewalk,95-01 NORTHERN BOULEVARD,NORTHERN BOULEVARD,95 STREET,96 STREET,11372,Jackson Heights,QUEENS,03 QUEENS,40.756871782232295,-73.87297694367003
32517534,2016-01-25T12:26:00.000,Snow,E9 Snow / Icy Sidewalk,Sidewalk,1644 EAST    5 STREET,EAST    5 STREET,AVENUE O,AVENUE P,11230,BROOKLYN,BROOKLYN,12 BROOKLYN,40.61055083100534,-73.96929619155539
32517535,2016-01-25T09:40:00.000,Snow,E9 Snow / Icy Sidewalk,Sidewalk,14 BURBANK AVENUE,BURBANK AVENUE,RICHMOND ROAD,3 STREET,10306,STATEN ISLAND,STATEN ISLAND,02 STATEN ISLAND,40.57695325519567,-74.11764176060079
32517536,2016-01-25T17:34:00.000,Snow,E9 Snow / Icy Sidewalk,Sidewalk,3052 BRIGHTON    4 STREET,BRIGHTON    4 STREET,OCEAN VIEW AVENUE,BRIGHTON BEACH AVENUE,11235,BROOKLYN,BROOKLYN,13 BROOKLYN,40.577990353885326,-73.96357657610925
32517540,2016-01-25T12:29:00.000,Snow,E9 Snow / Icy Sidewalk,Sidewalk,3266 BAINBRIDGE AVENUE,BAINBRIDGE AVENUE,VAN CORTLANDT AVENUE EAST,EAST 208 STREET,10467,BRONX,BRONX,07 BRONX,40.87706764110872,-73.87972993025461
32517541,2016-01-25T12:04:00.000,Snow,E9 Snow / Icy Sidewalk,Sidewalk,,,,,11238,BROOKLYN,BROOKLYN,03 BROOKLYN,40.680195219964425,-73.9554879645914
32517542,2016-01-25T12:09:00.000,Snow,E9 Snow / Icy Sidewalk,Sidewalk,191 EAST  161 STREET,EAST  161 STREET,GRAND CONCOURSE,SHERIDAN AVENUE,10451,BRONX,BRONX,04 BRONX,40.826548993408316,-73.9216308899283
32517545,2016-01-25T16:13:00.000,Snow,E9 Snow / Icy Sidewalk,Sidewalk,575 DRIGGS AVENUE,DRIGGS AVENUE,NORTH 7 STREET,NORTH 6 STREET,11211,BROOKLYN,BROOKLYN,01 BROOKLYN,40.7165611899023,-73.95693186896548
32517546,2016-01-25T15:47:00.000,Snow,E9 Snow / Icy Sidewalk,Sidewalk,702 DEKALB AVENUE,DEKALB AVENUE,MARCY AVENUE,TOMPKINS AVENUE,11216,BROOKLYN,BROOKLYN,03 BROOKLYN,40.69176400331427,-73.94792565659205
32517549,2016-01-25T11:51:00.000,Snow,E9 Snow / Icy Sidewalk,Sidewalk,60-96 68 AVENUE,68 AVENUE,60 LANE,FRESH POND ROAD,11385,Ridgewood,QUEENS,05 QUEENS,40.70506070675608,-73.89663482142635
32517550,2016-01-25T11:34:00.000,Snow,E9 Snow / Icy Sidewalk,Sidewalk,140-01 58 ROAD,58 ROAD,MAIN STREET,142 STREET,11355,Flushing,QUEENS,07 QUEENS,40.744562670280025,-73.82557264700448
32517551,2016-01-25T09:58:00.000,Snow,E9 Snow / Icy Sidewalk,Sidewalk,195-60 PECK AVENUE,PECK AVENUE,LONG ISLAND EXPRESSWAY,64 AVENUE,11365,Fresh Meadows,QUEENS,08 QUEENS,40.74166435035691,-73.77925874961743
32519148,2016-01-25T14:37:00.000,Snow,E9 Snow / Icy Sidewalk,Sidewalk,,,,,11209,BROOKLYN,BROOKLYN,10 BROOKLYN,40.62501047244895,-74.03042587067105
32519149,2016-01-25T13:29:00.000,Snow,E9 Snow / Icy Sidewalk,Sidewalk,717 EAST  231 STREET,EAST  231 STREET,WHITE PLAINS ROAD,BARNES AVENUE,10466,BRONX,BRONX,12 BRONX,40.891811348646335,-73.8573655125893
32519204,2016-01-25T08:15:00.000,Snow,E9 Snow / Icy Sidewalk,Sidewalk,50 VANDALIA AVENUE,VANDALIA AVENUE,LOUISIANA AVENUE,PENNSYLVANIA AVENUE,11239,BROOKLYN,BROOKLYN,05 BROOKLYN,40.64994154570709,-73.88650358878863
32519206,2016-01-25T15:45:00.000,Snow,E9 Snow / Icy Sidewalk,Sidewalk,,,,,11222,BROOKLYN,BROOKLYN,01 BROOKLYN,40.722773969761235,-73.94709330486278
32519208,2016-01-25T22:26:00.000,Snow,E9 Snow / Icy Sidewalk,Sidewalk,,,,,11234,BROOKLYN,BROOKLYN,18 BROOKLYN,40.619571578606745,-73.93353752797539
32519209,2016-01-25T21:23:00.000,Snow,E9 Snow / Icy Sidewalk,Sidewalk,,,,,11206,BROOKLYN,BROOKLYN,03 BROOKLYN,40.69423069973624,-73.94607738602795
32519210,2016-01-25T23:01:00.000,Snow,E9 Snow / Icy Sidewalk,Sidewalk,4006 AVENUE J,AVENUE J,EAST 40 STREET,ALBANY AVENUE,11210,BROOKLYN,BROOKLYN,18 BROOKLYN,40.62757476031947,-73.93730141685896
32519211,2016-01-25T22:52:00.000,Snow,E9 Snow / Icy Sidewalk,Sidewalk,34-15 31 AVENUE,31 AVENUE,34 STREET,35 STREET,11106,Astoria,QUEENS,01 QUEENS,40.76311227381825,-73.92087526234344
32519212,2016-01-25T21:44:00.000,Snow,E9 Snow / Icy Sidewalk,Sidewalk,41-84 GLEANE STREET,GLEANE STREET,ELMHURST AVENUE,WHITNEY AVENUE,11373,Elmhurst,QUEENS,04 QUEENS,40.74513949858439,-73.87690775054007
32519213,2016-01-25T21:53:00.000,Snow,E9 Snow / Icy Sidewalk,Sidewalk,155-15 AGUILAR AVENUE,AGUILAR AVENUE,KISSENA BOULEVARD,BEND,11367,Flushing,QUEENS,08 QUEENS,40.72807666727692,-73.81271366536818
32519214,2016-01-25T21:42:00.000,Snow,E9 Snow / Icy Sidewalk,Sidewalk,219 AVENUE J,AVENUE J,EAST 2 STREET,EAST 3 STREET,11230,BROOKLYN,BROOKLYN,12 BROOKLYN,40.62376001614926,-73.97436580178581
32519215,2016-01-25T21:42:00.000,Snow,E9 Snow / Icy Sidewalk,Sidewalk,,,,,11385,Ridgewood,QUEENS,05 QUEENS,40.710095078193945,-73.90028090630462
32519216,2016-01-25T20:31:00.000,Snow,E9 Snow / Icy Sidewalk,Sidewalk,351 WASHINGTON AVENUE,WASHINGTON AVENUE,LAFAYETTE AVENUE,GREENE AVENUE,11238,BROOKLYN,BROOKLYN,02 BROOKLYN,40.6879444806105,-73.96575571676176
32519217,2016-01-25T17:10:00.000,Snow,E9 Snow / Icy Sidewalk,Sidewalk,77-01 31 AVENUE,31 AVENUE,77 STREET,78 STREET,11370,East Elmhurst,QUEENS,03 QUEENS,40.758764479783274,-73.89054865702794
32519218,2016-01-25T16:22:00.000,Snow,E9 Snow / Icy Sidewalk,Sidewalk,,,,,11412,Saint Albans,QUEENS,12 QUEENS,40.6923814539802,-73.76243019237305
32519219,2016-01-25T16:13:00.000,Snow,E9 Snow / Icy Sidewalk,Sidewalk,925 OCEAN PARKWAY,OCEAN PARKWAY,BAY PARKWAY,AVENUE J,11230,BROOKLYN,BROOKLYN,12 BROOKLYN,40.62566952596739,-73.97074462050288
32519220,2016-01-25T15:56:00.000,Snow,E9 Snow / Icy Sidewalk,Sidewalk,,,,,11217,BROOKLYN,BROOKLYN,02 BROOKLYN,40.68863956453538,-73.98025803917375
32519221,2016-01-25T15:34:00.000,Snow,E9 Snow / Icy Sidewalk,Sidewalk,215-15 73 AVENUE,73 AVENUE,215 STREET,BELL BOULEVARD,11364,Oakland Gardens,QUEENS,11 QUEENS,40.740610936642796,-73.75900681548833
32519226,2016-01-25T11:33:00.000,Snow,E9 Snow / Icy Sidewalk,Sidewalk,48-27 206 STREET,206 STREET,48 AVENUE,50 AVENUE,11364,Oakland Gardens,QUEENS,11 QUEENS,40.75328705954575,-73.77431873945906
32519227,2016-01-25T11:05:00.000,Snow,E9 Snow / Icy Sidewalk,Sidewalk,169 KINGSTON AVENUE,KINGSTON AVENUE,ST MARKS AVENUE,PROSPECT PLACE,11213,BROOKLYN,BROOKLYN,08 BROOKLYN,40.6741835106015,-73.94173508083549
32519228,2016-01-25T10:36:00.000,Snow,E9 Snow / Icy Sidewalk,Sidewalk,,,,,10451,BRONX,BRONX,04 BRONX,40.82962825633818,-73.92117919161291
32519229,2016-01-25T10:38:00.000,Snow,E9 Snow / Icy Sidewalk,Sidewalk,70-01 141 STREET,141 STREET,70 AVENUE,70 ROAD,11367,Flushing,QUEENS,08 QUEENS,40.72879002056489,-73.82473718395957
32519230,2016-01-25T10:19:00.000,Snow,E9 Snow / Icy Sidewalk,Sidewalk,851 MYRTLE AVENUE,MYRTLE AVENUE,MARCY AVENUE,TOMPKINS AVENUE,11206,BROOKLYN,BROOKLYN,03 BROOKLYN,40.6954915609669,-73.94828336606241
32519231,2016-01-25T10:21:00.000,Snow,E9 Snow / Icy Sidewalk,Sidewalk,74-27 37 AVENUE,37 AVENUE,74 STREET,75 STREET,11372,Jackson Heights,QUEENS,03 QUEENS,40.74900500003756,-73.89144170468975
32519232,2016-01-25T15:25:00.000,Snow,E9 Snow / Icy Sidewalk,Sidewalk,1854 WESTCHESTER AVENUE,WESTCHESTER AVENUE,THIERIOT AVENUE,LELAND AVENUE,10472,BRONX,BRONX,09 BRONX,40.832594112617635,-73.86393558943828
32519233,2016-01-25T23:40:00.000,Snow,E9 Snow / Icy Sidewalk,Sidewalk,270 19 STREET,19 STREET,5 AVENUE,6 AVENUE,11215,BROOKLYN,BROOKLYN,07 BROOKLYN,40.66178055024198,-73.99113321120123
32519234,2016-01-25T22:49:00.000,Snow,E9 Snow / Icy Sidewalk,Sidewalk,33-21 31 AVENUE,31 AVENUE,33 STREET,34 STREET,11106,Astoria,QUEENS,01 QUEENS,40.76347236044323,-73.92164374120783
32519235,2016-01-25T22:25:00.000,Snow,E9 Snow / Icy Sidewalk,Sidewalk,1570 41 STREET,41 STREET,15 AVENUE,16 AVENUE,11218,BROOKLYN,BROOKLYN,12 BROOKLYN,40.635970225421154,-73.98161393373813
32519236,2016-01-25T22:09:00.000,Snow,E9 Snow / Icy Sidewalk,Sidewalk,,,,,10027,NEW YORK,MANHATTAN,10 MANHATTAN,40.808849297129754,-73.95403284427447
32519237,2016-01-25T20:32:00.000,Snow,E9 Snow / Icy Sidewalk,Sidewalk,97-43 81 STREET,81 STREET,97 AVENUE,101 AVENUE,11416,Ozone Park,QUEENS,09 QUEENS,40.68144214320264,-73.85816880936082
32519238,2016-01-25T19:41:00.000,Snow,E9 Snow / Icy Sidewalk,Sidewalk,,,,,11220,BROOKLYN,BROOKLYN,07 BROOKLYN,40.64489752879089,-74.00695110070507
32519240,2016-01-25T10:23:00.000,Snow,E9 Snow / Icy Sidewalk,Sidewalk,,,,,10308,STATEN ISLAND,STATEN ISLAND,03 STATEN ISLAND,40.55156230926704,-74.14529428024865
32519241,2016-01-25T09:56:00.000,Snow,E9 Snow / Icy Sidewalk,Sidewalk,61-06 MYRTLE AVENUE,MYRTLE AVENUE,61 STREET,CENTRAL AVENUE,11385,Ridgewood,QUEENS,05 QUEENS,40.700839574598895,-73.89396894967805
32519242,2016-01-25T09:39:00.000,Snow,E9 Snow / Icy Sidewalk,Sidewalk,1875 THIRD AVENUE,THIRD AVENUE,EAST 103 STREET,EAST 104 STREET,10029,NEW YORK,MANHATTAN,11 MANHATTAN,40.7897562261136,-73.9459855725782
32519243,2016-01-25T09:40:00.000,Snow,E9 Snow / Icy Sidewalk,Sidewalk,,,,,11415,Kew Gardens,QUEENS,09 QUEENS,40.70685989114127,-73.82691205160646
32519244,2016-01-25T20:01:00.000,Snow,E9 Snow / Icy Sidewalk,Sidewalk,31-13 36 STREET,36 STREET,31 AVENUE,BROADWAY,11106,Astoria,QUEENS,01 QUEENS,40.76212063555831,-73.91973934798483
32519245,2016-01-25T20:16:00.000,Snow,E9 Snow / Icy Sidewalk,Sidewalk,31-70 32 STREET,32 STREET,31 AVENUE,BROADWAY,11106,Astoria,QUEENS,01 QUEENS,40.76243363013065,-73.92392276846267
32519246,2016-01-25T11:30:00.000,Snow,E9 Snow / Icy Sidewalk,Sidewalk,1318 GRAVESEND NECK ROAD,GRAVESEND NECK ROAD,EAST 13 STREET,EAST 14 STREET,11229,BROOKLYN,BROOKLYN,15 BROOKLYN,40.59448990266994,-73.95720504414935
32519247,2016-01-25T11:18:00.000,Snow,E9 Snow / Icy Sidewalk,Sidewalk,460 KOSCIUSZKO STREET,KOSCIUSZKO STREET,LEWIS AVENUE,STUYVESANT AVENUE,11221,BROOKLYN,BROOKLYN,03 BROOKLYN,40.6924220323713,-73.9356573846482
32519248,2016-01-25T10:57:00.000,Snow,E9 Snow / Icy Sidewalk,Sidewalk,483 GRAND STREET,GRAND STREET,KEAP STREET,GRAND STREET EXTENSION,11211,BROOKLYN,BROOKLYN,01 BROOKLYN,40.711006547422556,-73.95190723300554
32519255,2016-01-25T08:52:00.000,Snow,E9 Snow / Icy Sidewalk,Sidewalk,28 PURDUE COURT,PURDUE COURT,NOME AVENUE,DEAD END,10314,STATEN ISLAND,STATEN ISLAND,02 STATEN ISLAND,40.58726137174387,-74.15971221985745
32519256,2016-01-25T08:54:00.000,Snow,E9 Snow / Icy Sidewalk,Sidewalk,34-29 148 STREET,148 STREET,34 AVENUE,35 AVENUE,11354,Flushing,QUEENS,07 QUEENS,40.76716572871316,-73.81848820102748
32519257,2016-01-25T08:58:00.000,Snow,E9 Snow / Icy Sidewalk,Sidewalk,521 GANSEVOORT BOULEVARD,GANSEVOORT BOULEVARD,CHERRY PLACE,BRIELLE AVENUE,10314,STATEN ISLAND,STATEN ISLAND,02 STATEN ISLAND,40.598576710282536,-74.12552278738328
32519258,2016-01-25T08:58:00.000,Snow,E9 Snow / Icy Sidewalk,Sidewalk,275 9 STREET,9 STREET,4 AVENUE,5 AVENUE,11215,BROOKLYN,BROOKLYN,06 BROOKLYN,40.66974280751095,-73.98744442594672
32519259,2016-01-25T15:34:00.000,Snow,E9 Snow / Icy Sidewalk,Sidewalk,3716 KINGS HIGHWAY,KINGS HIGHWAY,EAST 37 STREET,EAST 38 STREET,11234,BROOKLYN,BROOKLYN,18 BROOKLYN,40.62163588286266,-73.93888116513756
32519260,2016-01-25T09:31:00.000,Snow,E9 Snow / Icy Sidewalk,Sidewalk,153-26 119 ROAD,119 ROAD,153 STREET,155 STREET,11434,Jamaica,QUEENS,12 QUEENS,40.67906851888659,-73.78878933024565
32519261,2016-01-25T09:35:00.000,Snow,E9 Snow / Icy Sidewalk,Sidewalk,92-39 GETTYSBURG STREET,GETTYSBURG STREET,92 ROAD,DAVENPORT AVENUE,11426,Bellerose,QUEENS,13 QUEENS,40.726122398126215,-73.73098628821539
32519262,2016-01-25T09:26:00.000,Snow,E9 Snow / Icy Sidewalk,Sidewalk,501 WEST   42 STREET,WEST   42 STREET,10 AVENUE,AMTRAK RAILROAD,10036,NEW YORK,MANHATTAN,04 MANHATTAN,40.759680984288686,-73.9955817474978
32519263,2016-01-25T09:09:00.000,Snow,E9 Snow / Icy Sidewalk,Sidewalk,298 LAFAYETTE STREET,LAFAYETTE STREET,JERSEY STREET,EAST HOUSTON STREET,10012,NEW YORK,MANHATTAN,02 MANHATTAN,40.724641501285085,-73.99569951966878
32519264,2016-01-25T08:49:00.000,Snow,E9 Snow / Icy Sidewalk,Sidewalk,,,,,11233,BROOKLYN,BROOKLYN,03 BROOKLYN,40.68416752526239,-73.92930868218455
32519271,2016-01-25T15:36:00.000,Snow,E9 Snow / Icy Sidewalk,Sidewalk,21 MANHATTAN AVENUE,MANHATTAN AVENUE,VARET STREET,MOORE STREET,11206,BROOKLYN,BROOKLYN,01 BROOKLYN,40.70293896845422,-73.9442345768785
32519272,2016-01-25T15:25:00.000,Snow,E9 Snow / Icy Sidewalk,Sidewalk,67-14 FRESH POND ROAD,FRESH POND ROAD,67 AVENUE,68 AVENUE,11385,Ridgewood,QUEENS,05 QUEENS,40.70544753347819,-73.89642863691317
32519273,2016-01-25T15:27:00.000,Snow,E9 Snow / Icy Sidewalk,Sidewalk,45 BROAD STREET,BROAD STREET,EXCHANGE PLACE,BEAVER STREET,10004,NEW YORK,MANHATTAN,01 MANHATTAN,40.70546611074794,-74.01146585106682
32519274,2016-01-25T08:32:00.000,Snow,E9 Snow / Icy Sidewalk,Sidewalk,121 7 AVENUE,7 AVENUE,PRESIDENT STREET,CARROLL STREET,11215,BROOKLYN,BROOKLYN,06 BROOKLYN,40.67341353297031,-73.97616003969279
32519278,2016-01-25T15:18:00.000,Snow,E9 Snow / Icy Sidewalk,Sidewalk,,,,,11361,Bayside,QUEENS,11 QUEENS,40.760284575229676,-73.7693497021632
32519284,2016-01-25T14:42:00.000,Snow,E9 Snow / Icy Sidewalk,Sidewalk,288 TRAVIS AVENUE,TRAVIS AVENUE,EVANS STREET,KELLY BOULEVARD,10314,STATEN ISLAND,STATEN ISLAND,02 STATEN ISLAND,40.58751820108517,-74.15250126651374
32519285,2016-01-25T08:33:00.000,Snow,E9 Snow / Icy Sidewalk,Sidewalk,89-30 161 STREET,161 STREET,89 AVENUE,90 AVENUE,11432,Jamaica,QUEENS,12 QUEENS,40.70602813415343,-73.79977314406054
32519294,2016-01-25T08:22:00.000,Snow,E9 Snow / Icy Sidewalk,Sidewalk,4930 20 AVENUE,20 AVENUE,AVENUE I,50 STREET,11204,BROOKLYN,BROOKLYN,12 BROOKLYN,40.625604984258416,-73.97656257681541
32519296,2016-01-25T08:12:00.000,Snow,E9 Snow / Icy Sidewalk,Sidewalk,1002 BUSHWICK AVENUE,BUSHWICK AVENUE,GROVE STREET,LINDEN STREET,11221,BROOKLYN,BROOKLYN,04 BROOKLYN,40.69172194957389,-73.92206702568501
32519297,2016-01-25T14:20:00.000,Snow,E9 Snow / Icy Sidewalk,Sidewalk,147-03 14 AVENUE,14 AVENUE,147 STREET,148 STREET,11357,Whitestone,QUEENS,07 QUEENS,40.78772673915574,-73.81858020615154
32519298,2016-01-25T14:20:00.000,Snow,E9 Snow / Icy Sidewalk,Sidewalk,1970 VICTORY BOULEVARD,VICTORY BOULEVARD,QUINLAN AVENUE,PERRY AVENUE,10314,STATEN ISLAND,STATEN ISLAND,01 STATEN ISLAND,40.612557067622305,-74.12948216608743
32519299,2016-01-25T14:23:00.000,Snow,E9 Snow / Icy Sidewalk,Sidewalk,,,,,11211,BROOKLYN,BROOKLYN,01 BROOKLYN,40.70476765760634,-73.95888350516478
32519303,2016-01-25T14:41:00.000,Snow,E9 Snow / Icy Sidewalk,Sidewalk,116 UNDERHILL AVENUE,UNDERHILL AVENUE,ST MARKS AVENUE,PROSPECT PLACE,11238,BROOKLYN,BROOKLYN,08 BROOKLYN,40.67719326062561,-73.96593789302052
32519304,2016-01-25T08:20:00.000,Snow,E9 Snow / Icy Sidewalk,Sidewalk,354 EAST   18 STREET,EAST   18 STREET,BEVERLEY ROAD,CORTELYOU ROAD,11226,BROOKLYN,BROOKLYN,14 BROOKLYN,40.6427888977122,-73.96182600519452
32519305,2016-01-25T08:07:00.000,Snow,E9 Snow / Icy Sidewalk,Sidewalk,223 SIXTH AVENUE,SIXTH AVENUE,UNION STREET,PRESIDENT STREET,11215,BROOKLYN,BROOKLYN,06 BROOKLYN,40.67489613869575,-73.97831896140679
32519306,2016-01-25T08:14:00.000,Snow,E9 Snow / Icy Sidewalk,Sidewalk,171 YORK STREET,YORK STREET,BRIDGE STREET,GOLD STREET,11201,BROOKLYN,BROOKLYN,02 BROOKLYN,40.70141979665868,-73.98407717517951
32519307,2016-01-25T13:55:00.000,Snow,E9 Snow / Icy Sidewalk,Sidewalk,880 LAFAYETTE AVENUE,LAFAYETTE AVENUE,MARCUS GARVEY BOULEVARD,LEWIS AVENUE,11221,BROOKLYN,BROOKLYN,03 BROOKLYN,40.69144052242911,-73.9376885041637
32519310,2016-01-25T14:05:00.000,Snow,E9 Snow / Icy Sidewalk,Sidewalk,,,,,11218,BROOKLYN,BROOKLYN,12 BROOKLYN,40.64437366135971,-73.9756947606536
32519311,2016-01-25T13:40:00.000,Snow,E9 Snow / Icy Sidewalk,Sidewalk,2126 TOMLINSON AVENUE,TOMLINSON AVENUE,LYDIG AVENUE,PELHAM PARKWAY,10461,BRONX,BRONX,11 BRONX,40.85566267139698,-73.85653569601352
32519318,2016-01-25T13:28:00.000,Snow,E9 Snow / Icy Sidewalk,Sidewalk,861 LAFAYETTE AVENUE,LAFAYETTE AVENUE,MARCUS GARVEY BOULEVARD,LEWIS AVENUE,11221,BROOKLYN,BROOKLYN,03 BROOKLYN,40.691402348534126,-73.9381573182629
32519326,2016-01-25T13:11:00.000,Snow,E9 Snow / Icy Sidewalk,Sidewalk,403 STERLING PLACE,STERLING PLACE,UNDERHILL AVENUE,WASHINGTON AVENUE,11238,BROOKLYN,BROOKLYN,08 BROOKLYN,40.67492572863126,-73.964781815176
32519327,2016-01-25T12:45:00.000,Snow,E9 Snow / Icy Sidewalk,Sidewalk,445 GRAND STREET,GRAND STREET,KEAP STREET,GRAND STREET EXTENSION,11211,BROOKLYN,BROOKLYN,01 BROOKLYN,40.71131707724533,-73.95280516810655
32519328,2016-01-25T12:47:00.000,Snow,E9 Snow / Icy Sidewalk,Sidewalk,15 DUNHAM PLACE,DUNHAM PLACE,BROADWAY,SOUTH 6 STREET,11249,BROOKLYN,BROOKLYN,01 BROOKLYN,40.71119040208646,-73.96745351971126
32519334,2016-01-25T17:51:00.000,Snow,E9 Snow / Icy Sidewalk,Sidewalk,133-14 41 AVENUE,41 AVENUE,COLLEGE POINT BOULEVARD,MAIN STREET,11355,Flushing,QUEENS,07 QUEENS,40.757804958951965,-73.83032067498313
32519336,2016-01-25T12:56:00.000,Snow,E9 Snow / Icy Sidewalk,Sidewalk,68-29 FLEET STREET,FLEET STREET,68 AVENUE,69 AVENUE,11375,Forest Hills,QUEENS,06 QUEENS,40.718483871188965,-73.85245874303531
32519337,2016-01-25T12:58:00.000,Snow,E9 Snow / Icy Sidewalk,Sidewalk,87 JAVA STREET,JAVA STREET,FRANKLIN STREET,MANHATTAN AVENUE,11222,BROOKLYN,BROOKLYN,01 BROOKLYN,40.73137198113235,-73.95713878550505
32519338,2016-01-25T12:40:00.000,Snow,E9 Snow / Icy Sidewalk,Sidewalk,2737 WEST   16 STREET,WEST   16 STREET,HART PLACE,NEPTUNE AVENUE,11224,BROOKLYN,BROOKLYN,13 BROOKLYN,40.58052852615996,-73.98443359690343
32519341,2016-01-25T12:50:00.000,Snow,E9 Snow / Icy Sidewalk,Sidewalk,534 GREENE AVENUE,GREENE AVENUE,NOSTRAND AVENUE,MARCY AVENUE,11216,BROOKLYN,BROOKLYN,03 BROOKLYN,40.68859445904026,-73.9494173420677
32519342,2016-01-25T18:49:00.000,Snow,E9 Snow / Icy Sidewalk,Sidewalk,42 OVIS PLACE,OVIS PLACE,THOLLEN STREET,BEND,10306,STATEN ISLAND,STATEN ISLAND,03 STATEN ISLAND,40.554438792559964,-74.13170502667106
32519343,2016-01-25T17:48:00.000,Snow,E9 Snow / Icy Sidewalk,Sidewalk,604 EAST    9 STREET,EAST    9 STREET,AVENUE B,AVENUE C,10009,NEW YORK,MANHATTAN,03 MANHATTAN,40.726097296493606,-73.9799186269959
32519344,2016-01-25T12:57:00.000,Snow,E9 Snow / Icy Sidewalk,Sidewalk,110-06 110 STREET,110 STREET,109 AVENUE,111 AVENUE,11420,South Ozone Park,QUEENS,10 QUEENS,40.678652701401056,-73.8293214992342
32519349,2016-01-25T17:14:00.000,Snow,E9 Snow / Icy Sidewalk,Sidewalk,15-14 CLINTONVILLE STREET,CLINTONVILLE STREET,CROSS ISLAND PARKWAY,LOCKE AVENUE,11357,Whitestone,QUEENS,07 QUEENS,40.78592824545108,-73.8096439870968
32519350,2016-01-25T16:32:00.000,Snow,E9 Snow / Icy Sidewalk,Sidewalk,1506 ROWLAND STREET,ROWLAND STREET,FRISBY AVENUE,GLEBE AVENUE,10461,BRONX,BRONX,10 BRONX,40.83909511341459,-73.8475906399484
32519351,2016-01-25T16:19:00.000,Snow,E9 Snow / Icy Sidewalk,Sidewalk,481 MONROE STREET,MONROE STREET,MARCUS GARVEY BOULEVARD,LEWIS AVENUE,11221,BROOKLYN,BROOKLYN,03 BROOKLYN,40.68696105488374,-73.93768547861336
32519362,2016-01-25T11:46:00.000,Snow,E9 Snow / Icy Sidewalk,Sidewalk,7239 BERGEN COURT,BERGEN COURT,EAST 72 STREET,BERGEN AVENUE,11234,BROOKLYN,BROOKLYN,18 BROOKLYN,40.62527617017898,-73.91059166395256
32519363,2016-01-25T11:56:00.000,Snow,E9 Snow / Icy Sidewalk,Sidewalk,445 CLASSON AVENUE,CLASSON AVENUE,QUINCY STREET,GATES AVENUE,11238,BROOKLYN,BROOKLYN,03 BROOKLYN,40.685499539426495,-73.9593208547918
32519368,2016-01-25T15:55:00.000,Snow,E9 Snow / Icy Sidewalk,Sidewalk,3 GOLLER PLACE,GOLLER PLACE,VICTORY BOULEVARD,BEND,10314,STATEN ISLAND,STATEN ISLAND,02 STATEN ISLAND,40.607551340318416,-74.15943302640125
32519369,2016-01-25T23:31:00.000,Snow,E9 Snow / Icy Sidewalk,Sidewalk,210-19 56 AVENUE,56 AVENUE,210 STREET,211 STREET,11364,Oakland Gardens,QUEENS,11 QUEENS,40.74969859796467,-73.76825307945305
32519370,2016-01-25T22:22:00.000,Snow,E9 Snow / Icy Sidewalk,Sidewalk,,,,,,,QUEENS,07 QUEENS,,
32519371,2016-01-25T21:11:00.000,Snow,E9 Snow / Icy Sidewalk,Sidewalk,511 45 STREET,45 STREET,5 AVENUE,6 AVENUE,11220,BROOKLYN,BROOKLYN,07 BROOKLYN,40.64761761216422,-74.00691174426329
32519372,2016-01-25T20:25:00.000,Snow,E9 Snow / Icy Sidewalk,Sidewalk,,,,,11205,BROOKLYN,BROOKLYN,03 BROOKLYN,40.69881941619579,-73.95796033174723
32519373,2016-01-25T12:25:00.000,Snow,E9 Snow / Icy Sidewalk,Sidewalk,180 NORFOLK STREET,NORFOLK STREET,SHORE BOULEVARD,ORIENTAL BOULEVARD,11235,BROOKLYN,BROOKLYN,15 BROOKLYN,40.57909702406452,-73.9389164924529
32519374,2016-01-25T16:58:00.000,Snow,E9 Snow / Icy Sidewalk,Sidewalk,137 EAST   10 STREET,EAST   10 STREET,3 AVENUE,2 AVENUE,10003,NEW YORK,MANHATTAN,03 MANHATTAN,40.730440663397054,-73.98836027103401
32519377,2016-01-25T12:29:00.000,Snow,E9 Snow / Icy Sidewalk,Sidewalk,930 JEFFERSON AVENUE,JEFFERSON AVENUE,HOWARD AVENUE,SARATOGA AVENUE,11221,BROOKLYN,BROOKLYN,03 BROOKLYN,40.68670868638898,-73.92015463408221
32519378,2016-01-25T12:06:00.000,Snow,E9 Snow / Icy Sidewalk,Sidewalk,41-30 56 STREET,56 STREET,ROOSEVELT AVENUE,43 AVENUE,11377,Woodside,QUEENS,02 QUEENS,40.74483148578995,-73.90870256628858
32519379,2016-01-25T11:46:00.000,Snow,E9 Snow / Icy Sidewalk,Sidewalk,180 SCHOLES STREET,SCHOLES STREET,GRAHAM AVENUE,HUMBOLDT STREET,11206,BROOKLYN,BROOKLYN,01 BROOKLYN,40.708902292841536,-73.94210871064207
32519382,2016-01-25T11:52:00.000,Snow,E9 Snow / Icy Sidewalk,Sidewalk,311 EAST  105 STREET,EAST  105 STREET,2 AVENUE,1 AVENUE,10029,NEW YORK,MANHATTAN,11 MANHATTAN,40.78973527478909,-73.94239594382769
32519383,2016-01-25T11:54:00.000,Snow,E9 Snow / Icy Sidewalk,Sidewalk,809 PROSPECT PLACE,PROSPECT PLACE,NOSTRAND AVENUE,NEW YORK AVENUE,11216,BROOKLYN,BROOKLYN,08 BROOKLYN,40.674283195886574,-73.9493813304056
32519384,2016-01-25T13:52:00.000,Snow,E9 Snow / Icy Sidewalk,Sidewalk,1150 SOUTH AVENUE,SOUTH AVENUE,HUGHES AVENUE,EDWARD CURRY AVENUE,10314,STATEN ISLAND,STATEN ISLAND,02 STATEN ISLAND,40.61128422499794,-74.17637337276794
32519385,2016-01-25T12:24:00.000,Snow,E9 Snow / Icy Sidewalk,Sidewalk,2655 RICHMOND AVENUE,RICHMOND AVENUE,STATEN ISLAND MALL ACCESS ROAD,,10314,STATEN ISLAND,STATEN ISLAND,02 STATEN ISLAND,40.58229088205099,-74.16905699863874
32519386,2016-01-25T09:56:00.000,Snow,E9 Snow / Icy Sidewalk,Sidewalk,631 EAST   18 STREET,EAST   18 STREET,NEWKIRK AVENUE,FOSTER AVENUE,11226,BROOKLYN,BROOKLYN,14 BROOKLYN,40.63561630322947,-73.9604429636915
32519387,2016-01-25T09:27:00.000,Snow,E9 Snow / Icy Sidewalk,Sidewalk,,,,,11103,Astoria,QUEENS,01 QUEENS,40.76720500546349,-73.91008705244731
32519388,2016-01-25T15:31:00.000,Snow,E9 Snow / Icy Sidewalk,Sidewalk,1620 AVENUE I,AVENUE I,EAST 16 STREET,EAST 17 STREET,11230,BROOKLYN,BROOKLYN,14 BROOKLYN,40.627697652429525,-73.96063138687896
32519389,2016-01-25T15:26:00.000,Snow,E9 Snow / Icy Sidewalk,Sidewalk,1718 GRAND AVENUE,GRAND AVENUE,WEST 176 STREET,WEST TREMONT AVENUE,10453,BRONX,BRONX,05 BRONX,40.84897036324244,-73.91369588103558
32519390,2016-01-25T14:46:00.000,Snow,E9 Snow / Icy Sidewalk,Sidewalk,38-07 20 ROAD,20 ROAD,38 STREET,STEINWAY STREET,11105,Astoria,QUEENS,01 QUEENS,40.775757911632205,-73.90365954446654
32519391,2016-01-25T14:52:00.000,Snow,E9 Snow / Icy Sidewalk,Sidewalk,41 FLATBUSH AVENUE,FLATBUSH AVENUE,BEND,LIVINGSTON STREET,11217,BROOKLYN,BROOKLYN,02 BROOKLYN,40.68750317471698,-73.97994106731733
32519392,2016-01-25T16:07:00.000,Snow,E9 Snow / Icy Sidewalk,Sidewalk,549 WEST  123 STREET,WEST  123 STREET,AMSTERDAM AVENUE,BROADWAY,10027,NEW YORK,MANHATTAN,09 MANHATTAN,40.811900665583,-73.95930501022727
32519394,2016-01-25T22:16:00.000,Snow,E9 Snow / Icy Sidewalk,Sidewalk,113-30 QUEENS BOULEVARD,QUEENS BOULEVARD,76 AVENUE,76 ROAD,11375,Forest Hills,QUEENS,06 QUEENS,40.717516724493024,-73.83552411482275
32519395,2016-01-25T16:19:00.000,Snow,E9 Snow / Icy Sidewalk,Sidewalk,277 GATES AVENUE,GATES AVENUE,FRANKLIN AVENUE,BEDFORD AVENUE,11216,BROOKLYN,BROOKLYN,03 BROOKLYN,40.685591679713994,-73.95610453811491
32519396,2016-01-25T15:48:00.000,Snow,E9 Snow / Icy Sidewalk,Sidewalk,,,,,,,QUEENS,07 QUEENS,,
32519397,2016-01-25T15:21:00.000,Snow,E9 Snow / Icy Sidewalk,Sidewalk,69 5 AVENUE,5 AVENUE,EAST 14 STREET,EAST 15 STREET,10003,NEW YORK,MANHATTAN,05 MANHATTAN,40.736103497955646,-73.99353373621541
32519398,2016-01-25T14:58:00.000,Snow,E9 Snow / Icy Sidewalk,Sidewalk,1035 EAST   52 STREET,EAST   52 STREET,GLENWOOD ROAD,AVENUE H,11234,BROOKLYN,BROOKLYN,18 BROOKLYN,40.634542926108075,-73.92658340187009
32519399,2016-01-25T23:01:00.000,Snow,E9 Snow / Icy Sidewalk,Sidewalk,973 MONTGOMERY STREET,MONTGOMERY STREET,SCHENECTADY AVENUE,UTICA AVENUE,11213,BROOKLYN,BROOKLYN,09 BROOKLYN,40.664412621572545,-73.93263136670988
32519400,2016-01-25T23:04:00.000,Snow,E9 Snow / Icy Sidewalk,Sidewalk,925 EAST   58 STREET,EAST   58 STREET,AVENUE H,AVENUE I,11234,BROOKLYN,BROOKLYN,18 BROOKLYN,40.63199173486739,-73.9205263355423
32519401,2016-01-25T21:04:00.000,Snow,E9 Snow / Icy Sidewalk,Sidewalk,1201 PRESIDENT STREET,PRESIDENT STREET,NOSTRAND AVENUE,NEW YORK AVENUE,11225,BROOKLYN,BROOKLYN,09 BROOKLYN,40.66806119796077,-73.95032328096663
32519402,2016-01-25T20:30:00.000,Snow,E9 Snow / Icy Sidewalk,Sidewalk,281 JEFFERSON AVENUE,JEFFERSON AVENUE,MARCY AVENUE,TOMPKINS AVENUE,11216,BROOKLYN,BROOKLYN,03 BROOKLYN,40.683734741168884,-73.94617240710797
32519403,2016-01-25T20:44:00.000,Snow,E9 Snow / Icy Sidewalk,Sidewalk,,,,,11360,Bayside,QUEENS,07 QUEENS,40.783818309895935,-73.78073311635004
32519404,2016-01-25T09:10:00.000,Snow,E9 Snow / Icy Sidewalk,Sidewalk,,,,,10128,NEW YORK,MANHATTAN,08 MANHATTAN,40.783570335136176,-73.94758303258597
32519405,2016-01-25T09:13:00.000,Snow,E9 Snow / Icy Sidewalk,Sidewalk,,,,,11229,BROOKLYN,BROOKLYN,15 BROOKLYN,40.5966091029645,-73.95088056140999
32519408,2016-01-25T23:02:00.000,Snow,E9 Snow / Icy Sidewalk,Sidewalk,,,,,10011,NEW YORK,MANHATTAN,04 MANHATTAN,40.74342393208858,-73.9998484302905
32519409,2016-01-25T22:55:00.000,Snow,E9 Snow / Icy Sidewalk,Sidewalk,35-18 31 AVENUE,31 AVENUE,35 STREET,36 STREET,11106,Astoria,QUEENS,01 QUEENS,40.76271372812412,-73.92006712957256
32519410,2016-01-25T22:42:00.000,Snow,E9 Snow / Icy Sidewalk,Sidewalk,114-11 144 STREET,144 STREET,LINDEN BOULEVARD,115 AVENUE,11436,Jamaica,QUEENS,12 QUEENS,40.684061367258884,-73.7995831048147
32519411,2016-01-25T22:01:00.000,Snow,E9 Snow / Icy Sidewalk,Sidewalk,21 GARFIELD PLACE,GARFIELD PLACE,4 AVENUE,5 AVENUE,11215,BROOKLYN,BROOKLYN,06 BROOKLYN,40.675358094989384,-73.98332271718772
32519412,2016-01-25T20:23:00.000,Snow,E9 Snow / Icy Sidewalk,Sidewalk,69-39 MYRTLE AVENUE,MYRTLE AVENUE,69 PLACE,70 STREET,11385,Ridgewood,QUEENS,05 QUEENS,40.701887066950626,-73.8816689240894
32519413,2016-01-25T20:25:00.000,Snow,E9 Snow / Icy Sidewalk,Sidewalk,100-12 QUEENS BOULEVARD,QUEENS BOULEVARD,67 AVENUE,67 ROAD,11375,Forest Hills,QUEENS,06 QUEENS,40.726867691302026,-73.85349008351875
32519414,2016-01-25T19:08:00.000,Snow,E9 Snow / Icy Sidewalk,Sidewalk,82-67 BROADWAY,BROADWAY,45 AVENUE,WHITNEY AVENUE,11373,Elmhurst,QUEENS,04 QUEENS,40.74174290053526,-73.88085474261793
32519415,2016-01-25T11:32:00.000,Snow,E9 Snow / Icy Sidewalk,Sidewalk,171-33 BAGLEY AVENUE,BAGLEY AVENUE,AUBURNDALE LANE,UTOPIA PARKWAY,11358,Flushing,QUEENS,11 QUEENS,40.75196483420503,-73.7937483438641
32519416,2016-01-25T10:51:00.000,Snow,E9 Snow / Icy Sidewalk,Sidewalk,178 ALBANY AVENUE,ALBANY AVENUE,ST MARKS AVENUE,PROSPECT PLACE,11213,BROOKLYN,BROOKLYN,08 BROOKLYN,40.674451038192466,-73.93891928644376
32519417,2016-01-25T10:23:00.000,Snow,E9 Snow / Icy Sidewalk,Sidewalk,39 PARK PLACE,PARK PLACE,5 AVENUE,6 AVENUE,11217,BROOKLYN,BROOKLYN,06 BROOKLYN,40.67922165869169,-73.97705929551347
32519418,2016-01-25T10:09:00.000,Snow,E9 Snow / Icy Sidewalk,Sidewalk,,,,,11215,BROOKLYN,BROOKLYN,07 BROOKLYN,40.6552468744987,-73.98179603080018
32519422,2016-01-25T20:33:00.000,Snow,E9 Snow / Icy Sidewalk,Sidewalk,142 BOWNE STREET,BOWNE STREET,CITY ISLAND AVENUE,MINNIEFORD AVENUE,10464,BRONX,BRONX,10 BRONX,40.850874741426615,-73.78807028559619
32519423,2016-01-25T19:48:00.000,Snow,E9 Snow / Icy Sidewalk,Sidewalk,162 WEST    4 STREET,WEST    4 STREET,CORNELIA STREET,JONES STREET,10014,NEW YORK,MANHATTAN,02 MANHATTAN,40.73193713547279,-74.00132781042846
32519424,2016-01-25T20:07:00.000,Snow,E9 Snow / Icy Sidewalk,Sidewalk,8425 7 AVENUE,7 AVENUE,84 STREET,85 STREET,11228,BROOKLYN,BROOKLYN,10 BROOKLYN,40.61975361865491,-74.02067974957677
32519425,2016-01-25T11:30:00.000,Snow,E9 Snow / Icy Sidewalk,Sidewalk,301 3 STREET,3 STREET,4 AVENUE,5 AVENUE,11215,BROOKLYN,BROOKLYN,06 BROOKLYN,40.67370873378338,-73.98513645990265
32519426,2016-01-25T09:58:00.000,Snow,E9 Snow / Icy Sidewalk,Sidewalk,252 9 STREET,9 STREET,3 AVENUE,4 AVENUE,11215,BROOKLYN,BROOKLYN,06 BROOKLYN,40.67056367081767,-73.98916739467573
32519427,2016-01-25T09:59:00.000,Snow,E9 Snow / Icy Sidewalk,Sidewalk,186 THROGGS NECK BOULEVARD,THROGGS NECK BOULEVARD,HARDING AVENUE,MILTON PLACE,10465,BRONX,BRONX,10 BRONX,40.8169044014054,-73.81244562073704
32519428,2016-01-25T09:33:00.000,Snow,E9 Snow / Icy Sidewalk,Sidewalk,,,,,10314,STATEN ISLAND,STATEN ISLAND,02 STATEN ISLAND,40.60834433443795,-74.1654386320945
32519429,2016-01-25T09:15:00.000,Snow,E9 Snow / Icy Sidewalk,Sidewalk,93-14 93 AVENUE,93 AVENUE,WOODHAVEN BOULEVARD,95 STREET,11421,Woodhaven,QUEENS,09 QUEENS,40.68881914407983,-73.84879593115097
32519430,2016-01-25T09:20:00.000,Snow,E9 Snow / Icy Sidewalk,Sidewalk,428 EAST   84 STREET,EAST   84 STREET,1 AVENUE,YORK AVENUE,10028,NEW YORK,MANHATTAN,08 MANHATTAN,40.77522172712948,-73.94955373048519
32519431,2016-01-25T08:46:00.000,Snow,E9 Snow / Icy Sidewalk,Sidewalk,39-30 57 STREET,57 STREET,39 AVENUE,WOODSIDE AVENUE,11377,Woodside,QUEENS,02 QUEENS,40.7473138188325,-73.90662398063274
32519434,2016-01-25T11:45:00.000,Snow,E9 Snow / Icy Sidewalk,Sidewalk,30-27 30 STREET,30 STREET,30 AVENUE,30 DRIVE,11102,Astoria,QUEENS,01 QUEENS,40.766569171413934,-73.92274116551825
32519435,2016-01-25T11:27:00.000,Snow,E9 Snow / Icy Sidewalk,Sidewalk,,,,,11225,BROOKLYN,BROOKLYN,09 BROOKLYN,40.66328389448403,-73.96095641305693
32519436,2016-01-25T10:53:00.000,Snow,E9 Snow / Icy Sidewalk,Sidewalk,440 WAVERLY AVENUE,WAVERLY AVENUE,GREENE AVENUE,GATES AVENUE,11238,BROOKLYN,BROOKLYN,02 BROOKLYN,40.6850598660932,-73.96622953752599
32519437,2016-01-25T10:39:00.000,Snow,E9 Snow / Icy Sidewalk,Sidewalk,57-53 VAN DOREN STREET,VAN DOREN STREET,WESTSIDE AVENUE,SAULTELL AVENUE,11368,Corona,QUEENS,04 QUEENS,40.73966143519608,-73.85167930057962
32519438,2016-01-25T08:52:00.000,Snow,E9 Snow / Icy Sidewalk,Sidewalk,2204 VOORHIES AVENUE,VOORHIES AVENUE,EAST 22 STREET,DOOLEY STREET,11235,BROOKLYN,BROOKLYN,15 BROOKLYN,40.586487200733515,-73.9467836385816
32519439,2016-01-25T08:56:00.000,Snow,E9 Snow / Icy Sidewalk,Sidewalk,176 UNDERHILL AVENUE,UNDERHILL AVENUE,STERLING PLACE,ST JOHNS PLACE,11238,BROOKLYN,BROOKLYN,08 BROOKLYN,40.67517332109055,-73.96667076194886
32519440,2016-01-25T15:33:00.000,Snow,E9 Snow / Icy Sidewalk,Sidewalk,110-30 221 STREET,221 STREET,DEAD END,112 AVENUE,11429,Queens Village,QUEENS,13 QUEENS,40.70582256338946,-73.73594818687071
32519441,2016-01-25T15:36:00.000,Snow,E9 Snow / Icy Sidewalk,Sidewalk,106-15 QUEENS BOULEVARD,QUEENS BOULEVARD,YELLOWSTONE BOULEVARD,70 AVENUE,11375,Forest Hills,QUEENS,06 QUEENS,40.722689638577194,-73.84676011260936
32519445,2016-01-25T09:36:00.000,Snow,E9 Snow / Icy Sidewalk,Sidewalk,2802 AVENUE Y,AVENUE Y,EAST 28 STREET,EAST 29 STREET,11235,BROOKLYN,BROOKLYN,15 BROOKLYN,40.59147768471261,-73.94201247812526
32519446,2016-01-25T09:26:00.000,Snow,E9 Snow / Icy Sidewalk,Sidewalk,34-01 38 STREET,38 STREET,34 AVENUE,35 AVENUE,11101,Long Island City,QUEENS,01 QUEENS,40.7568164848333,-73.92183565677735
32519447,2016-01-25T08:42:00.000,Snow,E9 Snow / Icy Sidewalk,Sidewalk,68-50 KESSEL STREET,KESSEL STREET,68 AVENUE,69 AVENUE,11375,Forest Hills,QUEENS,06 QUEENS,40.71508788127549,-73.85404985341611
32519458,2016-01-25T09:01:00.000,Snow,E9 Snow / Icy Sidewalk,Sidewalk,,,,,11217,BROOKLYN,BROOKLYN,06 BROOKLYN,40.67973435074979,-73.97431183772623
32519459,2016-01-25T09:13:00.000,Snow,E9 Snow / Icy Sidewalk,Sidewalk,33 WESTERVELT AVENUE,WESTERVELT AVENUE,CARROLL PLACE,ST MARKS PLACE,10301,STATEN ISLAND,STATEN ISLAND,01 STATEN ISLAND,40.64681104872033,-74.08678135572566
32519460,2016-01-25T08:48:00.000,Snow,E9 Snow / Icy Sidewalk,Sidewalk,,,,,10016,NEW YORK,MANHATTAN,05 MANHATTAN,40.750281513068074,-73.98112401931803
32519461,2016-01-25T08:50:00.000,Snow,E9 Snow / Icy Sidewalk,Sidewalk,,,,,10312,STATEN ISLAND,STATEN ISLAND,03 STATEN ISLAND,40.542234587141884,-74.1717512673938
32519463,2016-01-25T15:23:00.000,Snow,E9 Snow / Icy Sidewalk,Sidewalk,,,,,11230,BROOKLYN,BROOKLYN,12 BROOKLYN,40.61939737192231,-73.96956588163236
32519464,2016-01-25T15:29:00.000,Snow,E9 Snow / Icy Sidewalk,Sidewalk,38-17 150 STREET,150 STREET,38 AVENUE,ROOSEVELT AVENUE,11354,Flushing,QUEENS,07 QUEENS,40.76463754409501,-73.81486708134871
32519466,2016-01-25T08:26:00.000,Snow,E9 Snow / Icy Sidewalk,Sidewalk,90-13 METROPOLITAN AVENUE,METROPOLITAN AVENUE,WOODHAVEN BOULEVARD,TROTTING COURSE LANE,11374,Rego Park,QUEENS,06 QUEENS,40.71178148391264,-73.85929820113226
32519477,2016-01-25T15:01:00.000,Snow,E9 Snow / Icy Sidewalk,Sidewalk,116-22 131 STREET,131 STREET,116 AVENUE,FOCH BOULEVARD,11420,South Ozone Park,QUEENS,10 QUEENS,40.67750314224759,-73.8087024505122
32519478,2016-01-25T15:04:00.000,Snow,E9 Snow / Icy Sidewalk,Sidewalk,1517 3 AVENUE,3 AVENUE,EAST 85 STREET,EAST 86 STREET,10028,NEW YORK,MANHATTAN,08 MANHATTAN,40.77847619046257,-73.95422351441701
32519481,2016-01-25T03:31:00.000,Snow,E9 Snow / Icy Sidewalk,Sidewalk,6313 5 AVENUE,5 AVENUE,63 STREET,64 STREET,11220,BROOKLYN,BROOKLYN,07 BROOKLYN,40.637644596797614,-74.0180622502089
32519482,2016-01-25T14:26:00.000,Snow,E9 Snow / Icy Sidewalk,Sidewalk,97-13 DREW STREET,DREW STREET,97 AVENUE,101 AVENUE,11416,Ozone Park,QUEENS,09 QUEENS,40.68057866729793,-73.86364365249806
32519484,2016-01-25T13:32:00.000,Snow,E9 Snow / Icy Sidewalk,Sidewalk,13 THAMES STREET,THAMES STREET,BOGART STREET,MORGAN AVENUE,11206,BROOKLYN,BROOKLYN,01 BROOKLYN,40.70481009660702,-73.93248594695258
32519492,2016-01-25T08:19:00.000,Snow,E9 Snow / Icy Sidewalk,Sidewalk,306 7 STREET,7 STREET,4 AVENUE,5 AVENUE,11215,BROOKLYN,BROOKLYN,06 BROOKLYN,40.67075272800929,-73.98607798987784
32519493,2016-01-25T08:25:00.000,Snow,E9 Snow / Icy Sidewalk,Sidewalk,55-04 102 STREET,102 STREET,LARUE AVENUE,MARTENSE AVENUE,11368,Corona,QUEENS,04 QUEENS,40.74006447854131,-73.85786358764217
32519494,2016-01-25T08:07:00.000,Snow,E9 Snow / Icy Sidewalk,Sidewalk,47-45 245 STREET,245 STREET,BEND,VAN ZANDT AVENUE,11362,Little Neck,QUEENS,11 QUEENS,40.76293062499271,-73.7397684533567
32519497,2016-01-25T14:13:00.000,Snow,E9 Snow / Icy Sidewalk,Sidewalk,934 LAFAYETTE AVENUE,LAFAYETTE AVENUE,LEWIS AVENUE,STUYVESANT AVENUE,11221,BROOKLYN,BROOKLYN,03 BROOKLYN,40.69173554269764,-73.93512796423495
32519498,2016-01-25T13:55:00.000,Snow,E9 Snow / Icy Sidewalk,Sidewalk,556 3 AVENUE,3 AVENUE,14 STREET,15 STREET,11215,BROOKLYN,BROOKLYN,06 BROOKLYN,40.66827211930347,-73.99369171115073
32519499,2016-01-25T13:58:00.000,Snow,E9 Snow / Icy Sidewalk,Sidewalk,292 EAST    3 STREET,EAST    3 STREET,ALBEMARLE ROAD,CHURCH AVENUE,11218,BROOKLYN,BROOKLYN,12 BROOKLYN,40.64473362852119,-73.9776693283161
32519500,2016-01-25T17:29:00.000,Snow,E9 Snow / Icy Sidewalk,Sidewalk,1085 LEXINGTON AVENUE,LEXINGTON AVENUE,EAST 76 STREET,EAST 77 STREET,10075,NEW YORK,MANHATTAN,08 MANHATTAN,40.77327710042341,-73.96010846378049
32519501,2016-01-25T17:00:00.000,Snow,E9 Snow / Icy Sidewalk,Sidewalk,35 STUYVESANT STREET,STUYVESANT STREET,EAST 9 STREET,EAST 10 STREET,10003,NEW YORK,MANHATTAN,03 MANHATTAN,40.729995942090966,-73.98767842245697
32519505,2016-01-25T18:57:00.000,Snow,E9 Snow / Icy Sidewalk,Sidewalk,665 FLUSHING AVENUE,FLUSHING AVENUE,HARRISON AVENUE,WHIPPLE STREET,11206,BROOKLYN,BROOKLYN,01 BROOKLYN,40.700187102546415,-73.94662796359206
32519506,2016-01-25T17:33:00.000,Snow,E9 Snow / Icy Sidewalk,Sidewalk,517 WEST  184 STREET,WEST  184 STREET,AMSTERDAM AVENUE,AUDUBON AVENUE,10033,NEW YORK,MANHATTAN,12 MANHATTAN,40.850186487580714,-73.93025276904564
32519507,2016-01-25T12:56:00.000,Snow,E9 Snow / Icy Sidewalk,Sidewalk,1 PROSPECT PARK WEST,PROSPECT PARK WEST,GRAND ARMY PLAZA OVAL,PRESIDENT STREET,11215,BROOKLYN,BROOKLYN,06 BROOKLYN,40.672487228878474,-73.97048976168917
32519517,2016-01-25T12:59:00.000,Snow,E9 Snow / Icy Sidewalk,Sidewalk,39-30 47 AVENUE,47 AVENUE,39 PLACE,40 STREET,11104,Sunnyside,QUEENS,02 QUEENS,40.74188194595911,-73.92543302854877
32519520,2016-01-25T12:44:00.000,Snow,E9 Snow / Icy Sidewalk,Sidewalk,9013 FLATLANDS AVENUE,FLATLANDS AVENUE,REMSEN AVENUE,EAST 91 STREET,11236,BROOKLYN,BROOKLYN,18 BROOKLYN,40.640489289885224,-73.90559520881521
32519521,2016-01-25T16:47:00.000,Snow,E9 Snow / Icy Sidewalk,Sidewalk,357 JEFFERSON AVENUE,JEFFERSON AVENUE,TOMPKINS AVENUE,THROOP AVENUE,11221,BROOKLYN,BROOKLYN,03 BROOKLYN,40.68406821603242,-73.94328405946051
32519522,2016-01-25T16:48:00.000,Snow,E9 Snow / Icy Sidewalk,Sidewalk,208 BRAISTED AVENUE,BRAISTED AVENUE,DENKER PLACE,NEHRING AVENUE,10314,STATEN ISLAND,STATEN ISLAND,02 STATEN ISLAND,40.59077820618408,-74.15516592384105
32519530,2016-01-25T13:17:00.000,Snow,E9 Snow / Icy Sidewalk,Sidewalk,30-14 35 AVENUE,35 AVENUE,30 STREET,31 STREET,11106,Astoria,QUEENS,01 QUEENS,40.75840216272579,-73.92910717108175
32519531,2016-01-25T17:42:00.000,Snow,E9 Snow / Icy Sidewalk,Sidewalk,139-96 35 AVENUE,35 AVENUE,UNION STREET,PARSONS BOULEVARD,11354,Flushing,QUEENS,07 QUEENS,40.765430683121686,-73.8271749854392
32519532,2016-01-25T17:12:00.000,Snow,E9 Snow / Icy Sidewalk,Sidewalk,30-42 42 STREET,42 STREET,30 AVENUE,NEWTOWN ROAD,11103,Astoria,QUEENS,01 QUEENS,40.762124903096364,-73.91423437117636
32519533,2016-01-25T13:26:00.000,Snow,E9 Snow / Icy Sidewalk,Sidewalk,37-12 82 STREET,82 STREET,37 AVENUE,ROOSEVELT AVENUE,11372,Jackson Heights,QUEENS,03 QUEENS,40.74941795676741,-73.88426247163679
32519534,2016-01-25T13:06:00.000,Snow,E9 Snow / Icy Sidewalk,Sidewalk,538 PUTNAM AVENUE,PUTNAM AVENUE,THROOP AVENUE,MARCUS GARVEY BOULEVARD,11221,BROOKLYN,BROOKLYN,03 BROOKLYN,40.68518090651748,-73.93995870254392
32519535,2016-01-25T13:13:00.000,Snow,E9 Snow / Icy Sidewalk,Sidewalk,,,,,11101,Long Island City,QUEENS,02 QUEENS,40.74889066145803,-73.94213531558619
32519536,2016-01-25T13:14:00.000,Snow,E9 Snow / Icy Sidewalk,Sidewalk,60-99 PUTNAM AVENUE,PUTNAM AVENUE,STIER PLACE,FRESH POND ROAD,11385,Ridgewood,QUEENS,05 QUEENS,40.70646918995623,-73.89710152200975
32519538,2016-01-25T12:04:00.000,Snow,E9 Snow / Icy Sidewalk,Sidewalk,575 CLASSON AVENUE,CLASSON AVENUE,FULTON STREET,LEFFERTS PLACE,11238,BROOKLYN,BROOKLYN,03 BROOKLYN,40.68110484672922,-73.95844741594607
32519543,2016-01-25T12:04:00.000,Snow,E9 Snow / Icy Sidewalk,Sidewalk,146-28 34 AVENUE,34 AVENUE,146 STREET,147 STREET,11354,Flushing,QUEENS,07 QUEENS,40.7672923977602,-73.82050229361921
32519551,2016-01-25T12:56:00.000,Snow,E9 Snow / Icy Sidewalk,Sidewalk,,,,,11206,BROOKLYN,BROOKLYN,01 BROOKLYN,40.71164245827412,-73.94390987213237
32519552,2016-01-25T12:43:00.000,Snow,E9 Snow / Icy Sidewalk,Sidewalk,2911 BARNES AVENUE,BARNES AVENUE,ARNOW AVENUE,WILLIAMSBRIDGE ROAD,10467,BRONX,BRONX,11 BRONX,40.8682335539516,-73.86344325864486
32519556,2016-01-25T12:06:00.000,Snow,E9 Snow / Icy Sidewalk,Sidewalk,28-27 30 STREET,30 STREET,NEWTOWN AVENUE,30 AVENUE,11102,Astoria,QUEENS,01 QUEENS,40.76819864822407,-73.9214107413106
32519557,2016-01-25T12:14:00.000,Snow,E9 Snow / Icy Sidewalk,Sidewalk,619 CLASSON AVENUE,CLASSON AVENUE,ATLANTIC AVENUE,PACIFIC STREET,11238,BROOKLYN,BROOKLYN,08 BROOKLYN,40.67943326967142,-73.95841961475953
32519558,2016-01-25T11:54:00.000,Snow,E9 Snow / Icy Sidewalk,Sidewalk,,,,,11372,Jackson Heights,QUEENS,03 QUEENS,40.75680390993968,-73.8736556649799
32519559,2016-01-25T11:56:00.000,Snow,E9 Snow / Icy Sidewalk,Sidewalk,54 HUDSON AVENUE,HUDSON AVENUE,PLYMOUTH STREET,EVANS STREET,11201,BROOKLYN,BROOKLYN,02 BROOKLYN,40.70340655615451,-73.98109761899602
32519563,2016-01-25T16:05:00.000,Snow,E9 Snow / Icy Sidewalk,Sidewalk,48-14 215 STREET,215 STREET,48 AVENUE,49 AVENUE,11364,Oakland Gardens,QUEENS,11 QUEENS,40.75556798690117,-73.76608141329152
32519564,2016-01-25T16:07:00.000,Snow,E9 Snow / Icy Sidewalk,Sidewalk,117-15 132 STREET,132 STREET,FOCH BOULEVARD,117 ROAD,11420,South Ozone Park,QUEENS,10 QUEENS,40.67635318709688,-73.80712307416897
32519565,2016-01-25T13:58:00.000,Snow,E9 Snow / Icy Sidewalk,Sidewalk,1165 STANLEY AVENUE,STANLEY AVENUE,CRESCENT STREET,HEMLOCK STREET,11208,BROOKLYN,BROOKLYN,05 BROOKLYN,40.66558487650601,-73.86678506952954
32519572,2016-01-25T16:29:00.000,Snow,E9 Snow / Icy Sidewalk,Sidewalk,2647 BROWN STREET,BROWN STREET,AVENUE Z,VOORHIES AVENUE,11235,BROOKLYN,BROOKLYN,15 BROOKLYN,40.588661999883655,-73.93768719420146
32519575,2016-01-25T11:48:00.000,Snow,E9 Snow / Icy Sidewalk,Sidewalk,3105 AVENUE V,AVENUE V,BRIGHAM STREET,KNAPP STREET,11229,BROOKLYN,BROOKLYN,15 BROOKLYN,40.59922502373211,-73.9346092759239
32519576,2016-01-25T10:23:00.000,Snow,E9 Snow / Icy Sidewalk,Sidewalk,,,,,10467,BRONX,BRONX,12 BRONX,40.87779868838609,-73.86804860553718
32519578,2016-01-25T12:58:00.000,Snow,E9 Snow / Icy Sidewalk,Sidewalk,,,,,10305,STATEN ISLAND,STATEN ISLAND,02 STATEN ISLAND,40.59970800651806,-74.08260054858968
32519579,2016-01-25T10:37:00.000,Snow,E9 Snow / Icy Sidewalk,Sidewalk,,,,,11236,BROOKLYN,BROOKLYN,18 BROOKLYN,40.63318471992295,-73.90813473797762
32519580,2016-01-25T10:14:00.000,Snow,E9 Snow / Icy Sidewalk,Sidewalk,189-16 PINEVILLE LANE,PINEVILLE LANE,NEPTON STREET,LUCAS STREET,11413,Springfield Gardens,QUEENS,12 QUEENS,40.68237281511974,-73.75403616059039
32519581,2016-01-25T09:43:00.000,Snow,E9 Snow / Icy Sidewalk,Sidewalk,150-23 73 AVENUE,73 AVENUE,150 STREET,153 STREET,11367,Flushing,QUEENS,08 QUEENS,40.726048319632504,-73.8161396263022
32521246,2016-01-25T12:56:00.000,Snow,E9 Snow / Icy Sidewalk,Sidewalk,87 JAVA STREET,JAVA STREET,FRANKLIN STREET,MANHATTAN AVENUE,11222,BROOKLYN,BROOKLYN,01 BROOKLYN,40.73137198113235,-73.95713878550505
32521262,2016-01-25T08:33:00.000,Snow,E9 Snow / Icy Sidewalk,Sidewalk,73-49 52 AVENUE,52 AVENUE,73 STREET,74 STREET,11378,Maspeth,QUEENS,05 QUEENS,40.73383005391212,-73.88939166313448
32521263,2016-01-25T08:25:00.000,Snow,E9 Snow / Icy Sidewalk,Sidewalk,1701 ZEREGA AVENUE,ZEREGA AVENUE,MACLAY AVENUE,BUCK STREET,10462,BRONX,BRONX,10 BRONX,40.83987380648943,-73.85117759765491
32521266,2016-01-25T10:27:00.000,Snow,E9 Snow / Icy Sidewalk,Sidewalk,62 STAGG STREET,STAGG STREET,LORIMER STREET,LEONARD STREET,11206,BROOKLYN,BROOKLYN,01 BROOKLYN,40.70907793460301,-73.94780031552955
32521267,2016-01-25T19:59:00.000,Snow,E9 Snow / Icy Sidewalk,Sidewalk,,,,,11236,BROOKLYN,BROOKLYN,18 BROOKLYN,40.634085147036316,-73.91546898586174
32521268,2016-01-25T17:22:00.000,Snow,E9 Snow / Icy Sidewalk,Sidewalk,1075 EAST  179 STREET,EAST  179 STREET,BOSTON ROAD,BRONX STREET,10460,BRONX,BRONX,06 BRONX,40.84138233810402,-73.87836686837309
32521273,2016-01-25T14:52:00.000,Snow,E9 Snow / Icy Sidewalk,Sidewalk,1301 GRAVESEND NECK ROAD,GRAVESEND NECK ROAD,EAST 13 STREET,EAST 14 STREET,11229,BROOKLYN,BROOKLYN,15 BROOKLYN,40.59447622420444,-73.95732747852082
32521274,2016-01-25T14:37:00.000,Snow,E9 Snow / Icy Sidewalk,Sidewalk,1718 EAST   18 STREET,EAST   18 STREET,QUENTIN ROAD,AVENUE R,11229,BROOKLYN,BROOKLYN,15 BROOKLYN,40.60792218587125,-73.95522282364222
32521275,2016-01-25T22:35:00.000,Snow,E9 Snow / Icy Sidewalk,Sidewalk,3711 NEPTUNE AVENUE,NEPTUNE AVENUE,WEST 37 STREET,SEA GATE AVENUE,11224,BROOKLYN,BROOKLYN,13 BROOKLYN,40.576837759896925,-74.00374019403921
32521276,2016-01-25T22:08:00.000,Snow,E9 Snow / Icy Sidewalk,Sidewalk,2959 AVENUE Y,AVENUE Y,HARING STREET,BROWN STREET,11235,BROOKLYN,BROOKLYN,15 BROOKLYN,40.591846570754015,-73.93880761338094
32521277,2016-01-25T21:40:00.000,Snow,E9 Snow / Icy Sidewalk,Sidewalk,,,,,11219,BROOKLYN,BROOKLYN,12 BROOKLYN,40.63411342545123,-73.9966493110443
32521281,2016-01-25T20:47:00.000,Snow,E9 Snow / Icy Sidewalk,Sidewalk,399 FENIMORE STREET,FENIMORE STREET,NOSTRAND AVENUE,NEW YORK AVENUE,11225,BROOKLYN,BROOKLYN,09 BROOKLYN,40.65878060220998,-73.94918404870623
32521282,2016-01-25T20:56:00.000,Snow,E9 Snow / Icy Sidewalk,Sidewalk,,,,,10012,NEW YORK,MANHATTAN,02 MANHATTAN,40.72803408087861,-74.00215034963257
32521283,2016-01-25T20:37:00.000,Snow,E9 Snow / Icy Sidewalk,Sidewalk,,,,,11366,Fresh Meadows,QUEENS,08 QUEENS,40.7331298115216,-73.78302517587812
32521284,2016-01-25T19:37:00.000,Snow,E9 Snow / Icy Sidewalk,Sidewalk,388 17 STREET,17 STREET,7 AVENUE,8 AVENUE,11215,BROOKLYN,BROOKLYN,07 BROOKLYN,40.660542151620604,-73.9860584949373
32521285,2016-01-25T20:26:00.000,Snow,E9 Snow / Icy Sidewalk,Sidewalk,,,,,11217,BROOKLYN,BROOKLYN,06 BROOKLYN,40.682280675462955,-73.98523550313057
32521286,2016-01-25T11:34:00.000,Snow,E9 Snow / Icy Sidewalk,Sidewalk,216 MADISON AVENUE,MADISON AVENUE,EAST 35 STREET,EAST 36 STREET,10016,NEW YORK,MANHATTAN,05 MANHATTAN,40.748961444960756,-73.98209885107151
32521287,2016-01-25T11:44:00.000,Snow,E9 Snow / Icy Sidewalk,Sidewalk,,,,,11233,BROOKLYN,BROOKLYN,16 BROOKLYN,40.66917544705381,-73.92070913165782
32521291,2016-01-25T11:16:00.000,Snow,E9 Snow / Icy Sidewalk,Sidewalk,,,,,11222,BROOKLYN,BROOKLYN,01 BROOKLYN,40.728134410215944,-73.95327311856072
32521292,2016-01-25T11:22:00.000,Snow,E9 Snow / Icy Sidewalk,Sidewalk,170-23 84 DRIVE,84 DRIVE,170 STREET,171 STREET,11432,Jamaica,QUEENS,08 QUEENS,40.71507862622746,-73.79410778111972
32521293,2016-01-25T11:25:00.000,Snow,E9 Snow / Icy Sidewalk,Sidewalk,103 WEST  136 STREET,WEST  136 STREET,LENOX AVENUE,7 AVENUE,10030,NEW YORK,MANHATTAN,10 MANHATTAN,40.81499421891823,-73.94086759150522
32521294,2016-01-25T11:06:00.000,Snow,E9 Snow / Icy Sidewalk,Sidewalk,240 EAST   54 STREET,EAST   54 STREET,3 AVENUE,2 AVENUE,10022,NEW YORK,MANHATTAN,06 MANHATTAN,40.75790076024388,-73.96794686724353
32521302,2016-01-25T10:42:00.000,Snow,E9 Snow / Icy Sidewalk,Sidewalk,4202 AVENUE T,AVENUE T,HENDRICKSON STREET,FLATBUSH AVENUE,11234,BROOKLYN,BROOKLYN,18 BROOKLYN,40.610969693273134,-73.92509663630999
32521303,2016-01-25T10:16:00.000,Snow,E9 Snow / Icy Sidewalk,Sidewalk,,,,,10029,NEW YORK,MANHATTAN,11 MANHATTAN,40.789949627890586,-73.94292662318264
32521304,2016-01-25T10:02:00.000,Snow,E9 Snow / Icy Sidewalk,Sidewalk,445 FALCON AVENUE,FALCON AVENUE,PENN AVENUE,MALDEN PLACE,10306,STATEN ISLAND,STATEN ISLAND,03 STATEN ISLAND,40.56191434972436,-74.11503479459844
32521305,2016-01-25T09:45:00.000,Snow,E9 Snow / Icy Sidewalk,Sidewalk,61-01 78 STREET,78 STREET,ELIOT AVENUE,62 AVENUE,11379,Middle Village,QUEENS,05 QUEENS,40.72396758545228,-73.88059429342543
32521312,2016-01-25T09:32:00.000,Snow,E9 Snow / Icy Sidewalk,Sidewalk,206 CARLTON AVENUE,CARLTON AVENUE,WILLOUGHBY AVENUE,DEKALB AVENUE,11205,BROOKLYN,BROOKLYN,02 BROOKLYN,40.69127569278103,-73.97248637120165
32521313,2016-01-25T09:39:00.000,Snow,E9 Snow / Icy Sidewalk,Sidewalk,550 7 STREET,7 STREET,8 AVENUE,PROSPECT PARK WEST,11215,BROOKLYN,BROOKLYN,06 BROOKLYN,40.666650689434086,-73.97758268852394
32521314,2016-01-25T09:07:00.000,Snow,E9 Snow / Icy Sidewalk,Sidewalk,245 24 STREET,24 STREET,3 AVENUE,4 AVENUE,11232,BROOKLYN,BROOKLYN,07 BROOKLYN,40.6612511280114,-73.99777250732556
32521315,2016-01-25T09:10:00.000,Snow,E9 Snow / Icy Sidewalk,Sidewalk,85-54 261 STREET,261 STREET,EAST WILLISTON AVENUE,86 AVENUE,11001,Floral Park,QUEENS,13 QUEENS,40.73468907269399,-73.70637163460829
32521316,2016-01-25T08:48:00.000,Snow,E9 Snow / Icy Sidewalk,Sidewalk,4619 16 AVENUE,16 AVENUE,46 STREET,47 STREET,11204,BROOKLYN,BROOKLYN,12 BROOKLYN,40.63255605469691,-73.98391706825261
32521317,2016-01-25T08:53:00.000,Snow,E9 Snow / Icy Sidewalk,Sidewalk,,,,,11435,Jamaica,QUEENS,08 QUEENS,40.708350885644876,-73.81323798575768
32521325,2016-01-25T15:19:00.000,Snow,E9 Snow / Icy Sidewalk,Sidewalk,508 BROADWAY,BROADWAY,BROOME STREET,SPRING STREET,10012,NEW YORK,MANHATTAN,02 MANHATTAN,40.72244028364098,-73.99928928972908
32521326,2016-01-25T15:22:00.000,Snow,E9 Snow / Icy Sidewalk,Sidewalk,,,,,11419,South Richmond Hill,QUEENS,10 QUEENS,40.68593776369708,-73.8259387357781
32521327,2016-01-25T08:32:00.000,Snow,E9 Snow / Icy Sidewalk,Sidewalk,155-11 JEWEL AVENUE,JEWEL AVENUE,KISSENA BOULEVARD,DRIVEWAY,11367,Flushing,QUEENS,08 QUEENS,40.73211171826652,-73.81286830149064
32521352,2016-01-25T13:35:00.000,Snow,E9 Snow / Icy Sidewalk,Sidewalk,659 METROPOLITAN AVENUE,METROPOLITAN AVENUE,LEONARD STREET,MANHATTAN AVENUE,11211,BROOKLYN,BROOKLYN,01 BROOKLYN,40.7142953506457,-73.94697378193712
32521358,2016-01-25T08:15:00.000,Snow,E9 Snow / Icy Sidewalk,Sidewalk,144 STUYVESANT AVENUE,STUYVESANT AVENUE,VAN BUREN STREET,GREENE AVENUE,11221,BROOKLYN,BROOKLYN,03 BROOKLYN,40.69065048499588,-73.93359649230494
32521359,2016-01-25T08:18:00.000,Snow,E9 Snow / Icy Sidewalk,Sidewalk,,,,,11385,Ridgewood,QUEENS,05 QUEENS,40.701968198847794,-73.88049664749286
32521360,2016-01-25T20:51:00.000,Snow,E9 Snow / Icy Sidewalk,Sidewalk,1011 NEILL AVENUE,NEILL AVENUE,COLDEN AVENUE,PAULDING AVENUE,10462,BRONX,BRONX,11 BRONX,40.85215519254303,-73.85896872949107
32521361,2016-01-25T16:58:00.000,Snow,E9 Snow / Icy Sidewalk,Sidewalk,,,,,11419,South Richmond Hill,QUEENS,10 QUEENS,40.684748761092095,-73.83111952994496
32521362,2016-01-25T16:41:00.000,Snow,E9 Snow / Icy Sidewalk,Sidewalk,,,,,11230,BROOKLYN,BROOKLYN,12 BROOKLYN,40.6170037911252,-73.96910952299787
32521363,2016-01-25T15:58:00.000,Snow,E9 Snow / Icy Sidewalk,Sidewalk,1588 3 AVENUE,3 AVENUE,EAST 89 STREET,EAST 90 STREET,10128,NEW YORK,MANHATTAN,08 MANHATTAN,40.78090731987914,-73.95247780994522
32521364,2016-01-25T17:23:00.000,Snow,E9 Snow / Icy Sidewalk,Sidewalk,95 EAST    7 STREET,EAST    7 STREET,1 AVENUE,AVENUE A,10009,NEW YORK,MANHATTAN,03 MANHATTAN,40.72678978446996,-73.98527254472263
32521370,2016-01-25T21:24:00.000,Snow,E9 Snow / Icy Sidewalk,Sidewalk,129-05 31 AVENUE,31 AVENUE,COLLEGE POINT BOULEVARD,131 STREET,11354,Flushing,QUEENS,07 QUEENS,40.76923515840655,-73.83871055725287
32521371,2016-01-25T21:01:00.000,Snow,E9 Snow / Icy Sidewalk,Sidewalk,1 DEBEVOISE AVENUE,DEBEVOISE AVENUE,MASPETH AVENUE,JACKSON STREET,11211,BROOKLYN,BROOKLYN,01 BROOKLYN,40.716426245630586,-73.93791405187368
32521372,2016-01-25T21:06:00.000,Snow,E9 Snow / Icy Sidewalk,Sidewalk,48-16 FRANCIS LEWIS BOULEVARD,FRANCIS LEWIS BOULEVARD,48 AVENUE,49 AVENUE,11364,Oakland Gardens,QUEENS,11 QUEENS,40.75168908846353,-73.7797199998737
32521373,2016-01-25T20:43:00.000,Snow,E9 Snow / Icy Sidewalk,Sidewalk,345 CITY ISLAND AVENUE,CITY ISLAND AVENUE,BAY STREET,TIER STREET,10464,BRONX,BRONX,10 BRONX,40.84822661669603,-73.78686425098971
32521374,2016-01-25T19:42:00.000,Snow,E9 Snow / Icy Sidewalk,Sidewalk,298 SAINT NICHOLAS AVENUE,SAINT NICHOLAS AVENUE,LINDEN STREET,GATES AVENUE,11237,BROOKLYN,BROOKLYN,04 BROOKLYN,40.70137020807316,-73.91124337661466
32521375,2016-01-25T12:54:00.000,Snow,E9 Snow / Icy Sidewalk,Sidewalk,2153 CATON AVENUE,CATON AVENUE,FLATBUSH AVENUE,BEND,11226,BROOKLYN,BROOKLYN,14 BROOKLYN,40.65297366085685,-73.95856224267015
32521376,2016-01-25T12:55:00.000,Snow,E9 Snow / Icy Sidewalk,Sidewalk,,,,,11103,Astoria,QUEENS,01 QUEENS,40.77101738771018,-73.91359111657157
32521377,2016-01-25T12:56:00.000,Snow,E9 Snow / Icy Sidewalk,Sidewalk,119 GUERNSEY STREET,GUERNSEY STREET,NORMAN AVENUE,MESEROLE AVENUE,11222,BROOKLYN,BROOKLYN,01 BROOKLYN,40.72521413976708,-73.9536467712904
32521384,2016-01-25T19:50:00.000,Snow,E9 Snow / Icy Sidewalk,Sidewalk,311 6 AVENUE,6 AVENUE,CARMINE STREET,WEST 3 STREET,10014,NEW YORK,MANHATTAN,02 MANHATTAN,40.73082550685727,-74.00155870797856
32521385,2016-01-25T11:31:00.000,Snow,E9 Snow / Icy Sidewalk,Sidewalk,,,,,11233,BROOKLYN,BROOKLYN,08 BROOKLYN,40.67581862211921,-73.93045675772623
32521386,2016-01-25T11:43:00.000,Snow,E9 Snow / Icy Sidewalk,Sidewalk,272 LAFAYETTE AVENUE,LAFAYETTE AVENUE,WASHINGTON AVENUE,ST JAMES PLACE,11238,BROOKLYN,BROOKLYN,02 BROOKLYN,40.68826820890338,-73.96523991856637
32521387,2016-01-25T11:18:00.000,Snow,E9 Snow / Icy Sidewalk,Sidewalk,,,,,11375,Forest Hills,QUEENS,06 QUEENS,40.71795221275111,-73.84886331358848
32521388,2016-01-25T16:43:00.000,Snow,E9 Snow / Icy Sidewalk,Sidewalk,70-01 141 STREET,141 STREET,70 AVENUE,70 ROAD,11367,Flushing,QUEENS,08 QUEENS,40.72879002056489,-73.82473718395957
32521390,2016-01-25T12:07:00.000,Snow,E9 Snow / Icy Sidewalk,Sidewalk,6 STANWIX STREET,STANWIX STREET,JEFFERSON STREET,MELROSE STREET,11206,BROOKLYN,BROOKLYN,04 BROOKLYN,40.69852260886419,-73.93381585306365
32521391,2016-01-25T12:08:00.000,Snow,E9 Snow / Icy Sidewalk,Sidewalk,67-12 150 STREET,150 STREET,MELBOURNE AVENUE,69 ROAD,11367,Flushing,QUEENS,08 QUEENS,40.733841065100556,-73.81984548896821
32521392,2016-01-25T12:09:00.000,Snow,E9 Snow / Icy Sidewalk,Sidewalk,93 ST MARKS AVENUE,ST MARKS AVENUE,FLATBUSH AVENUE,CARLTON AVENUE,11217,BROOKLYN,BROOKLYN,08 BROOKLYN,40.67953649476516,-73.9732916011572
32521393,2016-01-25T11:57:00.000,Snow,E9 Snow / Icy Sidewalk,Sidewalk,580 CENTRAL AVENUE,CENTRAL AVENUE,HALSEY STREET,ELDERT STREET,11207,BROOKLYN,BROOKLYN,04 BROOKLYN,40.68984449298569,-73.91068898586083
32521394,2016-01-25T16:04:00.000,Snow,E9 Snow / Icy Sidewalk,Sidewalk,52-63 65 PLACE,65 PLACE,62 STREET,53 AVENUE,11378,Maspeth,QUEENS,05 QUEENS,40.732236906930076,-73.90010344328826
32521395,2016-01-25T15:54:00.000,Snow,E9 Snow / Icy Sidewalk,Sidewalk,3256 PHILIP AVENUE,PHILIP AVENUE,CLARENCE AVENUE,DEAN AVENUE,10465,BRONX,BRONX,10 BRONX,40.83141928907789,-73.81635073811682
32521400,2016-01-25T10:41:00.000,Snow,E9 Snow / Icy Sidewalk,Sidewalk,114-59 LEFFERTS BOULEVARD,LEFFERTS BOULEVARD,LINDEN BOULEVARD,115 AVENUE,11420,South Ozone Park,QUEENS,10 QUEENS,40.677765663049165,-73.82000418045386
32521401,2016-01-25T10:25:00.000,Snow,E9 Snow / Icy Sidewalk,Sidewalk,1568 NEWKIRK AVENUE,NEWKIRK AVENUE,NEWKIRK PLAZA,EAST 16 STREET,11226,BROOKLYN,BROOKLYN,14 BROOKLYN,40.635713196822735,-73.96292175516521
32521402,2016-01-25T09:45:00.000,Snow,E9 Snow / Icy Sidewalk,Sidewalk,68-29 108 STREET,108 STREET,68 AVENUE,68 ROAD,11375,Forest Hills,QUEENS,06 QUEENS,40.7263998474914,-73.84622843754387
32521403,2016-01-25T09:50:00.000,Snow,E9 Snow / Icy Sidewalk,Sidewalk,497 CHESTER STREET,CHESTER STREET,NEWPORT STREET,LOTT AVENUE,11212,BROOKLYN,BROOKLYN,16 BROOKLYN,40.65910990463675,-73.90899649289202
32521404,2016-01-25T09:58:00.000,Snow,E9 Snow / Icy Sidewalk,Sidewalk,2246 62 STREET,62 STREET,BAY PARKWAY,23 AVENUE,11204,BROOKLYN,BROOKLYN,11 BROOKLYN,40.61491441358373,-73.9785797673994
32521405,2016-01-25T09:35:00.000,Snow,E9 Snow / Icy Sidewalk,Sidewalk,72-49 YELLOWSTONE BOULEVARD,YELLOWSTONE BOULEVARD,GROTON STREET,HARROW STREET,11375,Forest Hills,QUEENS,06 QUEENS,40.718927765442956,-73.85619871838936
32521406,2016-01-25T09:41:00.000,Snow,E9 Snow / Icy Sidewalk,Sidewalk,,,,,11375,Forest Hills,QUEENS,06 QUEENS,40.726960181320095,-73.84653020957778
32521407,2016-01-25T13:27:00.000,Snow,E9 Snow / Icy Sidewalk,Sidewalk,,,,,11422,Rosedale,QUEENS,13 QUEENS,40.66152628666844,-73.73197848392832
32521408,2016-01-25T13:02:00.000,Snow,E9 Snow / Icy Sidewalk,Sidewalk,,,,,10030,NEW YORK,MANHATTAN,10 MANHATTAN,40.817798907247926,-73.94559791525154
32521409,2016-01-25T12:32:00.000,Snow,E9 Snow / Icy Sidewalk,Sidewalk,1695 MADISON AVENUE,MADISON AVENUE,EAST 112 STREET,EAST 115 STREET,10029,NEW YORK,MANHATTAN,11 MANHATTAN,40.79749393222475,-73.94665468854132
32521410,2016-01-25T11:57:00.000,Snow,E9 Snow / Icy Sidewalk,Sidewalk,,,,,10469,BRONX,BRONX,11 BRONX,40.863987432646255,-73.85011856737577
32521411,2016-01-25T10:53:00.000,Snow,E9 Snow / Icy Sidewalk,Sidewalk,24 WEST   89 STREET,WEST   89 STREET,CENTRAL PARK WEST,COLUMBUS AVENUE,10024,NEW YORK,MANHATTAN,07 MANHATTAN,40.787552387391095,-73.96873066619868
32521412,2016-01-25T10:55:00.000,Snow,E9 Snow / Icy Sidewalk,Sidewalk,696 JAMAICA AVENUE,JAMAICA AVENUE,LOGAN STREET,RICHMOND STREET,11208,BROOKLYN,BROOKLYN,05 BROOKLYN,40.68714439571908,-73.87854725781558
32521413,2016-01-25T10:27:00.000,Snow,E9 Snow / Icy Sidewalk,Sidewalk,,,,,11210,BROOKLYN,BROOKLYN,14 BROOKLYN,40.6258429939613,-73.95536210337784
32521419,2016-01-25T09:10:00.000,Snow,E9 Snow / Icy Sidewalk,Sidewalk,479 EAST    8 STREET,EAST    8 STREET,CORTELYOU ROAD,DITMAS AVENUE,11218,BROOKLYN,BROOKLYN,12 BROOKLYN,40.63804573749109,-73.97058786425048
32521420,2016-01-25T09:12:00.000,Snow,E9 Snow / Icy Sidewalk,Sidewalk,94-15 ATLANTIC AVENUE,ATLANTIC AVENUE,WOODHAVEN BOULEVARD,95 STREET,11421,Woodhaven,QUEENS,09 QUEENS,40.68826153917468,-73.84847988320944
32521425,2016-01-25T08:46:00.000,Snow,E9 Snow / Icy Sidewalk,Sidewalk,,,,,11225,BROOKLYN,BROOKLYN,09 BROOKLYN,40.6600284649917,-73.96060149358404
32521426,2016-01-25T08:48:00.000,Snow,E9 Snow / Icy Sidewalk,Sidewalk,,,,,11420,South Ozone Park,QUEENS,10 QUEENS,40.666085242007576,-73.82807761990782
32521427,2016-01-25T08:58:00.000,Snow,E9 Snow / Icy Sidewalk,Sidewalk,455 BROADWAY,BROADWAY,HOWARD STREET,GRAND STREET,10013,NEW YORK,MANHATTAN,02 MANHATTAN,40.72057384650791,-74.00089828376416
32521428,2016-01-25T15:35:00.000,Snow,E9 Snow / Icy Sidewalk,Sidewalk,41-20 74 STREET,74 STREET,41 AVENUE,WOODSIDE AVENUE,11373,Elmhurst,QUEENS,04 QUEENS,40.74459377266871,-73.8910050017063
32521432,2016-01-25T15:02:00.000,Snow,E9 Snow / Icy Sidewalk,Sidewalk,,,,,11237,BROOKLYN,BROOKLYN,04 BROOKLYN,40.69889360848882,-73.91752179908735
32521433,2016-01-25T08:30:00.000,Snow,E9 Snow / Icy Sidewalk,Sidewalk,1044 EAST   17 STREET,EAST   17 STREET,AVENUE J,AVENUE K,11230,BROOKLYN,BROOKLYN,14 BROOKLYN,40.62474382635893,-73.95939030603988
32521434,2016-01-25T08:34:00.000,Snow,E9 Snow / Icy Sidewalk,Sidewalk,597 FLUSHING AVENUE,FLUSHING AVENUE,LEE AVENUE,MARCY AVENUE,11206,BROOKLYN,BROOKLYN,01 BROOKLYN,40.6997524032931,-73.9504727758268
32521436,2016-01-25T08:36:00.000,Snow,E9 Snow / Icy Sidewalk,Sidewalk,113-03 ROCKAWAY BEACH BOULEVARD,ROCKAWAY BEACH BOULEVARD,BEACH 113 STREET,BEACH 114 STREET,11694,Rockaway Park,QUEENS,14 QUEENS,40.58051224302794,-73.83471311020674
32521437,2016-01-25T14:58:00.000,Snow,E9 Snow / Icy Sidewalk,Sidewalk,51 SHARROTTS ROAD,SHARROTTS ROAD,SHARROTTS LANE,WHITE OAK LANE,10309,STATEN ISLAND,STATEN ISLAND,03 STATEN ISLAND,40.5375794733795,-74.21996642156182
32521443,2016-01-25T08:27:00.000,Snow,E9 Snow / Icy Sidewalk,Sidewalk,1506 CORTELYOU ROAD,CORTELYOU ROAD,EAST 15 STREET,NYCTA SUBWAY,11226,BROOKLYN,BROOKLYN,14 BROOKLYN,40.64130473383683,-73.96420501904983
32521445,2016-01-25T08:07:00.000,Snow,E9 Snow / Icy Sidewalk,Sidewalk,273 1 AVENUE,1 AVENUE,EAST 15 STREET,EAST 16 STREET,10003,NEW YORK,MANHATTAN,06 MANHATTAN,40.73243797036862,-73.98164504764438
32521446,2016-01-25T08:11:00.000,Snow,E9 Snow / Icy Sidewalk,Sidewalk,2530 EAST   13 STREET,EAST   13 STREET,AVENUE Y,MARGARET COURT,11235,BROOKLYN,BROOKLYN,15 BROOKLYN,40.58918392308834,-73.95645594668306
32521447,2016-01-25T14:25:00.000,Snow,E9 Snow / Icy Sidewalk,Sidewalk,1058 EAST   14 STREET,EAST   14 STREET,AVENUE J,AVENUE K,11230,BROOKLYN,BROOKLYN,14 BROOKLYN,40.623729170593585,-73.9620746601101
32521451,2016-01-25T08:41:00.000,Snow,E9 Snow / Icy Sidewalk,Sidewalk,,,,,11217,BROOKLYN,BROOKLYN,02 BROOKLYN,40.683127874732996,-73.97918522009685
32521452,2016-01-25T12:38:00.000,Snow,E9 Snow / Icy Sidewalk,Sidewalk,255-30 73 AVENUE,73 AVENUE,BEND,260 STREET,11004,Glen Oaks,QUEENS,13 QUEENS,40.75055294654112,-73.71810743107937
32521453,2016-01-25T19:39:00.000,Snow,E9 Snow / Icy Sidewalk,Sidewalk,,,,,11377,Woodside,QUEENS,02 QUEENS,40.744862984756715,-73.89419120520024
32521454,2016-01-25T16:53:00.000,Snow,E9 Snow / Icy Sidewalk,Sidewalk,2956 BRIGHTON    4 STREET,BRIGHTON    4 STREET,BRIGHTON 3 LANE,OCEAN VIEW AVENUE,11235,BROOKLYN,BROOKLYN,13 BROOKLYN,40.57960173982625,-73.96416968926194
32521457,2016-01-25T13:51:00.000,Snow,E9 Snow / Icy Sidewalk,Sidewalk,7124 THIRD AVENUE,THIRD AVENUE,71 STREET,72 STREET,11209,BROOKLYN,BROOKLYN,10 BROOKLYN,40.63398135143495,-74.02677663593157
32521458,2016-01-25T13:53:00.000,Snow,E9 Snow / Icy Sidewalk,Sidewalk,80-10 LEFFERTS BOULEVARD,LEFFERTS BOULEVARD,KEW GARDENS ROAD,TALBOT STREET,11415,Kew Gardens,QUEENS,09 QUEENS,40.71034484802874,-73.82814381669705
32521459,2016-01-25T13:55:00.000,Snow,E9 Snow / Icy Sidewalk,Sidewalk,1233 BELMONT AVENUE,BELMONT AVENUE,DREW STREET,RUBY STREET,11208,BROOKLYN,BROOKLYN,05 BROOKLYN,40.675309419168634,-73.8619492033878
32521460,2016-01-25T13:57:00.000,Snow,E9 Snow / Icy Sidewalk,Sidewalk,912A LAFAYETTE AVENUE,LAFAYETTE AVENUE,LEWIS AVENUE,STUYVESANT AVENUE,11221,BROOKLYN,BROOKLYN,03 BROOKLYN,40.69165086317434,-73.93585645890438
32521461,2016-01-25T13:20:00.000,Snow,E9 Snow / Icy Sidewalk,Sidewalk,14-15 CLINTONVILLE STREET,CLINTONVILLE STREET,14 AVENUE,14 ROAD,11357,Whitestone,QUEENS,07 QUEENS,40.78895298550059,-73.81133625128093
32521465,2016-01-25T17:19:00.000,Snow,E9 Snow / Icy Sidewalk,Sidewalk,194-25C 65 CRESCENT,65 CRESCENT,BEND,BEND,11365,Fresh Meadows,QUEENS,08 QUEENS,40.739769924295366,-73.7789763366867
32521466,2016-01-25T22:40:00.000,Snow,E9 Snow / Icy Sidewalk,Sidewalk,101-19 ASCAN AVENUE,ASCAN AVENUE,KESSEL STREET,JUNO STREET,11375,Forest Hills,QUEENS,06 QUEENS,40.7118889215301,-73.8446603608287
32521467,2016-01-25T15:50:00.000,Snow,E9 Snow / Icy Sidewalk,Sidewalk,,,,,10305,STATEN ISLAND,STATEN ISLAND,02 STATEN ISLAND,40.595890334480096,-74.08587618262669
32521468,2016-01-26T00:04:00.000,Snow,E9 Snow / Icy Sidewalk,Sidewalk,998 VAN NEST AVENUE,VAN NEST AVENUE,RADCLIFF AVENUE,COLDEN AVENUE,10462,BRONX,BRONX,11 BRONX,40.8467217035946,-73.8553694522686
32521469,2016-01-25T22:06:00.000,Snow,E9 Snow / Icy Sidewalk,Sidewalk,507 3 AVENUE,3 AVENUE,EAST 34 STREET,EAST 35 STREET,10016,NEW YORK,MANHATTAN,06 MANHATTAN,40.74582349470491,-73.97803964496948
32521470,2016-01-25T21:51:00.000,Snow,E9 Snow / Icy Sidewalk,Sidewalk,265 WEST  123 STREET,WEST  123 STREET,7 AVENUE,8 AVENUE,10027,NEW YORK,MANHATTAN,10 MANHATTAN,40.80841164870328,-73.95102769065737
32521471,2016-01-25T13:22:00.000,Snow,E9 Snow / Icy Sidewalk,Sidewalk,1264 EAST   95 STREET,EAST   95 STREET,AVENUE J,AVENUE K,11236,BROOKLYN,BROOKLYN,18 BROOKLYN,40.64031149416074,-73.89983389841721
32521472,2016-01-25T17:27:00.000,Snow,E9 Snow / Icy Sidewalk,Sidewalk,281 WEST  230 STREET,WEST  230 STREET,CORLEAR AVENUE,TIBBETT AVENUE,10463,BRONX,BRONX,08 BRONX,40.87906521493882,-73.90911852678158
32521473,2016-01-25T13:26:00.000,Snow,E9 Snow / Icy Sidewalk,Sidewalk,32-40 77 STREET,77 STREET,32 AVENUE,NORTHERN BOULEVARD,11370,East Elmhurst,QUEENS,03 QUEENS,40.756266468713946,-73.89024234451816
32521474,2016-01-25T13:14:00.000,Snow,E9 Snow / Icy Sidewalk,Sidewalk,75-29 217 STREET,217 STREET,75 AVENUE,77 AVENUE,11364,Oakland Gardens,QUEENS,11 QUEENS,40.738708388574764,-73.75619541079313
32521479,2016-01-25T22:11:00.000,Snow,E9 Snow / Icy Sidewalk,Sidewalk,413 20 STREET,20 STREET,7 AVENUE,8 AVENUE,11215,BROOKLYN,BROOKLYN,07 BROOKLYN,40.658415061042746,-73.98703207452276
32521480,2016-01-25T20:38:00.000,Snow,E9 Snow / Icy Sidewalk,Sidewalk,,,,,11217,BROOKLYN,BROOKLYN,06 BROOKLYN,40.680373217644785,-73.98653386606992
32521481,2016-01-25T11:16:00.000,Snow,E9 Snow / Icy Sidewalk,Sidewalk,1109 PARK PLACE,PARK PLACE,KINGSTON AVENUE,HAMPTON PLACE,11213,BROOKLYN,BROOKLYN,08 BROOKLYN,40.672928758970315,-73.94097191932752
32521482,2016-01-25T11:21:00.000,Snow,E9 Snow / Icy Sidewalk,Sidewalk,,,,,11375,Forest Hills,QUEENS,06 QUEENS,40.71795221275111,-73.84886331358848
32521483,2016-01-25T21:00:00.000,Snow,E9 Snow / Icy Sidewalk,Sidewalk,140 58 STREET,58 STREET,1 AVENUE,2 AVENUE,11220,BROOKLYN,BROOKLYN,07 BROOKLYN,40.64533737627992,-74.02286419138082
32521484,2016-01-25T20:38:00.000,Snow,E9 Snow / Icy Sidewalk,Sidewalk,428 CITY ISLAND AVENUE,CITY ISLAND AVENUE,DITMARS STREET,BOWNE STREET,10464,BRONX,BRONX,10 BRONX,40.850339166999376,-73.78787680287607
32521487,2016-01-25T17:51:00.000,Snow,E9 Snow / Icy Sidewalk,Sidewalk,242-34 54 AVENUE,54 AVENUE,DOUGLASTON PARKWAY,244 STREET,11362,Little Neck,QUEENS,11 QUEENS,40.757797267425545,-73.73947447361306
32521488,2016-01-25T17:52:00.000,Snow,E9 Snow / Icy Sidewalk,Sidewalk,,,,,11204,BROOKLYN,BROOKLYN,11 BROOKLYN,40.6124963655568,-73.97920724339576
32521491,2016-01-25T10:56:00.000,Snow,E9 Snow / Icy Sidewalk,Sidewalk,33-02 30 AVENUE,30 AVENUE,33 STREET,34 STREET,11103,Astoria,QUEENS,01 QUEENS,40.766083986046354,-73.91965515106247
32521492,2016-01-25T10:56:00.000,Snow,E9 Snow / Icy Sidewalk,Sidewalk,35 NORTH ELLIOTT PLACE,NORTH ELLIOTT PLACE,FLUSHING AVENUE,PARK AVENUE,11205,BROOKLYN,BROOKLYN,02 BROOKLYN,40.69719449243214,-73.977446197979
32521493,2016-01-25T10:56:00.000,Snow,E9 Snow / Icy Sidewalk,Sidewalk,1126 PROSPECT PLACE,PROSPECT PLACE,KINGSTON AVENUE,ALBANY AVENUE,11213,BROOKLYN,BROOKLYN,08 BROOKLYN,40.6737294938036,-73.93954722288018
32521494,2016-01-25T10:14:00.000,Snow,E9 Snow / Icy Sidewalk,Sidewalk,839 MYRTLE AVENUE,MYRTLE AVENUE,MARCY AVENUE,TOMPKINS AVENUE,11206,BROOKLYN,BROOKLYN,03 BROOKLYN,40.695453282829284,-73.94861516676998
32521495,2016-01-25T09:56:00.000,Snow,E9 Snow / Icy Sidewalk,Sidewalk,92-15 UNION HALL STREET,UNION HALL STREET,JAMAICA AVENUE,ARCHER AVENUE,11433,Jamaica,QUEENS,12 QUEENS,40.703930321588885,-73.7977416740257
32521496,2016-01-25T11:20:00.000,Snow,E9 Snow / Icy Sidewalk,Sidewalk,,,,,10469,BRONX,BRONX,11 BRONX,40.86290139615408,-73.85078622862622
32521497,2016-01-25T11:24:00.000,Snow,E9 Snow / Icy Sidewalk,Sidewalk,145 EAST   63 STREET,EAST   63 STREET,LEXINGTON AVENUE,3 AVENUE,10065,NEW YORK,MANHATTAN,08 MANHATTAN,40.764589142206695,-73.9660014954661
32521498,2016-01-25T11:06:00.000,Snow,E9 Snow / Icy Sidewalk,Sidewalk,1 GABRIEL DRIVE,GABRIEL DRIVE,BEND,BEND,10469,BRONX,BRONX,11 BRONX,40.863414854829195,-73.8509405352877
32521499,2016-01-25T10:51:00.000,Snow,E9 Snow / Icy Sidewalk,Sidewalk,130 EAST   23 STREET,EAST   23 STREET,PARK AVENUE SOUTH,LEXINGTON AVENUE,10010,NEW YORK,MANHATTAN,05 MANHATTAN,40.739629715925155,-73.98504958214879
32521500,2016-01-25T10:07:00.000,Snow,E9 Snow / Icy Sidewalk,Sidewalk,9-06 27 AVENUE,27 AVENUE,9 STREET,BLACKWELLS LANE,11102,Astoria,QUEENS,01 QUEENS,40.77390001993075,-73.9308236911447
32521501,2016-01-25T10:09:00.000,Snow,E9 Snow / Icy Sidewalk,Sidewalk,548 PRESIDENT STREET,PRESIDENT STREET,3 AVENUE,4 AVENUE,11215,BROOKLYN,BROOKLYN,06 BROOKLYN,40.67726865652436,-73.98475351287416
32521504,2016-01-25T12:28:00.000,Snow,E9 Snow / Icy Sidewalk,Sidewalk,74-17 ASTORIA BOULEVARD,ASTORIA BOULEVARD,74 STREET,75 STREET,11370,East Elmhurst,QUEENS,01 QUEENS,40.76679127187453,-73.89473758897626
32521505,2016-01-25T12:04:00.000,Snow,E9 Snow / Icy Sidewalk,Sidewalk,542 CLASSON AVENUE,CLASSON AVENUE,FULTON STREET,LEFFERTS PLACE,11238,BROOKLYN,BROOKLYN,02 BROOKLYN,40.6815467941034,-73.95855530419995
32521506,2016-01-25T12:12:00.000,Snow,E9 Snow / Icy Sidewalk,Sidewalk,1064 ATLANTIC AVENUE,ATLANTIC AVENUE,CLASSON AVENUE,NYCTA SUBWAY,11238,BROOKLYN,BROOKLYN,08 BROOKLYN,40.67973774673329,-73.95788943748877
32521508,2016-01-25T11:52:00.000,Snow,E9 Snow / Icy Sidewalk,Sidewalk,,,,,11102,Astoria,QUEENS,01 QUEENS,40.76560355510141,-73.92354009693048
32521511,2016-01-25T09:57:00.000,Snow,E9 Snow / Icy Sidewalk,Sidewalk,316 7 STREET,7 STREET,4 AVENUE,5 AVENUE,11215,BROOKLYN,BROOKLYN,06 BROOKLYN,40.67064016358913,-73.98584369718058
32521512,2016-01-25T09:42:00.000,Snow,E9 Snow / Icy Sidewalk,Sidewalk,2082 RICHMOND AVENUE,RICHMOND AVENUE,RIVINGTON AVENUE,ROCKLAND AVENUE,10314,STATEN ISLAND,STATEN ISLAND,02 STATEN ISLAND,40.59651340092685,-74.16217573875329
32521514,2016-01-25T09:40:00.000,Snow,E9 Snow / Icy Sidewalk,Sidewalk,34-19 90 STREET,90 STREET,34 AVENUE,35 AVENUE,11372,Jackson Heights,QUEENS,03 QUEENS,40.75376133974925,-73.87745127035782
32521515,2016-01-25T09:42:00.000,Snow,E9 Snow / Icy Sidewalk,Sidewalk,1984 HOBART AVENUE,HOBART AVENUE,ST THERESA AVENUE,WILKINSON AVENUE,10461,BRONX,BRONX,10 BRONX,40.85109124417706,-73.83110565038484
32521516,2016-01-25T09:06:00.000,Snow,E9 Snow / Icy Sidewalk,Sidewalk,19 MILBANK ROAD,MILBANK ROAD,NEUTRAL AVENUE,CEDAR GROVE AVENUE,10306,STATEN ISLAND,STATEN ISLAND,02 STATEN ISLAND,40.56113289128272,-74.1025882511456
32521517,2016-01-25T09:12:00.000,Snow,E9 Snow / Icy Sidewalk,Sidewalk,80 JOHN STREET,JOHN STREET,RICHMOND TERRACE,BEND,10302,STATEN ISLAND,STATEN ISLAND,01 STATEN ISLAND,40.637255285110996,-74.14290827113841
32521518,2016-01-25T15:46:00.000,Snow,E9 Snow / Icy Sidewalk,Sidewalk,603 AVENUE OF THE AMERICAS,AVENUE OF THE AMERICAS,WEST 17 STREET,WEST 18 STREET,10011,NEW YORK,MANHATTAN,04 MANHATTAN,40.73956745867758,-73.99524026487241
32521521,2016-01-25T15:58:00.000,Snow,E9 Snow / Icy Sidewalk,Sidewalk,410 NEW LOTS AVENUE,NEW LOTS AVENUE,PENNSYLVANIA AVENUE,NEW JERSEY AVENUE,11207,BROOKLYN,BROOKLYN,05 BROOKLYN,40.6621011882019,-73.89248063122164
32521522,2016-01-25T12:42:00.000,Snow,E9 Snow / Icy Sidewalk,Sidewalk,,,,,11212,BROOKLYN,BROOKLYN,16 BROOKLYN,40.67207532496824,-73.91133643550022
32521525,2016-01-25T09:11:00.000,Snow,E9 Snow / Icy Sidewalk,Sidewalk,120-15 12 AVENUE,12 AVENUE,120 STREET,121 STREET,11356,College Point,QUEENS,07 QUEENS,40.787675498235316,-73.84763973448852
32521526,2016-01-25T08:46:00.000,Snow,E9 Snow / Icy Sidewalk,Sidewalk,19-02 WHITESTONE EXPRESSWAY,WHITESTONE EXPRESSWAY,WHITESTONE EXPRESSWAY ET 15 SB,20 AVENUE,11357,Whitestone,QUEENS,07 QUEENS,40.781987381821736,-73.82562265548935
32521527,2016-01-25T08:47:00.000,Snow,E9 Snow / Icy Sidewalk,Sidewalk,20-31 32 STREET,32 STREET,20 ROAD,21 AVENUE,11105,Astoria,QUEENS,01 QUEENS,40.778321449720785,-73.90694156889901
32521529,2016-01-25T15:44:00.000,Snow,E9 Snow / Icy Sidewalk,Sidewalk,33-41 149 PLACE,149 PLACE,33 AVENUE,34 AVENUE,11354,Flushing,QUEENS,07 QUEENS,40.768408560720324,-73.81641618959814
32521530,2016-01-25T15:21:00.000,Snow,E9 Snow / Icy Sidewalk,Sidewalk,433 2 STREET,2 STREET,6 AVENUE,7 AVENUE,11215,BROOKLYN,BROOKLYN,06 BROOKLYN,40.67197597122968,-73.97982316930597
32521532,2016-01-25T10:13:00.000,Snow,E9 Snow / Icy Sidewalk,Sidewalk,99-58 66 AVENUE,66 AVENUE,99 STREET,102 STREET,11374,Rego Park,QUEENS,06 QUEENS,40.72843338542038,-73.85442111215961
32521533,2016-01-25T09:58:00.000,Snow,E9 Snow / Icy Sidewalk,Sidewalk,87-17 HOME LAWN STREET,HOME LAWN STREET,HIGHLAND AVENUE,CEDARCROFT ROAD,11432,Jamaica,QUEENS,08 QUEENS,40.712131590835035,-73.79304917718926
32521538,2016-01-25T08:58:00.000,Snow,E9 Snow / Icy Sidewalk,Sidewalk,1167 70 STREET,70 STREET,11 AVENUE,12 AVENUE,11228,BROOKLYN,BROOKLYN,10 BROOKLYN,40.624981316165666,-74.00750379584717
32521539,2016-01-25T15:35:00.000,Snow,E9 Snow / Icy Sidewalk,Sidewalk,3710 KINGS HIGHWAY,KINGS HIGHWAY,EAST 37 STREET,EAST 38 STREET,11234,BROOKLYN,BROOKLYN,18 BROOKLYN,40.62162217805464,-73.93891719986648
32521540,2016-01-25T15:39:00.000,Snow,E9 Snow / Icy Sidewalk,Sidewalk,3714 KINGS HIGHWAY,KINGS HIGHWAY,EAST 37 STREET,EAST 38 STREET,11234,BROOKLYN,BROOKLYN,18 BROOKLYN,40.62163039902609,-73.93889197681426
32521541,2016-01-25T15:15:00.000,Snow,E9 Snow / Icy Sidewalk,Sidewalk,,,,,11222,BROOKLYN,BROOKLYN,01 BROOKLYN,40.724057037989496,-73.9499243735427
32521542,2016-01-25T15:26:00.000,Snow,E9 Snow / Icy Sidewalk,Sidewalk,,,,,,,QUEENS,06 QUEENS,,
32521543,2016-01-25T15:07:00.000,Snow,E9 Snow / Icy Sidewalk,Sidewalk,200 EAST TREMONT AVENUE,EAST TREMONT AVENUE,BEND,ANTHONY AVENUE,10457,BRONX,BRONX,05 BRONX,40.84910933998956,-73.90541479343653
32521544,2016-01-25T08:34:00.000,Snow,E9 Snow / Icy Sidewalk,Sidewalk,382 5 AVENUE,5 AVENUE,5 STREET,6 STREET,11215,BROOKLYN,BROOKLYN,06 BROOKLYN,40.67113133031945,-73.98468642289968
32521546,2016-01-25T08:36:00.000,Snow,E9 Snow / Icy Sidewalk,Sidewalk,103-58 103 STREET,103 STREET,103 AVENUE,LIBERTY AVENUE,11417,Ozone Park,QUEENS,10 QUEENS,40.68268128917393,-73.83830696526469
32521547,2016-01-25T08:36:00.000,Snow,E9 Snow / Icy Sidewalk,Sidewalk,955 METROPOLITAN AVENUE,METROPOLITAN AVENUE,OLIVE STREET,CATHERINE STREET,11211,BROOKLYN,BROOKLYN,01 BROOKLYN,40.71455687087105,-73.93755867634309
32521556,2016-01-25T08:22:00.000,Snow,E9 Snow / Icy Sidewalk,Sidewalk,1726 CORTELYOU ROAD,CORTELYOU ROAD,EAST 17 STREET,EAST 18 STREET,11226,BROOKLYN,BROOKLYN,14 BROOKLYN,40.64214678792785,-73.96234164808529
32521557,2016-01-25T08:29:00.000,Snow,E9 Snow / Icy Sidewalk,Sidewalk,89 MARYLAND AVENUE,MARYLAND AVENUE,ABBOTT STREET,BAY STREET,10305,STATEN ISLAND,STATEN ISLAND,01 STATEN ISLAND,40.61357219538898,-74.06517786569319
32521561,2016-01-25T08:12:00.000,Snow,E9 Snow / Icy Sidewalk,Sidewalk,16 3 PLACE,3 PLACE,HENRY STREET,CLINTON STREET,11231,BROOKLYN,BROOKLYN,06 BROOKLYN,40.6795835071295,-74.00093739045451
32521563,2016-01-25T14:09:00.000,Snow,E9 Snow / Icy Sidewalk,Sidewalk,5 PLAZA ST WEST,PLAZA ST WEST,FLATBUSH AVENUE,LINCOLN PLACE,11217,BROOKLYN,BROOKLYN,06 BROOKLYN,40.67503456828815,-73.97123128559502
32521564,2016-01-25T13:45:00.000,Snow,E9 Snow / Icy Sidewalk,Sidewalk,3156 KINGS HIGHWAY,KINGS HIGHWAY,EAST 31 STREET,AVENUE N,11234,BROOKLYN,BROOKLYN,18 BROOKLYN,40.61706279100704,-73.94373360646729
32521565,2016-01-25T13:31:00.000,Snow,E9 Snow / Icy Sidewalk,Sidewalk,80 EAST   10 STREET,EAST   10 STREET,4 AVENUE,3 AVENUE,10003,NEW YORK,MANHATTAN,03 MANHATTAN,40.73109681065219,-73.98996216837828
32521567,2016-01-25T08:09:00.000,Snow,E9 Snow / Icy Sidewalk,Sidewalk,1801 AVENUE P,AVENUE P,EAST 18 STREET,EAST 19 STREET,11229,BROOKLYN,BROOKLYN,14 BROOKLYN,40.610738491705405,-73.95559910580637
32521568,2016-01-25T14:22:00.000,Snow,E9 Snow / Icy Sidewalk,Sidewalk,90-35 53 AVENUE,53 AVENUE,90 STREET,92 STREET,11373,Elmhurst,QUEENS,04 QUEENS,40.73822684370255,-73.87312074454825
32521569,2016-01-25T14:23:00.000,Snow,E9 Snow / Icy Sidewalk,Sidewalk,548 WEST  236 STREET,WEST  236 STREET,OXFORD AVENUE,JOHNSON AVENUE,10463,BRONX,BRONX,08 BRONX,40.88655549012268,-73.90914083625378
32521570,2016-01-25T13:55:00.000,Snow,E9 Snow / Icy Sidewalk,Sidewalk,898 LAFAYETTE AVENUE,LAFAYETTE AVENUE,LEWIS AVENUE,STUYVESANT AVENUE,11221,BROOKLYN,BROOKLYN,03 BROOKLYN,40.69159896891036,-73.9363180766441
32521573,2016-01-25T13:24:00.000,Snow,E9 Snow / Icy Sidewalk,Sidewalk,1502 CORTELYOU ROAD,CORTELYOU ROAD,EAST 15 STREET,NYCTA SUBWAY,11226,BROOKLYN,BROOKLYN,14 BROOKLYN,40.64125810384674,-73.96430593583185
32521574,2016-01-25T13:16:00.000,Snow,E9 Snow / Icy Sidewalk,Sidewalk,4283 NEW UTRECHT AVENUE,NEW UTRECHT AVENUE,42 STREET,43 STREET,11219,BROOKLYN,BROOKLYN,12 BROOKLYN,40.64204576481162,-73.99427432506022
32521575,2016-01-25T13:23:00.000,Snow,E9 Snow / Icy Sidewalk,Sidewalk,82 EAST   10 STREET,EAST   10 STREET,4 AVENUE,3 AVENUE,10003,NEW YORK,MANHATTAN,03 MANHATTAN,40.73106386664577,-73.9898827944093
32521576,2016-01-25T17:18:00.000,Snow,E9 Snow / Icy Sidewalk,Sidewalk,52 SAINT MARKS PLACE,SAINT MARKS PLACE,2 AVENUE,1 AVENUE,10003,NEW YORK,MANHATTAN,03 MANHATTAN,40.72824195223957,-73.98685612722115
32521577,2016-01-25T17:20:00.000,Snow,E9 Snow / Icy Sidewalk,Sidewalk,7304 3 AVENUE,3 AVENUE,73 STREET,74 STREET,11209,BROOKLYN,BROOKLYN,10 BROOKLYN,40.632718627905774,-74.02729133200188
32521578,2016-01-25T17:24:00.000,Snow,E9 Snow / Icy Sidewalk,Sidewalk,,,,,11105,Astoria,QUEENS,01 QUEENS,40.77258490620479,-73.91035417798075
32521579,2016-01-25T17:06:00.000,Snow,E9 Snow / Icy Sidewalk,Sidewalk,400 2 AVENUE,2 AVENUE,EAST 23 STREET,EAST 24 STREET,10010,NEW YORK,MANHATTAN,06 MANHATTAN,40.73798223805986,-73.98082078050581
32521580,2016-01-25T13:26:00.000,Snow,E9 Snow / Icy Sidewalk,Sidewalk,,,,,10463,BRONX,BRONX,Unspecified BRONX,40.8870811655748,-73.90413473921903
32521582,2016-01-25T17:45:00.000,Snow,E9 Snow / Icy Sidewalk,Sidewalk,2965 CROPSEY AVENUE,CROPSEY AVENUE,BAY 53 STREET,BAY 54 STREET,11214,BROOKLYN,BROOKLYN,13 BROOKLYN,40.582708129705125,-73.98624034823764
32521583,2016-01-25T17:59:00.000,Snow,E9 Snow / Icy Sidewalk,Sidewalk,117 BERKELEY PLACE,BERKELEY PLACE,6 AVENUE,7 AVENUE,11217,BROOKLYN,BROOKLYN,06 BROOKLYN,40.67566705700762,-73.97646927586607
32521592,2016-01-25T17:11:00.000,Snow,E9 Snow / Icy Sidewalk,Sidewalk,413 EAST    9 STREET,EAST    9 STREET,1 AVENUE,AVENUE A,10009,NEW YORK,MANHATTAN,03 MANHATTAN,40.727898519530804,-73.98416826334982
32521594,2016-01-25T12:54:00.000,Snow,E9 Snow / Icy Sidewalk,Sidewalk,62 SPRING STREET,SPRING STREET,CLEVELAND PLACE,CROSBY STREET,10012,NEW YORK,MANHATTAN,02 MANHATTAN,40.722346931322086,-73.99725456975291
32521595,2016-01-25T17:37:00.000,Snow,E9 Snow / Icy Sidewalk,Sidewalk,80 AVENUE D,AVENUE D,EAST 6 STREET,EAST 7 STREET,10009,NEW YORK,MANHATTAN,03 MANHATTAN,40.72256421366189,-73.97683152334778
32521601,2016-01-25T12:32:00.000,Snow,E9 Snow / Icy Sidewalk,Sidewalk,935 EAST   87 STREET,EAST   87 STREET,FLATLANDS AVENUE,AVENUE J,11236,BROOKLYN,BROOKLYN,18 BROOKLYN,40.63806704612097,-73.90732092070806
32521606,2016-01-25T18:34:00.000,Snow,E9 Snow / Icy Sidewalk,Sidewalk,277 HALSEY STREET,HALSEY STREET,TOMPKINS AVENUE,THROOP AVENUE,11216,BROOKLYN,BROOKLYN,03 BROOKLYN,40.68271714683672,-73.94199803858945
32521607,2016-01-25T17:51:00.000,Snow,E9 Snow / Icy Sidewalk,Sidewalk,2217 EAST   12 STREET,EAST   12 STREET,AVENUE V,GRAVESEND NECK ROAD,11229,BROOKLYN,BROOKLYN,15 BROOKLYN,40.59579183171022,-73.95967797583265
32521608,2016-01-25T17:33:00.000,Snow,E9 Snow / Icy Sidewalk,Sidewalk,162-41 POWELLS COVE BOULEVARD,POWELLS COVE BOULEVARD,162 STREET,166 STREET,11357,Whitestone,QUEENS,07 QUEENS,40.79402465884528,-73.79802413451957
32521609,2016-01-25T17:36:00.000,Snow,E9 Snow / Icy Sidewalk,Sidewalk,1039 MANHATTAN AVENUE,MANHATTAN AVENUE,GREEN STREET,FREEMAN STREET,11222,BROOKLYN,BROOKLYN,01 BROOKLYN,40.73429705140353,-73.95494305225387
32521612,2016-01-25T12:37:00.000,Snow,E9 Snow / Icy Sidewalk,Sidewalk,,,,,11218,BROOKLYN,BROOKLYN,07 BROOKLYN,40.647692997464205,-73.98036384915527
32521613,2016-01-25T12:43:00.000,Snow,E9 Snow / Icy Sidewalk,Sidewalk,48-16 170 PLACE,170 PLACE,PIDGEON MEADOW ROAD,LITHONIA AVENUE,11365,Fresh Meadows,QUEENS,07 QUEENS,40.74880832047214,-73.79681141859632
32521614,2016-01-25T16:56:00.000,Snow,E9 Snow / Icy Sidewalk,Sidewalk,435 MENAHAN STREET,MENAHAN STREET,ST NICHOLAS AVENUE,CYPRESS AVENUE,11237,BROOKLYN,BROOKLYN,04 BROOKLYN,40.703278386887575,-73.91198019547232
32521618,2016-01-25T12:14:00.000,Snow,E9 Snow / Icy Sidewalk,Sidewalk,1875 3 AVENUE,3 AVENUE,EAST 103 STREET,EAST 104 STREET,10029,NEW YORK,MANHATTAN,11 MANHATTAN,40.7897562261136,-73.9459855725782
32521619,2016-01-25T16:00:00.000,Snow,E9 Snow / Icy Sidewalk,Sidewalk,60 WATCHOGUE ROAD,WATCHOGUE ROAD,MARBLE STREET,FREDERICK STREET,10314,STATEN ISLAND,STATEN ISLAND,01 STATEN ISLAND,40.61387361884953,-74.13272274066493
32521624,2016-01-25T16:47:00.000,Snow,E9 Snow / Icy Sidewalk,Sidewalk,140-45 POPLAR AVENUE,POPLAR AVENUE,KISSENA BOULEVARD,ROBINSON STREET,11355,Flushing,QUEENS,07 QUEENS,40.747425505177,-73.8150520558253
32521626,2016-01-25T16:36:00.000,Snow,E9 Snow / Icy Sidewalk,Sidewalk,4121 13 AVENUE,13 AVENUE,41 STREET,42 STREET,11219,BROOKLYN,BROOKLYN,12 BROOKLYN,40.63933613735137,-73.9876194963655
32521629,2016-01-25T16:04:00.000,Snow,E9 Snow / Icy Sidewalk,Sidewalk,1045 WASHINGTON AVENUE,WASHINGTON AVENUE,NYCTA SUBWAY,SULLIVAN PLACE,11225,BROOKLYN,BROOKLYN,09 BROOKLYN,40.66417325758586,-73.96111809567827
32521630,2016-01-25T15:54:00.000,Snow,E9 Snow / Icy Sidewalk,Sidewalk,174 8 AVENUE,8 AVENUE,GARFIELD PLACE,1 STREET,11215,BROOKLYN,BROOKLYN,06 BROOKLYN,40.67104999462714,-73.97481626174893
32521631,2016-01-25T13:24:00.000,Snow,E9 Snow / Icy Sidewalk,Sidewalk,57-26 226 STREET,226 STREET,57 AVENUE,57 ROAD,11364,Oakland Gardens,QUEENS,11 QUEENS,40.752738307456084,-73.7530111712011
32521633,2016-01-25T11:30:00.000,Snow,E9 Snow / Icy Sidewalk,Sidewalk,59 MAIDEN LANE,MAIDEN LANE,NASSAU STREET,WILLIAM STREET,10038,NEW YORK,MANHATTAN,01 MANHATTAN,40.708266046703514,-74.0082309440472
32521634,2016-01-25T11:15:00.000,Snow,E9 Snow / Icy Sidewalk,Sidewalk,,,,,10016,NEW YORK,MANHATTAN,06 MANHATTAN,40.74836555849706,-73.98040274811255
32521635,2016-01-25T10:34:00.000,Snow,E9 Snow / Icy Sidewalk,Sidewalk,2194 OCEAN AVENUE,OCEAN AVENUE,QUENTIN ROAD,AVENUE R,11229,BROOKLYN,BROOKLYN,15 BROOKLYN,40.608044838017854,-73.95305824890201
32521644,2016-01-25T16:13:00.000,Snow,E9 Snow / Icy Sidewalk,Sidewalk,198 PENNSYLVAN AVENUE,PENNSYLVAN AVENUE,GLENMORE AVENUE,PITKIN AVENUE,11207,BROOKLYN,BROOKLYN,05 BROOKLYN,40.67280642240752,-73.89611522226532
32521645,2016-01-25T14:16:00.000,Snow,E9 Snow / Icy Sidewalk,Sidewalk,40-51 72 STREET,72 STREET,ROOSEVELT AVENUE,41 AVENUE,11377,Woodside,QUEENS,04 QUEENS,40.745792728710896,-73.89340298105401
32521646,2016-01-25T13:39:00.000,Snow,E9 Snow / Icy Sidewalk,Sidewalk,1872 OCEAN PARKWAY,OCEAN PARKWAY,AVENUE R,AVENUE S,11223,BROOKLYN,BROOKLYN,15 BROOKLYN,40.60325987938814,-73.96652299877759
32522943,2016-01-25T21:58:00.000,Snow,15S Re-Plow/Spread/Ice-Snow Cond.,Street,91-41 88 STREET,88 STREET,BEND,ATLANTIC AVENUE,11421,Woodhaven,QUEENS,09 QUEENS,40.68770386558845,-73.85448479436145
32523325,2016-01-25T14:56:00.000,Snow,E9 Snow / Icy Sidewalk,Sidewalk,275 MARTLING AVENUE,MARTLING AVENUE,BROOKSIDE AVENUE,MAINE AVENUE,10314,STATEN ISLAND,STATEN ISLAND,01 STATEN ISLAND,40.62120252290087,-74.12256470585645
32523326,2016-01-25T22:25:00.000,Snow,E9 Snow / Icy Sidewalk,Sidewalk,745 MARCY AVENUE,MARCY AVENUE,GREENE AVENUE,LEXINGTON AVENUE,11216,BROOKLYN,BROOKLYN,03 BROOKLYN,40.68838239036396,-73.94780209366594
32523327,2016-01-25T20:34:00.000,Snow,E9 Snow / Icy Sidewalk,Sidewalk,,,,,10026,NEW YORK,MANHATTAN,10 MANHATTAN,40.79748391979979,-73.94878561956325
32523330,2016-01-25T16:43:00.000,Snow,E9 Snow / Icy Sidewalk,Sidewalk,101-01 67 DRIVE,67 DRIVE,BOOTH STREET,QUEENS BOULEVARD,11375,Forest Hills,QUEENS,06 QUEENS,40.725104071180354,-73.85232863630053
32523331,2016-01-25T16:08:00.000,Snow,E9 Snow / Icy Sidewalk,Sidewalk,2015 HOMECREST AVENUE,HOMECREST AVENUE,AVENUE T,AVENUE U,11229,BROOKLYN,BROOKLYN,15 BROOKLYN,40.60021638088506,-73.95949164961016
32523332,2016-01-25T15:33:00.000,Snow,E9 Snow / Icy Sidewalk,Sidewalk,137-15 160 STREET,160 STREET,137 AVENUE,140 AVENUE,11434,Jamaica,QUEENS,12 QUEENS,40.67091707508522,-73.77602499193254
32523333,2016-01-25T15:24:00.000,Snow,E9 Snow / Icy Sidewalk,Sidewalk,1778 SOUTHERN BOULEVARD,SOUTHERN BOULEVARD,BOSTON ROAD,CROTONA PARK EAST,10460,BRONX,BRONX,03 BRONX,40.8378536380159,-73.88746234899152
32523334,2016-01-25T22:35:00.000,Snow,E9 Snow / Icy Sidewalk,Sidewalk,2161 EAST    8 STREET,EAST    8 STREET,AVENUE U,AVENUE V,11223,BROOKLYN,BROOKLYN,15 BROOKLYN,40.59687707764723,-73.96279208382299
32523338,2016-01-25T22:04:00.000,Snow,E9 Snow / Icy Sidewalk,Sidewalk,248 CARLTON AVENUE,CARLTON AVENUE,WILLOUGHBY AVENUE,DEKALB AVENUE,11205,BROOKLYN,BROOKLYN,02 BROOKLYN,40.69036987563627,-73.97230644841031
32523339,2016-01-25T21:35:00.000,Snow,E9 Snow / Icy Sidewalk,Sidewalk,347 SOUTH    2 STREET,SOUTH    2 STREET,KEAP STREET,HOOPER STREET,11211,BROOKLYN,BROOKLYN,01 BROOKLYN,40.71012611338045,-73.953451664403
32523340,2016-01-25T21:43:00.000,Snow,E9 Snow / Icy Sidewalk,Sidewalk,223 AVENUE J,AVENUE J,EAST 2 STREET,EAST 3 STREET,11230,BROOKLYN,BROOKLYN,12 BROOKLYN,40.62376275531456,-73.9743405844044
32523341,2016-01-25T21:18:00.000,Snow,E9 Snow / Icy Sidewalk,Sidewalk,,,,,11208,BROOKLYN,BROOKLYN,05 BROOKLYN,40.68536134845638,-73.88220304267186
32523342,2016-01-25T20:28:00.000,Snow,E9 Snow / Icy Sidewalk,Sidewalk,97-17 81 STREET,81 STREET,97 AVENUE,101 AVENUE,11416,Ozone Park,QUEENS,09 QUEENS,40.68195298105858,-73.85842010653322
32523343,2016-01-25T20:29:00.000,Snow,E9 Snow / Icy Sidewalk,Sidewalk,88-60 81 AVENUE,81 AVENUE,88 STREET,WOODHAVEN BOULEVARD,11385,Ridgewood,QUEENS,05 QUEENS,40.70458364009963,-73.85842975056674
32523344,2016-01-25T17:14:00.000,Snow,E9 Snow / Icy Sidewalk,Sidewalk,688 GUN HILL ROAD,GUN HILL ROAD,DUNCOMB AVENUE,WILLETT AVENUE,10467,BRONX,BRONX,12 BRONX,40.87763603071965,-73.86741972845573
32523346,2016-01-25T19:16:00.000,Snow,E9 Snow / Icy Sidewalk,Sidewalk,43-09 43 STREET,43 STREET,43 AVENUE,QUEENS BOULEVARD,11104,Sunnyside,QUEENS,02 QUEENS,40.74489834415763,-73.9211856050373
32523347,2016-01-25T19:05:00.000,Snow,E9 Snow / Icy Sidewalk,Sidewalk,617 WEST  112 STREET,WEST  112 STREET,BROADWAY,RIVERSIDE DRIVE,10025,NEW YORK,MANHATTAN,09 MANHATTAN,40.805666896891225,-73.96625142686975
32523348,2016-01-25T11:20:00.000,Snow,E9 Snow / Icy Sidewalk,Sidewalk,,,,,10456,BRONX,BRONX,04 BRONX,40.83308785334797,-73.919032188267
32523349,2016-01-25T10:51:00.000,Snow,E9 Snow / Icy Sidewalk,Sidewalk,103 WEST  131 STREET,WEST  131 STREET,LENOX AVENUE,7 AVENUE,10027,NEW YORK,MANHATTAN,10 MANHATTAN,40.81178682111867,-73.94321857284515
32523350,2016-01-25T10:33:00.000,Snow,E9 Snow / Icy Sidewalk,Sidewalk,1125 GRAND CONCOURSE,GRAND CONCOURSE,EAST 166 STREET,MC CLELLAN STREET,10452,BRONX,BRONX,04 BRONX,40.83262699755466,-73.9193977269946
32523351,2016-01-25T09:47:00.000,Snow,E9 Snow / Icy Sidewalk,Sidewalk,27 GRACE COURT,GRACE COURT,DEAD END,HICKS STREET,11201,BROOKLYN,BROOKLYN,02 BROOKLYN,40.69428996877428,-73.9976307639511
32523354,2016-01-25T09:34:00.000,Snow,E9 Snow / Icy Sidewalk,Sidewalk,19-02 149 STREET,149 STREET,19 AVENUE,20 AVENUE,11357,Whitestone,QUEENS,07 QUEENS,40.782100074014565,-73.81687674527574
32523355,2016-01-25T09:35:00.000,Snow,E9 Snow / Icy Sidewalk,Sidewalk,140-20 58 ROAD,58 ROAD,MAIN STREET,142 STREET,11355,Flushing,QUEENS,07 QUEENS,40.74454343520669,-73.82555826188293
32523356,2016-01-25T09:43:00.000,Snow,E9 Snow / Icy Sidewalk,Sidewalk,2387 BROADWAY,BROADWAY,WEST 87 STREET,WEST 88 STREET,10024,NEW YORK,MANHATTAN,07 MANHATTAN,40.789220132022116,-73.97575744379031
32523357,2016-01-25T09:22:00.000,Snow,E9 Snow / Icy Sidewalk,Sidewalk,422 EAST   84 STREET,EAST   84 STREET,1 AVENUE,YORK AVENUE,10028,NEW YORK,MANHATTAN,08 MANHATTAN,40.77526294082144,-73.94965118353751
32523358,2016-01-25T09:24:00.000,Snow,E9 Snow / Icy Sidewalk,Sidewalk,521 EAST   13 STREET,EAST   13 STREET,AVENUE A,AVENUE B,10009,NEW YORK,MANHATTAN,03 MANHATTAN,40.729445943395376,-73.98017378912691
32523359,2016-01-25T09:28:00.000,Snow,E9 Snow / Icy Sidewalk,Sidewalk,32-80 37 STREET,37 STREET,BROADWAY,34 AVENUE,11103,Astoria,QUEENS,01 QUEENS,40.75926695950637,-73.9209809008128
32523360,2016-01-25T09:08:00.000,Snow,E9 Snow / Icy Sidewalk,Sidewalk,60-05 194 STREET,194 STREET,BEND,BEND,11365,Fresh Meadows,QUEENS,08 QUEENS,40.74143861277749,-73.78178920070594
32523362,2016-01-25T09:14:00.000,Snow,E9 Snow / Icy Sidewalk,Sidewalk,109 SOMERS STREET,SOMERS STREET,ROCKAWAY AVENUE,MOTHER GASTON BOULEVARD,11233,BROOKLYN,BROOKLYN,16 BROOKLYN,40.6790504688042,-73.90868085636419
32523364,2016-01-25T08:34:00.000,Snow,E9 Snow / Icy Sidewalk,Sidewalk,139-14 87 ROAD,87 ROAD,139 STREET,BEND,11435,Jamaica,QUEENS,08 QUEENS,40.70606730425464,-73.81497924875882
32523366,2016-01-25T08:37:00.000,Snow,E9 Snow / Icy Sidewalk,Sidewalk,100 LORTEL AVENUE,LORTEL AVENUE,MELHORN ROAD,SLOSSON AVENUE,10314,STATEN ISLAND,STATEN ISLAND,02 STATEN ISLAND,40.610106294350935,-74.11633877857803
32523367,2016-01-25T08:42:00.000,Snow,E9 Snow / Icy Sidewalk,Sidewalk,108-24 68 DRIVE,68 DRIVE,108 STREET,110 STREET,11375,Forest Hills,QUEENS,06 QUEENS,40.72573185344343,-73.84546872252209
32523368,2016-01-25T08:42:00.000,Snow,E9 Snow / Icy Sidewalk,Sidewalk,,,,,10314,STATEN ISLAND,STATEN ISLAND,02 STATEN ISLAND,40.61008674860801,-74.11666648991874
32523369,2016-01-25T08:43:00.000,Snow,E9 Snow / Icy Sidewalk,Sidewalk,2750 AMBOY ROAD,AMBOY ROAD,ARC PLACE,VINCENT AVENUE,10306,STATEN ISLAND,STATEN ISLAND,02 STATEN ISLAND,40.56988478444136,-74.123438792842
32523370,2016-01-25T08:15:00.000,Snow,E9 Snow / Icy Sidewalk,Sidewalk,24-00 81 STREET,81 STREET,24 AVENUE,25 AVENUE,11370,East Elmhurst,QUEENS,03 QUEENS,40.76450124475457,-73.88795089713061
32523371,2016-01-25T15:10:00.000,Snow,E9 Snow / Icy Sidewalk,Sidewalk,83-14 LEFFERTS BOULEVARD,LEFFERTS BOULEVARD,METROPOLITAN AVENUE,BEND,11415,Kew Gardens,QUEENS,09 QUEENS,40.70565937375607,-73.83175544742832
32523374,2016-01-25T15:11:00.000,Snow,E9 Snow / Icy Sidewalk,Sidewalk,30-01 149 STREET,149 STREET,BAYSIDE AVENUE,32 AVENUE,11354,Flushing,QUEENS,07 QUEENS,40.77130015981303,-73.81728552637516
32523378,2016-01-25T14:43:00.000,Snow,E9 Snow / Icy Sidewalk,Sidewalk,,,,,11360,Bayside,QUEENS,07 QUEENS,40.78356748630967,-73.77732155692468
32523379,2016-01-25T08:28:00.000,Snow,E9 Snow / Icy Sidewalk,Sidewalk,5 DASH PLACE,DASH PLACE,BEND,WEST 240 STREET,10463,BRONX,BRONX,08 BRONX,40.8880307871686,-73.90408635328939
32523381,2016-01-25T14:22:00.000,Snow,E9 Snow / Icy Sidewalk,Sidewalk,81 SHERIDAN AVENUE,SHERIDAN AVENUE,BEND,MC KINLEY AVENUE,11208,BROOKLYN,BROOKLYN,05 BROOKLYN,40.68089623988959,-73.8676414173838
32523383,2016-01-25T13:31:00.000,Snow,E9 Snow / Icy Sidewalk,Sidewalk,,,,,11218,BROOKLYN,BROOKLYN,07 BROOKLYN,40.647692997464205,-73.98036384915527
32523384,2016-01-25T13:43:00.000,Snow,E9 Snow / Icy Sidewalk,Sidewalk,3512 FLATLANDS AVENUE,FLATLANDS AVENUE,AVENUE N,EAST 36 STREET,11234,BROOKLYN,BROOKLYN,18 BROOKLYN,40.617725522867225,-73.94073257550656
32523385,2016-01-25T13:19:00.000,Snow,E9 Snow / Icy Sidewalk,Sidewalk,753 BERGEN STREET,BERGEN STREET,WASHINGTON AVENUE,GRAND AVENUE,11238,BROOKLYN,BROOKLYN,08 BROOKLYN,40.678427642022804,-73.96343879955684
32523386,2016-01-25T17:40:00.000,Snow,E9 Snow / Icy Sidewalk,Sidewalk,,,,,,,QUEENS,09 QUEENS,,
32523399,2016-01-25T17:18:00.000,Snow,E9 Snow / Icy Sidewalk,Sidewalk,,,,,10016,NEW YORK,MANHATTAN,06 MANHATTAN,40.74700906072902,-73.9771875308903
32523400,2016-01-25T17:09:00.000,Snow,E9 Snow / Icy Sidewalk,Sidewalk,,,,,,,MANHATTAN,12 MANHATTAN,,
32523401,2016-01-25T17:12:00.000,Snow,E9 Snow / Icy Sidewalk,Sidewalk,6002 3 AVENUE,3 AVENUE,60 STREET,BELT PARKWAY,11220,BROOKLYN,BROOKLYN,07 BROOKLYN,40.64198918261785,-74.02051007828561
32523411,2016-01-25T12:33:00.000,Snow,E9 Snow / Icy Sidewalk,Sidewalk,1730 WATSON AVENUE,WATSON AVENUE,NOBLE AVENUE,ROSEDALE AVENUE,10472,BRONX,BRONX,09 BRONX,40.82736810006107,-73.86860750985863
32523417,2016-01-25T15:08:00.000,Snow,E9 Snow / Icy Sidewalk,Sidewalk,187 KENT AVENUE,KENT AVENUE,NORTH 3 STREET,METROPOLITAN AVENUE,11249,BROOKLYN,BROOKLYN,01 BROOKLYN,40.71798272500967,-73.96421434233773
32523420,2016-01-25T12:28:00.000,Snow,E9 Snow / Icy Sidewalk,Sidewalk,98-07 24 AVENUE,24 AVENUE,98 STREET,99 STREET,11369,East Elmhurst,QUEENS,03 QUEENS,40.76647448888457,-73.87192976325038
32523421,2016-01-25T12:01:00.000,Snow,E9 Snow / Icy Sidewalk,Sidewalk,30-02 30 STREET,30 STREET,30 AVENUE,30 DRIVE,11102,Astoria,QUEENS,01 QUEENS,40.76699165031734,-73.92242659837336
32523422,2016-01-25T12:14:00.000,Snow,E9 Snow / Icy Sidewalk,Sidewalk,2815 HARWAY AVENUE,HARWAY AVENUE,28 AVENUE,BAY 49 STREET,11214,BROOKLYN,BROOKLYN,13 BROOKLYN,40.58850780507832,-73.98551186620696
32523425,2016-01-25T16:03:00.000,Snow,E9 Snow / Icy Sidewalk,Sidewalk,291 TEN EYCK STREET,TEN EYCK STREET,WATERBURY STREET,BOGART STREET,11206,BROOKLYN,BROOKLYN,01 BROOKLYN,40.71128225143115,-73.93734171302822
32523426,2016-01-25T14:43:00.000,Snow,E9 Snow / Icy Sidewalk,Sidewalk,32-17 47 STREET,47 STREET,BROADWAY,34 AVENUE,11103,Astoria,QUEENS,01 QUEENS,40.755976274965704,-73.91370086522022
32523429,2016-01-25T13:39:00.000,Snow,E9 Snow / Icy Sidewalk,Sidewalk,163-01 WILLETS POINT BOULEVARD,WILLETS POINT BOULEVARD,19 AVENUE,17 AVENUE,11357,Whitestone,QUEENS,07 QUEENS,40.782700022391616,-73.7996870209522
32523440,2016-01-25T13:53:00.000,Snow,E9 Snow / Icy Sidewalk,Sidewalk,,,,,11375,Forest Hills,QUEENS,06 QUEENS,40.72771842123655,-73.84912619279311
32523441,2016-01-25T13:53:00.000,Snow,E9 Snow / Icy Sidewalk,Sidewalk,2245 RANDALL AVENUE,RANDALL AVENUE,CASTLE HILL AVENUE,HAVEMEYER AVENUE,10473,BRONX,BRONX,09 BRONX,40.8191948092299,-73.84676189059215
32523446,2016-01-25T09:34:00.000,Snow,E9 Snow / Icy Sidewalk,Sidewalk,,,,,10451,BRONX,BRONX,04 BRONX,40.82317133408339,-73.92748813652445
32523453,2016-01-25T17:27:00.000,Snow,15S Re-Plow/Spread/Ice-Snow Cond.,Street,511 WEST  186 STREET,WEST  186 STREET,WASHINGTON TERRACE,AUDUBON AVENUE,10033,NEW YORK,MANHATTAN,12 MANHATTAN,40.851539158012244,-73.92948142601392
32523454,2016-01-25T22:52:00.000,Snow,E9 Snow / Icy Sidewalk,Sidewalk,,,,,11223,BROOKLYN,BROOKLYN,15 BROOKLYN,40.6099860917828,-73.96237779787793
32523463,2016-01-25T20:38:00.000,Snow,E9 Snow / Icy Sidewalk,Sidewalk,,,,,11385,Ridgewood,QUEENS,05 QUEENS,40.70758741344371,-73.89528193590594
32523464,2016-01-25T20:08:00.000,Snow,E9 Snow / Icy Sidewalk,Sidewalk,2078 EAST   67 STREET,EAST   67 STREET,AVENUE T,AVENUE U,11234,BROOKLYN,BROOKLYN,18 BROOKLYN,40.618252406731806,-73.91079918397149
32523465,2016-01-25T17:24:00.000,Snow,E9 Snow / Icy Sidewalk,Sidewalk,97-14 67 AVENUE,67 AVENUE,BURNS STREET,PEDESTRIAN OVERPASS,11374,Rego Park,QUEENS,06 QUEENS,40.72314374522587,-73.85621848306641
32523466,2016-01-25T14:59:00.000,Snow,E9 Snow / Icy Sidewalk,Sidewalk,1765 HENDRICKSON STREET,HENDRICKSON STREET,QUENTIN ROAD,AVENUE R,11234,BROOKLYN,BROOKLYN,18 BROOKLYN,40.61644947860997,-73.93137587118828
32523467,2016-01-26T00:14:00.000,Snow,E9 Snow / Icy Sidewalk,Sidewalk,481 COURT STREET,COURT STREET,NELSON STREET,HUNTINGTON STREET,11231,BROOKLYN,BROOKLYN,06 BROOKLYN,40.67638858750881,-73.99876342491174
32523476,2016-01-25T22:53:00.000,Snow,E9 Snow / Icy Sidewalk,Sidewalk,195 8 AVENUE,8 AVENUE,WEST 19 STREET,WEST 20 STREET,10011,NEW YORK,MANHATTAN,04 MANHATTAN,40.74334158965291,-73.99992060644077
32523477,2016-01-25T22:38:00.000,Snow,E9 Snow / Icy Sidewalk,Sidewalk,103 WEST   96 STREET,WEST   96 STREET,COLUMBUS AVENUE,AMSTERDAM AVENUE,10025,NEW YORK,MANHATTAN,07 MANHATTAN,40.793060860166854,-73.96799133422039
32523478,2016-01-25T21:58:00.000,Snow,E9 Snow / Icy Sidewalk,Sidewalk,50-01 GRAND AVENUE,GRAND AVENUE,49 STREET,PAGE PLACE,11378,Maspeth,QUEENS,05 QUEENS,40.717698560436176,-73.91832101803534
32523479,2016-01-25T21:24:00.000,Snow,E9 Snow / Icy Sidewalk,Sidewalk,,,,,11228,BROOKLYN,BROOKLYN,11 BROOKLYN,40.61817722091726,-73.99927238970166
32523480,2016-01-25T20:58:00.000,Snow,E9 Snow / Icy Sidewalk,Sidewalk,15 NEWKIRK PLAZA,NEWKIRK PLAZA,NEWKIRK AVENUE,FOSTER AVENUE,11226,BROOKLYN,BROOKLYN,14 BROOKLYN,40.63497753681393,-73.96274561993373
32523486,2016-01-25T20:05:00.000,Snow,E9 Snow / Icy Sidewalk,Sidewalk,,,,,11419,South Richmond Hill,QUEENS,10 QUEENS,40.68574284804612,-73.82773848286612
32523487,2016-01-25T19:02:00.000,Snow,E9 Snow / Icy Sidewalk,Sidewalk,1974 MADISON AVENUE,MADISON AVENUE,EAST 126 STREET,EAST 127 STREET,10035,NEW YORK,MANHATTAN,11 MANHATTAN,40.806616886465434,-73.94001893555757
32523488,2016-01-25T11:45:00.000,Snow,E9 Snow / Icy Sidewalk,Sidewalk,59-29 69 STREET,69 STREET,59 ROAD,59 DRIVE,11378,Maspeth,QUEENS,05 QUEENS,40.7224624220597,-73.89353048909948
32523489,2016-01-25T10:23:00.000,Snow,E9 Snow / Icy Sidewalk,Sidewalk,69-11A 188 STREET,188 STREET,BEND,186 LANE,11365,Fresh Meadows,QUEENS,08 QUEENS,40.73480563989944,-73.78383520528364
32523490,2016-01-25T10:26:00.000,Snow,E9 Snow / Icy Sidewalk,Sidewalk,472 COURT STREET,COURT STREET,4 PLACE,LUQUER STREET,11231,BROOKLYN,BROOKLYN,06 BROOKLYN,40.67775822125657,-73.9981288756522
32523492,2016-01-25T17:26:00.000,Snow,15S Re-Plow/Spread/Ice-Snow Cond.,Street,WYONA STREET,WYONA STREET,LIBERTY AVENUE,GLENMORE AVENUE,11207,BROOKLYN,BROOKLYN,05 BROOKLYN,40.67420113572807,-73.89351380187632
32523493,2016-01-25T08:41:00.000,Snow,E9 Snow / Icy Sidewalk,Sidewalk,1340 STRATFORD AVENUE,STRATFORD AVENUE,EAST 172 STREET,EAST 174 STREET,10472,BRONX,BRONX,09 BRONX,40.83261900218038,-73.87628697544656
32523494,2016-01-25T21:02:00.000,Snow,E9 Snow / Icy Sidewalk,Sidewalk,79-06 257 STREET,257 STREET,UNION TURNPIKE,80 AVENUE,11004,Glen Oaks,QUEENS,13 QUEENS,40.74541625000906,-73.71426039331692
32523495,2016-01-25T10:28:00.000,Snow,E9 Snow / Icy Sidewalk,Sidewalk,152-22 72 DRIVE,72 DRIVE,150 STREET,153 STREET,11367,Flushing,QUEENS,08 QUEENS,40.72714160838551,-73.81497124889754
32523496,2016-01-25T09:17:00.000,Snow,E9 Snow / Icy Sidewalk,Sidewalk,538 54 STREET,54 STREET,5 AVENUE,6 AVENUE,11220,BROOKLYN,BROOKLYN,07 BROOKLYN,40.64229782983871,-74.01172524649375
32523497,2016-01-25T09:18:00.000,Snow,E9 Snow / Icy Sidewalk,Sidewalk,110-32A 15 AVENUE,15 AVENUE,110 STREET,112 STREET,11356,College Point,QUEENS,07 QUEENS,40.78380301785287,-73.85645942675042
32523498,2016-01-25T09:20:00.000,Snow,E9 Snow / Icy Sidewalk,Sidewalk,644 BUSHWICK AVENUE,BUSHWICK AVENUE,TROUTMAN STREET,MYRTLE AVENUE,11221,BROOKLYN,BROOKLYN,04 BROOKLYN,40.69769869484239,-73.93298000274564
32523499,2016-01-25T09:21:00.000,Snow,E9 Snow / Icy Sidewalk,Sidewalk,666 BUSHWICK AVENUE,BUSHWICK AVENUE,MYRTLE AVENUE,WILLOUGHBY AVENUE,11221,BROOKLYN,BROOKLYN,04 BROOKLYN,40.697245328775935,-73.93216182746468
32523505,2016-01-25T15:20:00.000,Snow,E9 Snow / Icy Sidewalk,Sidewalk,9 DASH PLACE,DASH PLACE,WEST 240 STREET,BEND,10463,BRONX,BRONX,08 BRONX,40.88831880746709,-73.90387978751706
32523506,2016-01-25T22:41:00.000,Snow,E9 Snow / Icy Sidewalk,Sidewalk,146-68 222 STREET,222 STREET,146 AVENUE,JOHNSON LANE,11413,Springfield Gardens,QUEENS,13 QUEENS,40.65996102727564,-73.75893774774984
32523507,2016-01-25T22:27:00.000,Snow,E9 Snow / Icy Sidewalk,Sidewalk,,,,,10465,BRONX,BRONX,10 BRONX,40.82435222767272,-73.82021107342064
32523508,2016-01-25T22:04:00.000,Snow,E9 Snow / Icy Sidewalk,Sidewalk,275 LAFAYETTE AVENUE,LAFAYETTE AVENUE,WASHINGTON AVENUE,ST JAMES PLACE,11238,BROOKLYN,BROOKLYN,02 BROOKLYN,40.688268256717585,-73.96539857452319
32523509,2016-01-25T21:30:00.000,Snow,E9 Snow / Icy Sidewalk,Sidewalk,,,,,11385,Ridgewood,QUEENS,05 QUEENS,40.70561628333095,-73.88345486366727
32523510,2016-01-25T09:25:00.000,Snow,E9 Snow / Icy Sidewalk,Sidewalk,1640 FLATBUSH AVENUE,FLATBUSH AVENUE,EAST 32 STREET,AURELIA COURT,11210,BROOKLYN,BROOKLYN,14 BROOKLYN,40.630507498807454,-73.94522459610042
32523511,2016-01-25T08:53:00.000,Snow,E9 Snow / Icy Sidewalk,Sidewalk,1870 EAST   18 STREET,EAST   18 STREET,AVENUE R,AVENUE S,11229,BROOKLYN,BROOKLYN,15 BROOKLYN,40.604611716891725,-73.95459841774817
32523512,2016-01-25T08:54:00.000,Snow,E9 Snow / Icy Sidewalk,Sidewalk,518 COLUMBUS AVENUE,COLUMBUS AVENUE,WEST 84 STREET,WEST 85 STREET,10024,NEW YORK,MANHATTAN,07 MANHATTAN,40.78571443698599,-73.97275067812564
32523519,2016-01-25T21:29:00.000,Snow,E9 Snow / Icy Sidewalk,Sidewalk,168-48 HILLSIDE AVENUE,HILLSIDE AVENUE,168 PLACE,169 STREET,11432,Jamaica,QUEENS,12 QUEENS,40.710463764339835,-73.79360262359292
32523520,2016-01-25T19:41:00.000,Snow,E9 Snow / Icy Sidewalk,Sidewalk,2355 EAST   15 STREET,EAST   15 STREET,AVENUE W,AVENUE X,11229,BROOKLYN,BROOKLYN,15 BROOKLYN,40.59322383654191,-73.95532989836028
32523521,2016-01-25T19:42:00.000,Snow,E9 Snow / Icy Sidewalk,Sidewalk,175-27 JAMAICA AVENUE,JAMAICA AVENUE,176 STREET,176 STREET,11432,Jamaica,QUEENS,12 QUEENS,40.70794147767417,-73.78469780290919
32523522,2016-01-25T15:42:00.000,Snow,E9 Snow / Icy Sidewalk,Sidewalk,,,,,11228,BROOKLYN,BROOKLYN,10 BROOKLYN,40.622582502686406,-74.0050575855627
32523523,2016-01-25T15:16:00.000,Snow,E9 Snow / Icy Sidewalk,Sidewalk,58-06 SPRINGFIELD BOULEVARD,SPRINGFIELD BOULEVARD,58 AVENUE,59 AVENUE,11364,Oakland Gardens,QUEENS,11 QUEENS,40.75065411463673,-73.75774696156029
32523524,2016-01-25T15:28:00.000,Snow,E9 Snow / Icy Sidewalk,Sidewalk,64-38 BOOTH STREET,BOOTH STREET,64 ROAD,65 ROAD,11374,Rego Park,QUEENS,06 QUEENS,40.72776335888282,-73.86083391953825
32523530,2016-01-25T19:51:00.000,Snow,E9 Snow / Icy Sidewalk,Sidewalk,71-05 MYRTLE AVENUE,MYRTLE AVENUE,71 STREET,71 PLACE,11385,Ridgewood,QUEENS,05 QUEENS,40.70202789649734,-73.87983653906859
32523531,2016-01-25T11:40:00.000,Snow,E9 Snow / Icy Sidewalk,Sidewalk,203 BAY   23 STREET,BAY   23 STREET,BATH AVENUE,CROPSEY AVENUE,11214,BROOKLYN,BROOKLYN,11 BROOKLYN,40.601046916031706,-74.0031509686409
32523532,2016-01-25T11:20:00.000,Snow,E9 Snow / Icy Sidewalk,Sidewalk,,,,,11433,Jamaica,QUEENS,12 QUEENS,40.701214175584255,-73.80157283326487
32523533,2016-01-25T11:14:00.000,Snow,E9 Snow / Icy Sidewalk,Sidewalk,,,,,11375,Forest Hills,QUEENS,06 QUEENS,40.72412012824127,-73.85561748802189
32523539,2016-01-25T08:36:00.000,Snow,E9 Snow / Icy Sidewalk,Sidewalk,,,,,11375,Forest Hills,QUEENS,06 QUEENS,40.71487576967985,-73.8534479051359
32523540,2016-01-25T08:38:00.000,Snow,E9 Snow / Icy Sidewalk,Sidewalk,840 CALHOUN AVENUE,CALHOUN AVENUE,PHILIP AVENUE,LAFAYETTE AVENUE,10465,BRONX,BRONX,10 BRONX,40.82778666854683,-73.8260988385359
32523541,2016-01-25T08:44:00.000,Snow,E9 Snow / Icy Sidewalk,Sidewalk,627 BALTIC STREET,BALTIC STREET,4 AVENUE,GREGORY PLACE,11217,BROOKLYN,BROOKLYN,06 BROOKLYN,40.68027895784059,-73.98007303416847
32523544,2016-01-25T10:39:00.000,Snow,E9 Snow / Icy Sidewalk,Sidewalk,340 WEST END AVENUE,WEST END AVENUE,WEST 76 STREET,,10023,NEW YORK,MANHATTAN,07 MANHATTAN,40.7823539907139,-73.98223792098555
32523545,2016-01-25T10:41:00.000,Snow,E9 Snow / Icy Sidewalk,Sidewalk,136 KANE STREET,KANE STREET,CHEEVER PLACE,HENRY STREET,11231,BROOKLYN,BROOKLYN,06 BROOKLYN,40.68688185331346,-73.99875962457538
32523546,2016-01-25T10:42:00.000,Snow,E9 Snow / Icy Sidewalk,Sidewalk,24-20 84 STREET,84 STREET,ASTORIA BOULEVARD,25 AVENUE,11370,East Elmhurst,QUEENS,03 QUEENS,40.76397684887336,-73.88501330505792
32523547,2016-01-25T10:26:00.000,Snow,E9 Snow / Icy Sidewalk,Sidewalk,717 6 AVENUE,6 AVENUE,WEST 23 STREET,WEST 24 STREET,10010,NEW YORK,MANHATTAN,04 MANHATTAN,40.74311628670499,-73.9926669469552
32523548,2016-01-25T10:08:00.000,Snow,E9 Snow / Icy Sidewalk,Sidewalk,1557 SAINT PETERS AVENUE,SAINT PETERS AVENUE,GLEBE AVENUE,ST RAYMONDS AVENUE,10461,BRONX,BRONX,10 BRONX,40.8404123184622,-73.84739607658393
32523551,2016-01-25T14:37:00.000,Snow,E9 Snow / Icy Sidewalk,Sidewalk,1754 UNIVERSITY AVENUE,UNIVERSITY AVENUE,WEST 176 STREET,MACOMBS ROAD,10453,BRONX,BRONX,05 BRONX,40.849368035238356,-73.91701352392269
32523552,2016-01-25T14:42:00.000,Snow,E9 Snow / Icy Sidewalk,Sidewalk,601 WEST END AVENUE,WEST END AVENUE,WEST 89 STREET,WEST 90 STREET,10024,NEW YORK,MANHATTAN,07 MANHATTAN,40.79091376232824,-73.9763888180497
32523555,2016-01-25T08:04:00.000,Snow,E9 Snow / Icy Sidewalk,Sidewalk,218 SIXTH AVENUE,SIXTH AVENUE,UNION STREET,PRESIDENT STREET,11215,BROOKLYN,BROOKLYN,06 BROOKLYN,40.67490163164074,-73.97833698509568
32523557,2016-01-25T09:53:00.000,Snow,E9 Snow / Icy Sidewalk,Sidewalk,95-01 95 STREET,95 STREET,95 AVENUE,WOODHAVEN COURT,11416,Ozone Park,QUEENS,09 QUEENS,40.687129098578566,-73.84727452644128
32523558,2016-01-25T09:31:00.000,Snow,E9 Snow / Icy Sidewalk,Sidewalk,37-46 9 STREET,9 STREET,37 AVENUE,38 AVENUE,11101,Long Island City,QUEENS,01 QUEENS,40.75969983633674,-73.94286230099574
32523559,2016-01-25T09:31:00.000,Snow,E9 Snow / Icy Sidewalk,Sidewalk,,,,,,,QUEENS,07 QUEENS,,
32523561,2016-01-25T14:13:00.000,Snow,E9 Snow / Icy Sidewalk,Sidewalk,930A LAFAYETTE AVENUE,LAFAYETTE AVENUE,LEWIS AVENUE,STUYVESANT AVENUE,11221,BROOKLYN,BROOKLYN,03 BROOKLYN,40.69171914921936,-73.93526140237336
32523565,2016-01-25T16:29:00.000,Snow,E9 Snow / Icy Sidewalk,Sidewalk,82-18 37 AVENUE,37 AVENUE,82 STREET,83 STREET,11372,Jackson Heights,QUEENS,03 QUEENS,40.749763580532814,-73.88404893136658
32523566,2016-01-25T16:00:00.000,Snow,E9 Snow / Icy Sidewalk,Sidewalk,75-46 196 STREET,196 STREET,75 AVENUE,UNION TURNPIKE,11366,Fresh Meadows,QUEENS,08 QUEENS,40.73200089734149,-73.77544081681951
32523567,2016-01-25T14:58:00.000,Snow,E9 Snow / Icy Sidewalk,Sidewalk,591 CENTRAL AVENUE,CENTRAL AVENUE,COVERT STREET,SCHAEFER STREET,11207,BROOKLYN,BROOKLYN,04 BROOKLYN,40.68904739021706,-73.90925852649416
32523568,2016-01-25T09:18:00.000,Snow,E9 Snow / Icy Sidewalk,Sidewalk,275 LIVINGSTON STREET,LIVINGSTON STREET,HANOVER PLACE,NEVINS STREET,11217,BROOKLYN,BROOKLYN,02 BROOKLYN,40.68839015499546,-73.98251175311552
32523569,2016-01-25T09:27:00.000,Snow,E9 Snow / Icy Sidewalk,Sidewalk,224-39 DAVENPORT AVENUE,DAVENPORT AVENUE,224 STREET,GETTYSBURG STREET,11428,Queens Village,QUEENS,13 QUEENS,40.72572199826478,-73.73230838162243
32523570,2016-01-25T09:14:00.000,Snow,E9 Snow / Icy Sidewalk,Sidewalk,3706 KINGS HIGHWAY,KINGS HIGHWAY,EAST 37 STREET,EAST 38 STREET,11234,BROOKLYN,BROOKLYN,18 BROOKLYN,40.62161395707765,-73.93894242291252
32523571,2016-01-25T13:24:00.000,Snow,E9 Snow / Icy Sidewalk,Sidewalk,251 MCBAINE AVENUE,MCBAINE AVENUE,MAGUIRE AVENUE,WINANT AVENUE,10309,STATEN ISLAND,STATEN ISLAND,03 STATEN ISLAND,40.542986238302944,-74.21444331518417
32523574,2016-01-25T17:03:00.000,Snow,E9 Snow / Icy Sidewalk,Sidewalk,40-17 217 STREET,217 STREET,40 AVENUE,DEAD END,11361,Bayside,QUEENS,11 QUEENS,40.764894277090384,-73.76589342859502
32523575,2016-01-25T17:03:00.000,Snow,E9 Snow / Icy Sidewalk,Sidewalk,83-42 256 STREET,256 STREET,83 AVENUE,HILLSIDE AVENUE,11004,Glen Oaks,QUEENS,13 QUEENS,40.73755038413281,-73.71230944883773
32523576,2016-01-25T12:48:00.000,Snow,E9 Snow / Icy Sidewalk,Sidewalk,458 6 STREET,6 STREET,6 AVENUE,7 AVENUE,11215,BROOKLYN,BROOKLYN,06 BROOKLYN,40.66916552757194,-73.98104243676539
32523577,2016-01-25T22:50:00.000,Snow,E9 Snow / Icy Sidewalk,Sidewalk,597 OCEAN PARKWAY,OCEAN PARKWAY,DITMAS AVENUE,AVENUE F,11218,BROOKLYN,BROOKLYN,12 BROOKLYN,40.63417053542943,-73.97235138766473
32523578,2016-01-25T22:15:00.000,Snow,E9 Snow / Icy Sidewalk,Sidewalk,146-48 222 STREET,222 STREET,146 AVENUE,JOHNSON LANE,11413,Springfield Gardens,QUEENS,13 QUEENS,40.66021046882163,-73.75877825650183
32523579,2016-01-25T22:00:00.000,Snow,E9 Snow / Icy Sidewalk,Sidewalk,58-45 47 STREET,47 STREET,58 ROAD,GRAND AVENUE,11378,Maspeth,QUEENS,05 QUEENS,40.71741828452776,-73.92182775044064
32523583,2016-01-25T08:51:00.000,Snow,E9 Snow / Icy Sidewalk,Sidewalk,179-28 HILLSIDE AVENUE,HILLSIDE AVENUE,179 PLACE,180 STREET,11432,Jamaica,QUEENS,12 QUEENS,40.71273964403314,-73.78339815809593
32523584,2016-01-25T15:21:00.000,Snow,E9 Snow / Icy Sidewalk,Sidewalk,993 EAST    3 STREET,EAST    3 STREET,ELMWOOD AVENUE,AVENUE I,11230,BROOKLYN,BROOKLYN,12 BROOKLYN,40.62699336126775,-73.97428530475594
32523585,2016-01-25T15:24:00.000,Snow,E9 Snow / Icy Sidewalk,Sidewalk,,,,,11232,BROOKLYN,BROOKLYN,12 BROOKLYN,40.64426639509351,-73.996843386928
32523586,2016-01-25T08:33:00.000,Snow,E9 Snow / Icy Sidewalk,Sidewalk,3907 AVENUE S,AVENUE S,RYDER STREET,KIMBALL STREET,11234,BROOKLYN,BROOKLYN,18 BROOKLYN,40.61124667719257,-73.92904374321532
32523589,2016-01-25T12:49:00.000,Snow,E9 Snow / Icy Sidewalk,Sidewalk,137-29 157 STREET,157 STREET,137 AVENUE,140 AVENUE,11434,Jamaica,QUEENS,12 QUEENS,40.66985681669432,-73.77846181513588
32523590,2016-01-25T12:49:00.000,Snow,E9 Snow / Icy Sidewalk,Sidewalk,32 NOEL AVENUE,NOEL AVENUE,LOIS AVENUE,SEBA AVENUE,11229,BROOKLYN,BROOKLYN,15 BROOKLYN,40.5871816886453,-73.92271107578783
32523591,2016-01-25T18:53:00.000,Snow,E9 Snow / Icy Sidewalk,Sidewalk,26 EAST  110 STREET,EAST  110 STREET,FRAWLEY CIRCLE,MADISON AVENUE,10029,NEW YORK,MANHATTAN,11 MANHATTAN,40.79634453943432,-73.94807499672213
32523592,2016-01-25T18:32:00.000,Snow,E9 Snow / Icy Sidewalk,Sidewalk,151 KENT AVENUE,KENT AVENUE,NORTH 5 STREET,,11249,BROOKLYN,BROOKLYN,01 BROOKLYN,40.71894290405008,-73.9626806489139
32523593,2016-01-25T18:35:00.000,Snow,E9 Snow / Icy Sidewalk,Sidewalk,1105 GLENMORE AVENUE,GLENMORE AVENUE,AUTUMN AVENUE,LINCOLN AVENUE,11208,BROOKLYN,BROOKLYN,05 BROOKLYN,40.677265512950925,-73.86817498626395
32523595,2016-01-25T20:44:00.000,Snow,E9 Snow / Icy Sidewalk,Sidewalk,135 CITY ISLAND AVENUE,CITY ISLAND AVENUE,PILOT STREET,REYNOLDS STREET,10464,BRONX,BRONX,10 BRONX,40.84171164544282,-73.7844383477826
32523596,2016-01-25T19:36:00.000,Snow,E9 Snow / Icy Sidewalk,Sidewalk,6801 BAYCLIFF TERRACE,BAYCLIFF TERRACE,68 STREET,DEAD END,11220,BROOKLYN,BROOKLYN,10 BROOKLYN,40.6379631893604,-74.0302011781371
32523597,2016-01-25T19:42:00.000,Snow,E9 Snow / Icy Sidewalk,Sidewalk,2327 EAST   15 STREET,EAST   15 STREET,AVENUE W,AVENUE X,11229,BROOKLYN,BROOKLYN,15 BROOKLYN,40.59365205731292,-73.95541242819498
32523598,2016-01-25T19:55:00.000,Snow,E9 Snow / Icy Sidewalk,Sidewalk,188-35 DORMANS ROAD,DORMANS ROAD,OVID PLACE,NEWBURG STREET,11412,Saint Albans,QUEENS,12 QUEENS,40.69645881951825,-73.76577671039986
32523599,2016-01-25T19:57:00.000,Snow,E9 Snow / Icy Sidewalk,Sidewalk,230 YETMAN AVENUE,YETMAN AVENUE,CRAIG AVENUE,AMBOY ROAD,10307,STATEN ISLAND,STATEN ISLAND,03 STATEN ISLAND,40.510756859154014,-74.24448016414284
32523600,2016-01-25T20:03:00.000,Snow,E9 Snow / Icy Sidewalk,Sidewalk,274 22 STREET,22 STREET,5 AVENUE,6 AVENUE,11215,BROOKLYN,BROOKLYN,07 BROOKLYN,40.66000478924998,-73.99271933472485
32523602,2016-01-25T08:38:00.000,Snow,E9 Snow / Icy Sidewalk,Sidewalk,19-41 46 STREET,46 STREET,19 AVENUE,20 AVENUE,11105,Astoria,QUEENS,01 QUEENS,40.77493953343024,-73.89680436451386
32523605,2016-01-25T17:32:00.000,Snow,E9 Snow / Icy Sidewalk,Sidewalk,,,,,10036,NEW YORK,MANHATTAN,04 MANHATTAN,40.761555576126604,-73.99406912322635
32523606,2016-01-25T17:34:00.000,Snow,E9 Snow / Icy Sidewalk,Sidewalk,261 EAST    7 STREET,EAST    7 STREET,AVENUE C,AVENUE D,10009,NEW YORK,MANHATTAN,03 MANHATTAN,40.72362936325584,-73.9777619476096
32523607,2016-01-25T12:56:00.000,Snow,E9 Snow / Icy Sidewalk,Sidewalk,2145 HYLAN BOULEVARD,HYLAN BOULEVARD,BEDFORD AVENUE,MIDLAND AVENUE,10306,STATEN ISLAND,STATEN ISLAND,02 STATEN ISLAND,40.57822527176198,-74.1020637230898
32523612,2016-01-25T20:29:00.000,Snow,E9 Snow / Icy Sidewalk,Sidewalk,313 CITY ISLAND AVENUE,CITY ISLAND AVENUE,FORDHAM STREET,BAY STREET,10464,BRONX,BRONX,10 BRONX,40.847388909358166,-73.78655609211629
32523613,2016-01-25T19:17:00.000,Snow,E9 Snow / Icy Sidewalk,Sidewalk,43-19 QUEENS BOULEVARD,QUEENS BOULEVARD,43 STREET,44 STREET,11104,Sunnyside,QUEENS,02 QUEENS,40.74346011798269,-73.92121978567832
32523614,2016-01-25T11:59:00.000,Snow,E9 Snow / Icy Sidewalk,Sidewalk,63-08 AUSTIN STREET,AUSTIN STREET,63 AVENUE,63 DRIVE,11374,Rego Park,QUEENS,06 QUEENS,40.72799707916046,-73.86580882424597
32523615,2016-01-25T10:33:00.000,Snow,E9 Snow / Icy Sidewalk,Sidewalk,90-11 75 STREET,75 STREET,90 AVENUE,91 AVENUE,11421,Woodhaven,QUEENS,09 QUEENS,40.6870942056215,-73.8655017173396
32523616,2016-01-25T08:26:00.000,Snow,E9 Snow / Icy Sidewalk,Sidewalk,234 7 AVENUE,7 AVENUE,4 STREET,5 STREET,11215,BROOKLYN,BROOKLYN,06 BROOKLYN,40.66982394587833,-73.97914611406979
32523617,2016-01-25T08:29:00.000,Snow,E9 Snow / Icy Sidewalk,Sidewalk,3107 KINGSBRIDGE AVENUE,KINGSBRIDGE AVENUE,WEST 231 STREET,NAPLES TERRACE,10463,BRONX,BRONX,08 BRONX,40.880045607577344,-73.90635801059787
32523618,2016-01-25T08:09:00.000,Snow,E9 Snow / Icy Sidewalk,Sidewalk,79-55 METROPOLITAN AVENUE,METROPOLITAN AVENUE,79 PLACE,80 STREET,11379,Middle Village,QUEENS,05 QUEENS,40.71327900072708,-73.87246844209578
32523620,2016-01-25T14:22:00.000,Snow,E9 Snow / Icy Sidewalk,Sidewalk,30-94 34 STREET,34 STREET,30 AVENUE,31 AVENUE,11103,Astoria,QUEENS,01 QUEENS,40.76366385760386,-73.92071577143031
32523622,2016-01-25T13:35:00.000,Snow,E9 Snow / Icy Sidewalk,Sidewalk,79-01 METROPOLITAN AVENUE,METROPOLITAN AVENUE,79 STREET,79 STREET,11379,Middle Village,QUEENS,05 QUEENS,40.71320956179402,-73.87421805265146
32523623,2016-01-25T13:22:00.000,Snow,E9 Snow / Icy Sidewalk,Sidewalk,,,,,10467,BRONX,BRONX,07 BRONX,40.88222018510887,-73.88045834254942
32523624,2016-01-25T16:53:00.000,Snow,E9 Snow / Icy Sidewalk,Sidewalk,130 NEW LOTS AVENUE,NEW LOTS AVENUE,POWELL STREET,JUNIUS STREET,11212,BROOKLYN,BROOKLYN,16 BROOKLYN,40.65846071951131,-73.90065003174826
32523625,2016-01-25T16:24:00.000,Snow,E9 Snow / Icy Sidewalk,Sidewalk,18 BEAVER STREET,BEAVER STREET,NEW STREET,BROAD STREET,10004,NEW YORK,MANHATTAN,01 MANHATTAN,40.70497745859443,-74.01228088603906
32523626,2016-01-25T16:07:00.000,Snow,E9 Snow / Icy Sidewalk,Sidewalk,114-11 130 STREET,130 STREET,LINDEN BOULEVARD,115 AVENUE,11420,South Ozone Park,QUEENS,10 QUEENS,40.68088918869214,-73.81141483468504
32523627,2016-01-25T16:08:00.000,Snow,E9 Snow / Icy Sidewalk,Sidewalk,69-25 66 DRIVE,66 DRIVE,BEND,70 STREET,11379,Middle Village,QUEENS,05 QUEENS,40.71333154996363,-73.88592671809
32523628,2016-01-25T16:14:00.000,Snow,E9 Snow / Icy Sidewalk,Sidewalk,,,,,11201,BROOKLYN,BROOKLYN,06 BROOKLYN,40.685451698352715,-73.994407613302
32523629,2016-01-25T10:43:00.000,Snow,E9 Snow / Icy Sidewalk,Sidewalk,117 PACIFIC AVENUE,PACIFIC AVENUE,KING STREET,HILLCREST STREET,10312,STATEN ISLAND,STATEN ISLAND,03 STATEN ISLAND,40.538665498450676,-74.154969375673
32523630,2016-01-25T09:44:00.000,Snow,E9 Snow / Icy Sidewalk,Sidewalk,833 4 AVENUE,4 AVENUE,30 STREET,31 STREET,11232,BROOKLYN,BROOKLYN,07 BROOKLYN,40.65757862966427,-74.00100195610568
32523631,2016-01-25T08:53:00.000,Snow,E9 Snow / Icy Sidewalk,Sidewalk,19 MARIE STREET,MARIE STREET,FINGERBOARD ROAD,PARKINSON AVENUE,10305,STATEN ISLAND,STATEN ISLAND,02 STATEN ISLAND,40.60127641139002,-74.08482438061253
32523633,2016-01-25T17:08:00.000,Snow,E9 Snow / Icy Sidewalk,Sidewalk,253-11 HILLSIDE AVENUE,HILLSIDE AVENUE,253 STREET,LITTLE NECK PARKWAY,11426,Bellerose,QUEENS,13 QUEENS,40.73599967581313,-73.71454975613086
32523634,2016-01-25T17:14:00.000,Snow,E9 Snow / Icy Sidewalk,Sidewalk,,,,,11214,BROOKLYN,BROOKLYN,11 BROOKLYN,40.60800225983173,-74.00171790700652
32523635,2016-01-25T13:12:00.000,Snow,E9 Snow / Icy Sidewalk,Sidewalk,,,,,11432,Jamaica,QUEENS,08 QUEENS,40.71342875208296,-73.78058952509922
32523637,2016-01-25T15:54:00.000,Snow,E9 Snow / Icy Sidewalk,Sidewalk,242 MACDOUGAL STREET,MACDOUGAL STREET,ROCKAWAY AVENUE,MOTHER GASTON BOULEVARD,11233,BROOKLYN,BROOKLYN,16 BROOKLYN,40.680319969987785,-73.91048181278131
32523641,2016-01-25T15:36:00.000,Snow,E9 Snow / Icy Sidewalk,Sidewalk,3708 KINGS HIGHWAY,KINGS HIGHWAY,EAST 37 STREET,EAST 38 STREET,11234,BROOKLYN,BROOKLYN,18 BROOKLYN,40.621616696128264,-73.93893161375392
32523642,2016-01-25T15:28:00.000,Snow,E9 Snow / Icy Sidewalk,Sidewalk,1246 HAVEMEYER AVENUE,HAVEMEYER AVENUE,ELLIS AVENUE,NEWBOLD AVENUE,10462,BRONX,BRONX,09 BRONX,40.833565387667164,-73.84825377265346
32523643,2016-01-25T15:29:00.000,Snow,E9 Snow / Icy Sidewalk,Sidewalk,88 OLD TOWN ROAD,OLD TOWN ROAD,WILSON STREET,DURGESS STREET,10304,STATEN ISLAND,STATEN ISLAND,02 STATEN ISLAND,40.59629012677641,-74.09068383463213
32523644,2016-01-25T08:34:00.000,Snow,E9 Snow / Icy Sidewalk,Sidewalk,7124 3 AVENUE,3 AVENUE,71 STREET,72 STREET,11209,BROOKLYN,BROOKLYN,10 BROOKLYN,40.63398135143495,-74.02677663593157
32523649,2016-01-25T17:51:00.000,Snow,E9 Snow / Icy Sidewalk,Sidewalk,160-56 89 STREET,89 STREET,160 AVENUE,161 AVENUE,11414,Howard Beach,QUEENS,10 QUEENS,40.656041452024034,-73.84299917437457
32523652,2016-01-25T12:41:00.000,Snow,E9 Snow / Icy Sidewalk,Sidewalk,56 ESSEX STREET,ESSEX STREET,GRAND STREET,BROOME STREET,10002,NEW YORK,MANHATTAN,03 MANHATTAN,40.71683771401716,-73.98907690452218
32523653,2016-01-25T12:22:00.000,Snow,E9 Snow / Icy Sidewalk,Sidewalk,492 AVENUE P,AVENUE P,EAST 4 STREET,EAST 5 STREET,11223,BROOKLYN,BROOKLYN,15 BROOKLYN,40.6092113837816,-73.96934362771172
32523655,2016-01-25T15:09:00.000,Snow,E9 Snow / Icy Sidewalk,Sidewalk,134 GREEN VALLEY ROAD,GREEN VALLEY ROAD,BEND,MANCHESTER DRIVE,10312,STATEN ISLAND,STATEN ISLAND,03 STATEN ISLAND,40.5495489847419,-74.19608045032709
32523661,2016-01-25T16:43:00.000,Snow,E9 Snow / Icy Sidewalk,Sidewalk,,,,,10075,NEW YORK,MANHATTAN,08 MANHATTAN,40.77165784559385,-73.95318842529461
32523662,2016-01-25T16:44:00.000,Snow,E9 Snow / Icy Sidewalk,Sidewalk,97 BAY   19 STREET,BAY   19 STREET,86 STREET,BENSON AVENUE,11214,BROOKLYN,BROOKLYN,11 BROOKLYN,40.60516958663603,-74.00361933603577
32523663,2016-01-25T12:03:00.000,Snow,E9 Snow / Icy Sidewalk,Sidewalk,55-02 32 AVENUE,32 AVENUE,55 STREET,56 STREET,11377,Woodside,QUEENS,01 QUEENS,40.755539357513406,-73.90604215525775
32523666,2016-01-25T08:29:00.000,Snow,E9 Snow / Icy Sidewalk,Sidewalk,249 7 AVENUE,7 AVENUE,5 STREET,6 STREET,11215,BROOKLYN,BROOKLYN,06 BROOKLYN,40.6692174367962,-73.9796293452476
32523668,2016-01-25T14:21:00.000,Snow,E9 Snow / Icy Sidewalk,Sidewalk,87-82 52 AVENUE,52 AVENUE,BEND,90 STREET,11373,Elmhurst,QUEENS,04 QUEENS,40.73854723573269,-73.87494966533171
32523673,2016-01-25T11:46:00.000,Snow,E9 Snow / Icy Sidewalk,Sidewalk,1099 PARK PLACE,PARK PLACE,KINGSTON AVENUE,HAMPTON PLACE,11213,BROOKLYN,BROOKLYN,08 BROOKLYN,40.67294260651385,-73.9412134413836
32523674,2016-01-25T16:26:00.000,Snow,E9 Snow / Icy Sidewalk,Sidewalk,2645 BROWN STREET,BROWN STREET,AVENUE Z,VOORHIES AVENUE,11235,BROOKLYN,BROOKLYN,15 BROOKLYN,40.588694941384574,-73.93769436434717
32523679,2016-01-25T13:38:00.000,Snow,E9 Snow / Icy Sidewalk,Sidewalk,139 BERKELEY PLACE,BERKELEY PLACE,6 AVENUE,7 AVENUE,11217,BROOKLYN,BROOKLYN,06 BROOKLYN,40.67548306030576,-73.97600067435687
32523680,2016-01-25T17:21:00.000,Snow,E9 Snow / Icy Sidewalk,Sidewalk,,,,,11415,Kew Gardens,QUEENS,09 QUEENS,40.70437089225541,-73.83282628104124
32523681,2016-01-25T17:03:00.000,Snow,E9 Snow / Icy Sidewalk,Sidewalk,66-73 78 STREET,78 STREET,66 DRIVE,METROPOLITAN AVENUE,11379,Middle Village,QUEENS,05 QUEENS,40.71360045574216,-73.87526340055781
32523683,2016-01-25T17:03:00.000,Snow,E9 Snow / Icy Sidewalk,Sidewalk,731 EAST   19 STREET,EAST   19 STREET,FOSTER AVENUE,GLENWOOD ROAD,11230,BROOKLYN,BROOKLYN,14 BROOKLYN,40.633323917686155,-73.95905001989635
32523684,2016-01-25T13:27:00.000,Snow,E9 Snow / Icy Sidewalk,Sidewalk,5 DUBOIS AVENUE,DUBOIS AVENUE,HURST STREET,POST AVENUE,10310,STATEN ISLAND,STATEN ISLAND,01 STATEN ISLAND,40.63194638515795,-74.12940089365752
32523685,2016-01-25T13:29:00.000,Snow,E9 Snow / Icy Sidewalk,Sidewalk,,,,,11694,Rockaway Park,QUEENS,14 QUEENS,40.58123571927996,-73.83202568591264
32523686,2016-01-25T12:50:00.000,Snow,E9 Snow / Icy Sidewalk,Sidewalk,56 READE STREET,READE STREET,BROADWAY,CHURCH STREET,10007,NEW YORK,MANHATTAN,01 MANHATTAN,40.71486457839448,-74.00627301871923
32523687,2016-01-25T18:04:00.000,Snow,E9 Snow / Icy Sidewalk,Sidewalk,558 86 STREET,86 STREET,FT HAMILTON PARKWAY,GOWANUS EXPRESSWAY EXIT 19 WB,11209,BROOKLYN,BROOKLYN,10 BROOKLYN,40.6203594987275,-74.02435052718677
32523688,2016-01-25T17:53:00.000,Snow,E9 Snow / Icy Sidewalk,Sidewalk,7201 SHORE ROAD,SHORE ROAD,72 STREET,BEND,11209,BROOKLYN,BROOKLYN,10 BROOKLYN,40.63585308413874,-74.03737737036457
32523689,2016-01-25T15:50:00.000,Snow,E9 Snow / Icy Sidewalk,Sidewalk,364 CONEY ISLAND AVENUE,CONEY ISLAND AVENUE,CATON PLACE,KERMIT PLACE,11218,BROOKLYN,BROOKLYN,07 BROOKLYN,40.64918983747766,-73.97167487435144
32523690,2016-01-25T15:50:00.000,Snow,E9 Snow / Icy Sidewalk,Sidewalk,149-29 34 AVENUE,34 AVENUE,149 PLACE,150 STREET,11354,Flushing,QUEENS,07 QUEENS,40.76759859358259,-73.81624874664121
32523691,2016-01-25T15:51:00.000,Snow,E9 Snow / Icy Sidewalk,Sidewalk,760 EAST  166 STREET,EAST  166 STREET,FOREST AVENUE,TINTON AVENUE,10456,BRONX,BRONX,03 BRONX,40.82638320004319,-73.90220957776346
32523692,2016-01-25T10:32:00.000,Snow,E9 Snow / Icy Sidewalk,Sidewalk,20-34 CRESCENT STREET,CRESCENT STREET,20 AVENUE,21 AVENUE,11105,Astoria,QUEENS,01 QUEENS,40.781681392896324,-73.91090161718682
32523693,2016-01-25T09:23:00.000,Snow,E9 Snow / Icy Sidewalk,Sidewalk,43-02 43 AVENUE,43 AVENUE,43 STREET,44 STREET,11104,Sunnyside,QUEENS,02 QUEENS,40.745197380796405,-73.92097954396715
32523694,2016-01-25T09:26:00.000,Snow,E9 Snow / Icy Sidewalk,Sidewalk,1606 WILLIAMSBRIDGE ROAD,WILLIAMSBRIDGE ROAD,PIERCE AVENUE,VAN NEST AVENUE,10461,BRONX,BRONX,11 BRONX,40.84743854579723,-73.84930645976867
32523701,2016-01-25T17:39:00.000,Snow,E9 Snow / Icy Sidewalk,Sidewalk,1 PLAZA ST WEST,PLAZA ST WEST,FLATBUSH AVENUE,LINCOLN PLACE,11217,BROOKLYN,BROOKLYN,06 BROOKLYN,40.67514433851286,-73.97114832075759
32523702,2016-01-25T12:37:00.000,Snow,E9 Snow / Icy Sidewalk,Sidewalk,,,,,11201,BROOKLYN,BROOKLYN,06 BROOKLYN,40.685451698352715,-73.994407613302
32523703,2016-01-25T12:37:00.000,Snow,E9 Snow / Icy Sidewalk,Sidewalk,31-14 30 AVENUE,30 AVENUE,31 STREET,32 STREET,11102,Astoria,QUEENS,01 QUEENS,40.766793193621055,-73.92119579554561
32523704,2016-01-25T12:44:00.000,Snow,E9 Snow / Icy Sidewalk,Sidewalk,1535 SECOND AVENUE,SECOND AVENUE,EAST 79 STREET,EAST 80 STREET,10075,NEW YORK,MANHATTAN,08 MANHATTAN,40.7738158229376,-73.9547213496377
32523705,2016-01-25T12:16:00.000,Snow,E9 Snow / Icy Sidewalk,Sidewalk,1065 PACIFIC STREET,PACIFIC STREET,CLASSON AVENUE,NYCTA SUBWAY,11238,BROOKLYN,BROOKLYN,08 BROOKLYN,40.67893080980579,-73.95796205328756
32523712,2016-01-25T16:50:00.000,Snow,E9 Snow / Icy Sidewalk,Sidewalk,58-41 229 STREET,229 STREET,58 AVENUE,LONG ISLAND EXPRESSWAY,11364,Oakland Gardens,QUEENS,11 QUEENS,40.75222056394723,-73.74966727558841
32523713,2016-01-25T16:41:00.000,Snow,E9 Snow / Icy Sidewalk,Sidewalk,35-48 73 STREET,73 STREET,35 AVENUE,37 AVENUE,11372,Jackson Heights,QUEENS,03 QUEENS,40.75053802706132,-73.89299837686977
32523716,2016-01-25T12:27:00.000,Snow,E9 Snow / Icy Sidewalk,Sidewalk,97 TROUTMAN STREET,TROUTMAN STREET,EVERGREEN AVENUE,CENTRAL AVENUE,11206,BROOKLYN,BROOKLYN,04 BROOKLYN,40.69921758123401,-73.9300969536317
32523717,2016-01-25T11:54:00.000,Snow,E9 Snow / Icy Sidewalk,Sidewalk,419 CLASSON AVENUE,CLASSON AVENUE,LEXINGTON AVENUE,QUINCY STREET,11238,BROOKLYN,BROOKLYN,03 BROOKLYN,40.68650145200164,-73.95952216402253
32523723,2016-01-25T13:28:00.000,Snow,E9 Snow / Icy Sidewalk,Sidewalk,207 CABRINI BOULEVARD,CABRINI BOULEVARD,BEND,WEST 186 STREET,10033,NEW YORK,MANHATTAN,12 MANHATTAN,40.85411640157548,-73.93905793872727
32523731,2016-01-25T10:13:00.000,Snow,E9 Snow / Icy Sidewalk,Sidewalk,290 MANHATTAN AVENUE,MANHATTAN AVENUE,AINSLIE STREET,DEVOE STREET,11211,BROOKLYN,BROOKLYN,01 BROOKLYN,40.71347142902395,-73.94591392601681
32524498,2016-01-25T04:43:00.000,Snow,15S Re-Plow/Spread/Ice-Snow Cond.,Street,,,,,11416,Ozone Park,QUEENS,09 QUEENS,40.68112784297399,-73.85704097630612
32525317,2016-01-25T23:17:00.000,Snow,E9 Snow / Icy Sidewalk,Sidewalk,8553 COVENTRY ROAD,COVENTRY ROAD,DORSET STREET,EAST 86 STREET,11236,BROOKLYN,BROOKLYN,17 BROOKLYN,40.646944173349056,-73.9188616865736
32525318,2016-01-25T22:23:00.000,Snow,E9 Snow / Icy Sidewalk,Sidewalk,78-59 80 STREET,80 STREET,78 ROAD,MYRTLE AVENUE,11385,Ridgewood,QUEENS,05 QUEENS,40.70387080691187,-73.86836041533643
32525319,2016-01-25T22:06:00.000,Snow,E9 Snow / Icy Sidewalk,Sidewalk,,,,,11691,Far Rockaway,QUEENS,14 QUEENS,40.59305677916068,-73.77531756372764
32525322,2016-01-25T16:15:00.000,Snow,E9 Snow / Icy Sidewalk,Sidewalk,909 AVENUE I,AVENUE I,EAST 9 STREET,EAST 10 STREET,11230,BROOKLYN,BROOKLYN,12 BROOKLYN,40.62697239059243,-73.96736129619597
32525323,2016-01-25T15:19:00.000,Snow,E9 Snow / Icy Sidewalk,Sidewalk,645 EAST  231 STREET,EAST  231 STREET,CARPENTER AVENUE,WHITE PLAINS ROAD,10466,BRONX,BRONX,12 BRONX,40.8926241517609,-73.85991368812597
32525325,2016-01-25T23:20:00.000,Snow,E9 Snow / Icy Sidewalk,Sidewalk,2084 EAST   67 STREET,EAST   67 STREET,AVENUE T,AVENUE U,11234,BROOKLYN,BROOKLYN,18 BROOKLYN,40.618183725440794,-73.91072003101817
32525326,2016-01-25T22:14:00.000,Snow,E9 Snow / Icy Sidewalk,Sidewalk,110-00 ROCKAWAY BOULEVARD,ROCKAWAY BOULEVARD,110 STREET,111 STREET,11420,South Ozone Park,QUEENS,10 QUEENS,40.67767197798516,-73.82875798470205
32525327,2016-01-25T21:11:00.000,Snow,E9 Snow / Icy Sidewalk,Sidewalk,,,,,11211,BROOKLYN,BROOKLYN,01 BROOKLYN,40.70533330657545,-73.95952515616618
32525328,2016-01-25T20:51:00.000,Snow,E9 Snow / Icy Sidewalk,Sidewalk,97-19 101 AVENUE,101 AVENUE,97 STREET,98 STREET,11416,Ozone Park,QUEENS,09 QUEENS,40.68485200073255,-73.84397697700189
32525329,2016-01-25T19:50:00.000,Snow,E9 Snow / Icy Sidewalk,Sidewalk,44-12 31 AVENUE,31 AVENUE,44 STREET,45 STREET,11103,Astoria,QUEENS,01 QUEENS,40.75972286299463,-73.91371405943573
32525332,2016-01-25T11:29:00.000,Snow,E9 Snow / Icy Sidewalk,Sidewalk,1598 ALBANY AVENUE,ALBANY AVENUE,GLENWOOD ROAD,LONG ISLAND RAILROAD,11210,BROOKLYN,BROOKLYN,17 BROOKLYN,40.634167703684334,-73.93722676759084
32525333,2016-01-25T11:14:00.000,Snow,E9 Snow / Icy Sidewalk,Sidewalk,,,,,11216,BROOKLYN,BROOKLYN,03 BROOKLYN,40.68578040283673,-73.95439171425565
32525334,2016-01-25T10:34:00.000,Snow,E9 Snow / Icy Sidewalk,Sidewalk,87-75 202 STREET,202 STREET,FOOTHILL AVENUE,HILLSIDE AVENUE,11423,Hollis,QUEENS,08 QUEENS,40.71999402175282,-73.76249771257088
32525335,2016-01-25T10:39:00.000,Snow,E9 Snow / Icy Sidewalk,Sidewalk,241 8 STREET,8 STREET,4 AVENUE,5 AVENUE,11215,BROOKLYN,BROOKLYN,06 BROOKLYN,40.670420726985526,-73.98708020821377
32525340,2016-01-25T10:13:00.000,Snow,E9 Snow / Icy Sidewalk,Sidewalk,1233 PROSPECT AVENUE,PROSPECT AVENUE,VANDERBILT STREET,REEVE PLACE,11218,BROOKLYN,BROOKLYN,07 BROOKLYN,40.65298688011526,-73.97611688420616
32525341,2016-01-25T09:48:00.000,Snow,E9 Snow / Icy Sidewalk,Sidewalk,262 HIGHLAND BOULEVARD,HIGHLAND BOULEVARD,BULWER PLACE,HEATH PLACE,11207,BROOKLYN,BROOKLYN,05 BROOKLYN,40.68250853668121,-73.89240085607787
32525342,2016-01-25T09:56:00.000,Snow,E9 Snow / Icy Sidewalk,Sidewalk,69-23 66 DRIVE,66 DRIVE,BEND,70 STREET,11379,Middle Village,QUEENS,05 QUEENS,40.71333156426016,-73.88594114677113
32525343,2016-01-25T09:21:00.000,Snow,E9 Snow / Icy Sidewalk,Sidewalk,426 EAST   84 STREET,EAST   84 STREET,1 AVENUE,YORK AVENUE,10028,NEW YORK,MANHATTAN,08 MANHATTAN,40.775235465036,-73.94958621482257
32525344,2016-01-25T09:06:00.000,Snow,E9 Snow / Icy Sidewalk,Sidewalk,,,,,11693,Far Rockaway,QUEENS,14 QUEENS,40.60581311176616,-73.81962195016328
32525346,2016-01-25T08:58:00.000,Snow,E9 Snow / Icy Sidewalk,Sidewalk,189-12 39 AVENUE,39 AVENUE,UTOPIA PARKWAY,190 STREET,11358,Flushing,QUEENS,11 QUEENS,40.76163570822078,-73.79283760580029
32525347,2016-01-25T08:59:00.000,Snow,E9 Snow / Icy Sidewalk,Sidewalk,1159 70 STREET,70 STREET,11 AVENUE,12 AVENUE,11228,BROOKLYN,BROOKLYN,10 BROOKLYN,40.625058161997764,-74.00762988857593
32525354,2016-01-25T15:42:00.000,Snow,E9 Snow / Icy Sidewalk,Sidewalk,164 WEST   81 STREET,WEST   81 STREET,COLUMBUS AVENUE,AMSTERDAM AVENUE,10024,NEW YORK,MANHATTAN,07 MANHATTAN,40.783975052503216,-73.97626128258602
32525355,2016-01-25T15:28:00.000,Snow,E9 Snow / Icy Sidewalk,Sidewalk,20 EAST  129 STREET,EAST  129 STREET,5 AVENUE,MADISON AVENUE,10035,NEW YORK,MANHATTAN,11 MANHATTAN,40.808598342521506,-73.93956922008566
32525356,2016-01-25T08:33:00.000,Snow,E9 Snow / Icy Sidewalk,Sidewalk,63-27 ROOSEVELT AVENUE,ROOSEVELT AVENUE,63 STREET,64 STREET,11377,Woodside,QUEENS,02 QUEENS,40.745876147673954,-73.90075064521145
32525357,2016-01-25T15:12:00.000,Snow,E9 Snow / Icy Sidewalk,Sidewalk,35-06 PARSONS BOULEVARD,PARSONS BOULEVARD,35 AVENUE,NORTHERN BOULEVARD,11354,Flushing,QUEENS,07 QUEENS,40.76559832311402,-73.82369088952998
32525364,2016-01-25T14:34:00.000,Snow,E9 Snow / Icy Sidewalk,Sidewalk,50-04 OVERBROOK STREET,OVERBROOK STREET,VAN ZANDT AVENUE,51 AVENUE,11362,Little Neck,QUEENS,11 QUEENS,40.76197446534002,-73.73812249970767
32525365,2016-01-25T08:21:00.000,Snow,E9 Snow / Icy Sidewalk,Sidewalk,561 FAIRVIEW AVENUE,FAIRVIEW AVENUE,BLEECKER STREET,MENAHAN STREET,11385,Ridgewood,QUEENS,05 QUEENS,40.70791656326613,-73.90786222532931
32525376,2016-01-25T08:10:00.000,Snow,E9 Snow / Icy Sidewalk,Sidewalk,,,,,10309,STATEN ISLAND,STATEN ISLAND,03 STATEN ISLAND,40.519945209785774,-74.20599257501131
32525377,2016-01-25T14:27:00.000,Snow,E9 Snow / Icy Sidewalk,Sidewalk,501 CHURCH AVENUE,CHURCH AVENUE,EAST 5 STREET,OCEAN PARKWAY,11218,BROOKLYN,BROOKLYN,12 BROOKLYN,40.644447738455355,-73.97554338879026
32525378,2016-01-25T14:01:00.000,Snow,E9 Snow / Icy Sidewalk,Sidewalk,,,,,11374,Rego Park,QUEENS,06 QUEENS,40.730285708080324,-73.85851225436788
32525379,2016-01-25T13:46:00.000,Snow,E9 Snow / Icy Sidewalk,Sidewalk,,,,,11218,BROOKLYN,BROOKLYN,12 BROOKLYN,40.64761970603217,-73.9712106738326
32525381,2016-01-25T13:31:00.000,Snow,E9 Snow / Icy Sidewalk,Sidewalk,35 4 AVENUE,4 AVENUE,PACIFIC STREET,DEAN STREET,11217,BROOKLYN,BROOKLYN,06 BROOKLYN,40.68341878320791,-73.9789796126375
32525383,2016-01-25T17:10:00.000,Snow,E9 Snow / Icy Sidewalk,Sidewalk,47-07 BROADWAY,BROADWAY,47 STREET,48 STREET,11103,Astoria,QUEENS,01 QUEENS,40.756280605364836,-73.91325289282614
32525384,2016-01-25T17:11:00.000,Snow,E9 Snow / Icy Sidewalk,Sidewalk,43-35 UNION STREET,UNION STREET,CHERRY AVENUE,45 AVENUE,11355,Flushing,QUEENS,07 QUEENS,40.75433847623801,-73.82133487756919
32525387,2016-01-25T12:54:00.000,Snow,E9 Snow / Icy Sidewalk,Sidewalk,66-96 FRESH POND ROAD,FRESH POND ROAD,NYCTA SUBWAY,67 AVENUE,11385,Ridgewood,QUEENS,05 QUEENS,40.70582098653036,-73.89661200192717
32525388,2016-01-25T17:59:00.000,Snow,E9 Snow / Icy Sidewalk,Sidewalk,211 OCEAN PARKWAY,OCEAN PARKWAY,CHURCH AVENUE,BEVERLEY ROAD,11218,BROOKLYN,BROOKLYN,12 BROOKLYN,40.644543542856574,-73.97433619635197
32525389,2016-01-25T12:41:00.000,Snow,E9 Snow / Icy Sidewalk,Sidewalk,173 EAST  210 STREET,EAST  210 STREET,BAINBRIDGE AVENUE,WAYNE AVENUE,10467,BRONX,BRONX,07 BRONX,40.87952573801109,-73.8786333932818
32525395,2016-01-25T16:30:00.000,Snow,E9 Snow / Icy Sidewalk,Sidewalk,570 ST MARKS AVENUE,ST MARKS AVENUE,FRANKLIN AVENUE,BEDFORD AVENUE,11216,BROOKLYN,BROOKLYN,08 BROOKLYN,40.67574858193267,-73.95522054681152
32525396,2016-01-25T16:20:00.000,Snow,E9 Snow / Icy Sidewalk,Sidewalk,251 POWERS STREET,POWERS STREET,JUDGE STREET,OLIVE STREET,11211,BROOKLYN,BROOKLYN,01 BROOKLYN,40.71295512191259,-73.93979661223176
32525397,2016-01-25T12:29:00.000,Snow,E9 Snow / Icy Sidewalk,Sidewalk,327 EAST    5 STREET,EAST    5 STREET,CHURCH AVENUE,BEVERLEY ROAD,11218,BROOKLYN,BROOKLYN,12 BROOKLYN,40.644154067922116,-73.97564439257275
32525401,2016-01-25T16:26:00.000,Snow,E9 Snow / Icy Sidewalk,Sidewalk,2176 NOSTRAND AVENUE,NOSTRAND AVENUE,FLATBUSH AVENUE,AVENUE H,11210,BROOKLYN,BROOKLYN,14 BROOKLYN,40.63194961910882,-73.94759764130687
32525402,2016-01-25T16:13:00.000,Snow,E9 Snow / Icy Sidewalk,Sidewalk,60 WESTERVELT AVENUE,WESTERVELT AVENUE,ST MARKS PLACE,HAMILTON AVENUE,10301,STATEN ISLAND,STATEN ISLAND,01 STATEN ISLAND,40.64622127840637,-74.08630492045246
32525408,2016-01-25T15:30:00.000,Snow,E9 Snow / Icy Sidewalk,Sidewalk,,,,,10467,BRONX,BRONX,11 BRONX,40.861346323973066,-73.8674847396658
32525409,2016-01-25T11:27:00.000,Snow,E9 Snow / Icy Sidewalk,Sidewalk,141 ROSS STREET,ROSS STREET,BEDFORD AVENUE,LEE AVENUE,11211,BROOKLYN,BROOKLYN,01 BROOKLYN,40.70518843344837,-73.96126729620278
32525413,2016-01-25T09:41:00.000,Snow,E9 Snow / Icy Sidewalk,Sidewalk,,,,,11201,BROOKLYN,BROOKLYN,02 BROOKLYN,40.69427601992895,-73.99242349482047
32525470,2016-01-25T08:51:00.000,Snow,E9 Snow / Icy Sidewalk,Sidewalk,1119 OCEANVIEW AVENUE,OCEANVIEW AVENUE,BRIGHTON 13 STREET,BRIGHTON 14 STREET,11235,BROOKLYN,BROOKLYN,13 BROOKLYN,40.57928296333099,-73.95526002376744
32525471,2016-01-25T22:05:00.000,Snow,E9 Snow / Icy Sidewalk,Sidewalk,161 GRAND STREET,GRAND STREET,LAFAYETTE STREET,CENTRE STREET,10013,NEW YORK,MANHATTAN,02 MANHATTAN,40.71985197085478,-73.9986832529211
32525472,2016-01-25T17:13:00.000,Snow,E9 Snow / Icy Sidewalk,Sidewalk,238 LINDEN BOULEVARD,LINDEN BOULEVARD,ROGERS AVENUE,NOSTRAND AVENUE,11226,BROOKLYN,BROOKLYN,17 BROOKLYN,40.652599903407584,-73.9504429102487
32525473,2016-01-25T17:15:00.000,Snow,E9 Snow / Icy Sidewalk,Sidewalk,529 WYONA STREET,WYONA STREET,DUMONT AVENUE,LIVONIA AVENUE,11207,BROOKLYN,BROOKLYN,05 BROOKLYN,40.66566832044997,-73.89132861893216
32525484,2016-01-26T00:07:00.000,Snow,E9 Snow / Icy Sidewalk,Sidewalk,1024 LORIMER STREET,LORIMER STREET,NORMAN AVENUE,MESEROLE AVENUE,11222,BROOKLYN,BROOKLYN,01 BROOKLYN,40.72616912089658,-73.95316626050078
32525485,2016-01-25T23:18:00.000,Snow,E9 Snow / Icy Sidewalk,Sidewalk,2156 59 STREET,59 STREET,21 AVENUE,BAY PARKWAY,11204,BROOKLYN,BROOKLYN,12 BROOKLYN,40.61788707616788,-73.97885977069082
32525486,2016-01-25T15:52:00.000,Snow,E9 Snow / Icy Sidewalk,Sidewalk,,,,,10019,NEW YORK,MANHATTAN,04 MANHATTAN,40.7679171546502,-73.9857147162529
32525487,2016-01-25T15:15:00.000,Snow,E9 Snow / Icy Sidewalk,Sidewalk,70 SHERMAN AVENUE,SHERMAN AVENUE,THAYER STREET,DYCKMAN STREET,10040,NEW YORK,MANHATTAN,12 MANHATTAN,40.863320441372544,-73.92672129771361
32525488,2016-01-25T15:08:00.000,Snow,E9 Snow / Icy Sidewalk,Sidewalk,4201 AVENUE U,AVENUE U,HENDRICKSON STREET,FLATBUSH AVENUE,11234,BROOKLYN,BROOKLYN,18 BROOKLYN,40.60933532703824,-73.92325807522236
32525489,2016-01-25T14:56:00.000,Snow,E9 Snow / Icy Sidewalk,Sidewalk,32-53 102 STREET,102 STREET,32 AVENUE,NORTHERN BOULEVARD,11369,East Elmhurst,QUEENS,03 QUEENS,40.758420983295345,-73.86671851940687
32525491,2016-01-25T20:33:00.000,Snow,E9 Snow / Icy Sidewalk,Sidewalk,338 MADISON STREET,MADISON STREET,MARCY AVENUE,TOMPKINS AVENUE,11216,BROOKLYN,BROOKLYN,03 BROOKLYN,40.68534540042473,-73.94506777494911
32525492,2016-01-25T19:48:00.000,Snow,E9 Snow / Icy Sidewalk,Sidewalk,71-24 72 STREET,72 STREET,CENTRAL AVENUE,COOPER AVENUE,11385,Ridgewood,QUEENS,05 QUEENS,40.704390457516354,-73.87918307571816
32525493,2016-01-25T20:08:00.000,Snow,E9 Snow / Icy Sidewalk,Sidewalk,1513 GATES AVENUE,GATES AVENUE,IRVING AVENUE,MYRTLE AVENUE,11237,BROOKLYN,BROOKLYN,04 BROOKLYN,40.698766742589086,-73.91297069565958
32525494,2016-01-25T20:16:00.000,Snow,E9 Snow / Icy Sidewalk,Sidewalk,134-30 CHERRY AVENUE,CHERRY AVENUE,SAULL STREET,MAIN STREET,11355,Flushing,QUEENS,07 QUEENS,40.752119672441296,-73.8278591898734
32525495,2016-01-25T19:30:00.000,Snow,E9 Snow / Icy Sidewalk,Sidewalk,50-15 ROOSEVELT AVENUE,ROOSEVELT AVENUE,50 STREET,51 STREET,11377,Woodside,QUEENS,02 QUEENS,40.743543221881055,-73.91458669342805
32525496,2016-01-25T11:33:00.000,Snow,E9 Snow / Icy Sidewalk,Sidewalk,883 FULTON STREET,FULTON STREET,GATES AVENUE,VANDERBILT AVENUE,11238,BROOKLYN,BROOKLYN,02 BROOKLYN,40.683841758413216,-73.96823485598652
32525497,2016-01-25T22:01:00.000,Snow,E9 Snow / Icy Sidewalk,Sidewalk,214 CARLTON AVENUE,CARLTON AVENUE,WILLOUGHBY AVENUE,DEKALB AVENUE,11205,BROOKLYN,BROOKLYN,02 BROOKLYN,40.69110550846002,-73.97245038171594
32525498,2016-01-25T21:39:00.000,Snow,E9 Snow / Icy Sidewalk,Sidewalk,40 OVIS PLACE,OVIS PLACE,THOLLEN STREET,BEND,10306,STATEN ISLAND,STATEN ISLAND,03 STATEN ISLAND,40.55445250420703,-74.13171584949893
32525499,2016-01-25T21:24:00.000,Snow,E9 Snow / Icy Sidewalk,Sidewalk,4825 13 AVENUE,13 AVENUE,48 STREET,49 STREET,11219,BROOKLYN,BROOKLYN,12 BROOKLYN,40.63539773648603,-73.99171679336357
32525500,2016-01-25T21:10:00.000,Snow,E9 Snow / Icy Sidewalk,Sidewalk,114 PIONEER STREET,PIONEER STREET,RICHARDS STREET,VAN BRUNT STREET,11231,BROOKLYN,BROOKLYN,06 BROOKLYN,40.67850434319173,-74.010419286854
32525501,2016-01-25T20:35:00.000,Snow,E9 Snow / Icy Sidewalk,Sidewalk,528 CITY ISLAND AVENUE,CITY ISLAND AVENUE,BEACH STREET,CROSS STREET,10464,BRONX,BRONX,10 BRONX,40.85266970098613,-73.78952492147913
32525502,2016-01-25T20:40:00.000,Snow,E9 Snow / Icy Sidewalk,Sidewalk,2 EAST  125 STREET,EAST  125 STREET,5 AVENUE,MADISON AVENUE,10035,NEW YORK,MANHATTAN,11 MANHATTAN,40.80630501362799,-73.94202399466526
32525503,2016-01-25T19:42:00.000,Snow,E9 Snow / Icy Sidewalk,Sidewalk,163-18 SANFORD AVENUE,SANFORD AVENUE,163 STREET,164 STREET,11358,Flushing,QUEENS,07 QUEENS,40.76008048375882,-73.80281969427213
32525504,2016-01-25T11:21:00.000,Snow,E9 Snow / Icy Sidewalk,Sidewalk,192-05A 73 AVENUE,73 AVENUE,71 CRESCENT,193 STREET,11366,Fresh Meadows,QUEENS,08 QUEENS,40.734052280767436,-73.78025099287646
32525505,2016-01-25T11:07:00.000,Snow,E9 Snow / Icy Sidewalk,Sidewalk,104-20 QUEENS BOULEVARD,QUEENS BOULEVARD,69 AVENUE,69 ROAD,11375,Forest Hills,QUEENS,06 QUEENS,40.7237795116281,-73.84899080027851
32525506,2016-01-25T10:56:00.000,Snow,E9 Snow / Icy Sidewalk,Sidewalk,324 PLYMOUTH STREET,PLYMOUTH STREET,HUDSON AVENUE,LITTLE STREET,11201,BROOKLYN,BROOKLYN,02 BROOKLYN,40.703546439905594,-73.98050248307968
32525507,2016-01-25T09:46:00.000,Snow,E9 Snow / Icy Sidewalk,Sidewalk,325 16 STREET,16 STREET,JACKSON PLACE,7 AVENUE,11215,BROOKLYN,BROOKLYN,07 BROOKLYN,40.66290808763155,-73.98554256457983
32525508,2016-01-25T19:50:00.000,Snow,E9 Snow / Icy Sidewalk,Sidewalk,,,,,11415,Kew Gardens,QUEENS,09 QUEENS,40.712198602397436,-73.83257218619315
32525509,2016-01-25T19:50:00.000,Snow,E9 Snow / Icy Sidewalk,Sidewalk,112 SEIGEL STREET,SEIGEL STREET,GRAHAM AVENUE,HUMBOLDT STREET,11206,BROOKLYN,BROOKLYN,01 BROOKLYN,40.70452712736964,-73.94208726321955
32525510,2016-01-25T20:23:00.000,Snow,E9 Snow / Icy Sidewalk,Sidewalk,71 IRVING PLACE,IRVING PLACE,PUTNAM AVENUE,FULTON STREET,11238,BROOKLYN,BROOKLYN,02 BROOKLYN,40.68276589535141,-73.95974436824591
32525511,2016-01-25T10:57:00.000,Snow,E9 Snow / Icy Sidewalk,Sidewalk,,,,,11216,BROOKLYN,BROOKLYN,03 BROOKLYN,40.68578040283673,-73.95439171425565
32525512,2016-01-25T10:39:00.000,Snow,E9 Snow / Icy Sidewalk,Sidewalk,,,,,11106,Astoria,QUEENS,01 QUEENS,40.76282366785378,-73.92028358894625
32525513,2016-01-25T10:43:00.000,Snow,E9 Snow / Icy Sidewalk,Sidewalk,2560 BROADWAY,BROADWAY,WEST 96 STREET,WEST 97 STREET,10025,NEW YORK,MANHATTAN,07 MANHATTAN,40.79474709439096,-73.97169962123874
32525514,2016-01-25T10:26:00.000,Snow,E9 Snow / Icy Sidewalk,Sidewalk,252 COURT STREET,COURT STREET,KANE STREET,BUTLER STREET,11231,BROOKLYN,BROOKLYN,06 BROOKLYN,40.685352889545875,-73.99446891780605
32525516,2016-01-25T09:58:00.000,Snow,E9 Snow / Icy Sidewalk,Sidewalk,542 FLATBUSH AVENUE,FLATBUSH AVENUE,LINCOLN ROAD,BEND,11225,BROOKLYN,BROOKLYN,09 BROOKLYN,40.66084374936661,-73.96084971120652
32525517,2016-01-25T09:59:00.000,Snow,E9 Snow / Icy Sidewalk,Sidewalk,104-33 121 STREET,121 STREET,LIBERTY AVENUE,107 AVENUE,11419,South Richmond Hill,QUEENS,10 QUEENS,40.686582690204375,-73.82228444415111
32525518,2016-01-25T09:25:00.000,Snow,E9 Snow / Icy Sidewalk,Sidewalk,84-29 ROOSEVELT AVENUE,ROOSEVELT AVENUE,84 STREET,85 STREET,11372,Jackson Heights,QUEENS,03 QUEENS,40.74787285084093,-73.88174604125787
32525522,2016-01-25T08:56:00.000,Snow,E9 Snow / Icy Sidewalk,Sidewalk,136-02 60 AVENUE,60 AVENUE,136 STREET,138 STREET,11355,Flushing,QUEENS,07 QUEENS,40.74352806166362,-73.82934656764506
32525523,2016-01-25T15:34:00.000,Snow,E9 Snow / Icy Sidewalk,Sidewalk,23-38 31 STREET,31 STREET,23 AVENUE,23 ROAD,11105,Astoria,QUEENS,01 QUEENS,40.77359212440208,-73.91381884380968
32525527,2016-01-25T08:35:00.000,Snow,E9 Snow / Icy Sidewalk,Sidewalk,,,,,10075,NEW YORK,MANHATTAN,08 MANHATTAN,40.77402161430348,-73.95455873895823
32525528,2016-01-25T08:11:00.000,Snow,E9 Snow / Icy Sidewalk,Sidewalk,85-29 114 STREET,114 STREET,85 AVENUE,MYRTLE AVENUE,11418,Richmond Hill,QUEENS,09 QUEENS,40.70103535156284,-73.83619591674682
32525529,2016-01-25T10:41:00.000,Snow,E9 Snow / Icy Sidewalk,Sidewalk,59 SCHOLES STREET,SCHOLES STREET,LORIMER STREET,LEONARD STREET,11206,BROOKLYN,BROOKLYN,01 BROOKLYN,40.70837800210686,-73.94776118766912
32525530,2016-01-25T15:27:00.000,Snow,E9 Snow / Icy Sidewalk,Sidewalk,335 RIVERSIDE DRIVE,RIVERSIDE DRIVE,WEST 105 STREET,WEST 106 STREET,10025,NEW YORK,MANHATTAN,07 MANHATTAN,40.802042202295574,-73.97019754765859
32525531,2016-01-25T14:52:00.000,Snow,E9 Snow / Icy Sidewalk,Sidewalk,167 CENTRAL AVENUE,CENTRAL AVENUE,SUYDAM STREET,HART STREET,11221,BROOKLYN,BROOKLYN,04 BROOKLYN,40.69886401359755,-73.92650535814991
32525532,2016-01-25T23:26:00.000,Snow,E9 Snow / Icy Sidewalk,Sidewalk,192-16 71 CRESCENT,71 CRESCENT,BEND,BEND,11365,Fresh Meadows,QUEENS,08 QUEENS,40.73539639939757,-73.7798243796643
32525533,2016-01-25T21:21:00.000,Snow,E9 Snow / Icy Sidewalk,Sidewalk,,,,,11205,BROOKLYN,BROOKLYN,02 BROOKLYN,40.69242508729034,-73.96073741027239
32525534,2016-01-25T21:06:00.000,Snow,E9 Snow / Icy Sidewalk,Sidewalk,,,,,11370,East Elmhurst,QUEENS,03 QUEENS,40.75874265551175,-73.89068946866949
32525535,2016-01-25T20:49:00.000,Snow,E9 Snow / Icy Sidewalk,Sidewalk,1360 OCEAN PARKWAY,OCEAN PARKWAY,AVENUE M,AVENUE N,11230,BROOKLYN,BROOKLYN,12 BROOKLYN,40.615623092362476,-73.96885802937882
32525536,2016-01-25T08:59:00.000,Snow,E9 Snow / Icy Sidewalk,Sidewalk,302 SAINT MARKS AVENUE,SAINT MARKS AVENUE,VANDERBILT AVENUE,UNDERHILL AVENUE,11238,BROOKLYN,BROOKLYN,08 BROOKLYN,40.678033224182,-73.96615017460327
32525542,2016-01-25T15:40:00.000,Snow,E9 Snow / Icy Sidewalk,Sidewalk,215-06 49 AVENUE,49 AVENUE,215 STREET,48 AVENUE,11364,Oakland Gardens,QUEENS,11 QUEENS,40.7550700449499,-73.7655200882476
32525543,2016-01-25T15:41:00.000,Snow,E9 Snow / Icy Sidewalk,Sidewalk,100 PROSPECT WEST,PROSPECT WEST,5 STREET,6 STREET,11215,BROOKLYN,BROOKLYN,06 BROOKLYN,40.66676819549542,-73.97505939029568
32525544,2016-01-25T15:22:00.000,Snow,E9 Snow / Icy Sidewalk,Sidewalk,201 AVENUE I,AVENUE I,EAST 2 STREET,EAST 3 STREET,11230,BROOKLYN,BROOKLYN,12 BROOKLYN,40.626137130833,-73.97493768007489
32525545,2016-01-25T08:32:00.000,Snow,E9 Snow / Icy Sidewalk,Sidewalk,949 BEDFORD AVENUE,BEDFORD AVENUE,WILLOUGHBY AVENUE,DEKALB AVENUE,11205,BROOKLYN,BROOKLYN,03 BROOKLYN,40.691662900418436,-73.95555242896613
32525549,2016-01-25T20:31:00.000,Snow,E9 Snow / Icy Sidewalk,Sidewalk,102 CARROLL STREET,CARROLL STREET,WILLIAM AVENUE,CITY ISLAND AVENUE,10464,BRONX,BRONX,10 BRONX,40.84559733005579,-73.78694496250773
32525550,2016-01-25T20:33:00.000,Snow,E9 Snow / Icy Sidewalk,Sidewalk,251-27 43 AVENUE,43 AVENUE,LITTLE NECK PARKWAY,WESTMORELAND STREET,11363,Little Neck,QUEENS,11 QUEENS,40.77094781333672,-73.73724601121471
32525551,2016-01-25T20:38:00.000,Snow,E9 Snow / Icy Sidewalk,Sidewalk,352 GREENWICH STREET,GREENWICH STREET,HARRISON STREET,FRANKLIN STREET,10013,NEW YORK,MANHATTAN,01 MANHATTAN,40.71890182254087,-74.01039313496437
32525552,2016-01-25T20:19:00.000,Snow,E9 Snow / Icy Sidewalk,Sidewalk,1368 MYRTLE AVENUE,MYRTLE AVENUE,HIMROD STREET,HARMAN STREET,11237,BROOKLYN,BROOKLYN,04 BROOKLYN,40.698533666409915,-73.92089420428125
32525553,2016-01-25T11:34:00.000,Snow,E9 Snow / Icy Sidewalk,Sidewalk,1365 1 AVENUE,1 AVENUE,EAST 73 STREET,EAST 74 STREET,10021,NEW YORK,MANHATTAN,08 MANHATTAN,40.76863127750995,-73.95540719642574
32525556,2016-01-25T08:34:00.000,Snow,E9 Snow / Icy Sidewalk,Sidewalk,451 WEST  238 STREET,WEST  238 STREET,WALDO AVENUE,GREYSTONE AVENUE,10463,BRONX,BRONX,08 BRONX,40.88726570260204,-73.90491204493418
32525557,2016-01-25T15:12:00.000,Snow,E9 Snow / Icy Sidewalk,Sidewalk,176 JACKSON STREET,JACKSON STREET,GRAHAM AVENUE,HUMBOLDT STREET,11211,BROOKLYN,BROOKLYN,01 BROOKLYN,40.716714786570066,-73.94392724765095
32525558,2016-01-25T15:13:00.000,Snow,E9 Snow / Icy Sidewalk,Sidewalk,154-05 NORTHERN BOULEVARD,NORTHERN BOULEVARD,154 STREET,155 STREET,11354,Flushing,QUEENS,07 QUEENS,40.76465292811246,-73.8108202721688
32525562,2016-01-25T14:48:00.000,Snow,E9 Snow / Icy Sidewalk,Sidewalk,248 EAST   84 STREET,EAST   84 STREET,3 AVENUE,2 AVENUE,10028,NEW YORK,MANHATTAN,08 MANHATTAN,40.77703230951831,-73.95384900204964
32525563,2016-01-25T14:51:00.000,Snow,E9 Snow / Icy Sidewalk,Sidewalk,3604 WALDO AVENUE,WALDO AVENUE,WEST 236 STREET,WEST 238 STREET,10463,BRONX,BRONX,08 BRONX,40.88587465833177,-73.90553607902218
32525564,2016-01-25T14:32:00.000,Snow,E9 Snow / Icy Sidewalk,Sidewalk,,,,,10035,NEW YORK,MANHATTAN,10 MANHATTAN,40.80641492221885,-73.94226230536307
32525565,2016-01-25T14:43:00.000,Snow,E9 Snow / Icy Sidewalk,Sidewalk,90-11 53 AVENUE,53 AVENUE,90 STREET,92 STREET,11373,Elmhurst,QUEENS,04 QUEENS,40.73821590842982,-73.87316045913927
32525566,2016-01-25T14:45:00.000,Snow,E9 Snow / Icy Sidewalk,Sidewalk,28-32 47 STREET,47 STREET,28 AVENUE,30 AVENUE,11103,Astoria,QUEENS,01 QUEENS,40.76210420777259,-73.90873303734772
32525567,2016-01-25T08:19:00.000,Snow,E9 Snow / Icy Sidewalk,Sidewalk,93 SAINT MARKS AVENUE,SAINT MARKS AVENUE,FLATBUSH AVENUE,CARLTON AVENUE,11217,BROOKLYN,BROOKLYN,08 BROOKLYN,40.67953649476516,-73.9732916011572
32525570,2016-01-25T10:17:00.000,Snow,E9 Snow / Icy Sidewalk,Sidewalk,920 8 AVENUE,8 AVENUE,9 STREET,10 STREET,11215,BROOKLYN,BROOKLYN,06 BROOKLYN,40.6655805625771,-73.97938173914731
32525571,2016-01-25T10:24:00.000,Snow,E9 Snow / Icy Sidewalk,Sidewalk,85 PALMETTO STREET,PALMETTO STREET,BUSHWICK AVENUE,EVERGREEN AVENUE,11221,BROOKLYN,BROOKLYN,04 BROOKLYN,40.69159894898057,-73.918839800263
32525572,2016-01-25T09:57:00.000,Snow,E9 Snow / Icy Sidewalk,Sidewalk,51-03 43 AVENUE,43 AVENUE,51 STREET,52 STREET,11377,Woodside,QUEENS,02 QUEENS,40.744338388313174,-73.91349940897544
32525573,2016-01-25T08:25:00.000,Snow,E9 Snow / Icy Sidewalk,Sidewalk,78-68 74 STREET,74 STREET,78 AVENUE,MYRTLE AVENUE,11385,Ridgewood,QUEENS,05 QUEENS,40.70315881873367,-73.8747599771715
32525577,2016-01-25T13:40:00.000,Snow,E9 Snow / Icy Sidewalk,Sidewalk,174 2 AVENUE,2 AVENUE,EAST 11 STREET,EAST 12 STREET,10003,NEW YORK,MANHATTAN,03 MANHATTAN,40.73047062859094,-73.98629643194597
32525578,2016-01-25T17:42:00.000,Snow,E9 Snow / Icy Sidewalk,Sidewalk,354 EAST    8 STREET,EAST    8 STREET,AVENUE C,AVENUE D,10009,NEW YORK,MANHATTAN,03 MANHATTAN,40.72452969910542,-73.97805026954299
32525579,2016-01-25T08:21:00.000,Snow,E9 Snow / Icy Sidewalk,Sidewalk,2100 BROADWAY,BROADWAY,BEND,WEST 74 STREET,10023,NEW YORK,MANHATTAN,07 MANHATTAN,40.779721699932836,-73.98166451073334
32525580,2016-01-25T08:23:00.000,Snow,E9 Snow / Icy Sidewalk,Sidewalk,565 FAIRVIEW AVENUE,FAIRVIEW AVENUE,BLEECKER STREET,MENAHAN STREET,11385,Ridgewood,QUEENS,05 QUEENS,40.70785884816295,-73.90776852624474
32525581,2016-01-25T08:06:00.000,Snow,E9 Snow / Icy Sidewalk,Sidewalk,1891 VICTORY BOULEVARD,VICTORY BOULEVARD,MOUNTAINVIEW AVENUE,WESTCOTT BOULEVARD,10314,STATEN ISLAND,STATEN ISLAND,01 STATEN ISLAND,40.612774033390785,-74.1269073403295
32525582,2016-01-25T08:07:00.000,Snow,E9 Snow / Icy Sidewalk,Sidewalk,130 2 AVENUE,2 AVENUE,EAST 7 STREET,ST MARKS PLACE,10003,NEW YORK,MANHATTAN,03 MANHATTAN,40.72849731090213,-73.98772921147479
32525583,2016-01-25T07:48:00.000,Snow,E9 Snow / Icy Sidewalk,Sidewalk,25 CHESTER PLACE,CHESTER PLACE,CEBRA AVENUE,CLARK LANE,10304,STATEN ISLAND,STATEN ISLAND,01 STATEN ISLAND,40.633074429310746,-74.08539081192964
32525584,2016-01-25T14:22:00.000,Snow,E9 Snow / Icy Sidewalk,Sidewalk,18 UNDERHILL AVENUE,UNDERHILL AVENUE,UNDERHILL AVENUE,PACIFIC STREET,11238,BROOKLYN,BROOKLYN,08 BROOKLYN,40.68051681839064,-73.96473199229061
32525587,2016-01-25T14:03:00.000,Snow,E9 Snow / Icy Sidewalk,Sidewalk,83-15 KEW GARDENS ROAD,KEW GARDENS ROAD,83 AVENUE,LEFFERTS BOULEVARD,11415,Kew Gardens,QUEENS,09 QUEENS,40.710659939869515,-73.82777147964141
32525588,2016-01-25T14:13:00.000,Snow,E9 Snow / Icy Sidewalk,Sidewalk,188-50 71 CRESCENT,71 CRESCENT,BEND,BEND,11365,Fresh Meadows,QUEENS,08 QUEENS,40.73463717862397,-73.78183312430971
32525589,2016-01-25T13:41:00.000,Snow,E9 Snow / Icy Sidewalk,Sidewalk,79-21 68 ROAD,68 ROAD,79 STREET,80 STREET,11379,Middle Village,QUEENS,05 QUEENS,40.710498679509634,-73.87258197225768
32525595,2016-01-25T09:34:00.000,Snow,E9 Snow / Icy Sidewalk,Sidewalk,117 TROUTMAN STREET,TROUTMAN STREET,EVERGREEN AVENUE,CENTRAL AVENUE,11206,BROOKLYN,BROOKLYN,04 BROOKLYN,40.699571445210886,-73.92975036531902
32525596,2016-01-25T09:41:00.000,Snow,E9 Snow / Icy Sidewalk,Sidewalk,292 BROADWAY,BROADWAY,HAVEMEYER STREET,MARCY AVENUE,11211,BROOKLYN,BROOKLYN,01 BROOKLYN,40.70856620944921,-73.95832209019142
32525600,2016-01-25T12:30:00.000,Snow,E9 Snow / Icy Sidewalk,Sidewalk,31-17 BROADWAY,BROADWAY,31 STREET,32 STREET,11106,Astoria,QUEENS,01 QUEENS,40.76188000795342,-73.92516878317201
32525605,2016-01-25T17:22:00.000,Snow,E9 Snow / Icy Sidewalk,Sidewalk,124 RUSSEK DRIVE,RUSSEK DRIVE,AVON GREEN,STACK DRIVE,10312,STATEN ISLAND,STATEN ISLAND,03 STATEN ISLAND,40.54856049507633,-74.19947433310696
32525606,2016-01-25T17:23:00.000,Snow,E9 Snow / Icy Sidewalk,Sidewalk,314 SAINT JOHNS PLACE,SAINT JOHNS PLACE,PLAZA STREET,UNDERHILL AVENUE,11238,BROOKLYN,BROOKLYN,08 BROOKLYN,40.67429519772942,-73.96738500311055
32525607,2016-01-25T17:01:00.000,Snow,E9 Snow / Icy Sidewalk,Sidewalk,1911 GLENWOOD ROAD,GLENWOOD ROAD,EAST 19 STREET,OCEAN AVENUE,11230,BROOKLYN,BROOKLYN,14 BROOKLYN,40.63280778165421,-73.9587260826929
32525611,2016-01-25T09:00:00.000,Snow,E9 Snow / Icy Sidewalk,Sidewalk,,,,,10023,NEW YORK,MANHATTAN,07 MANHATTAN,40.77668348871289,-73.98304820906951
32525612,2016-01-25T09:12:00.000,Snow,E9 Snow / Icy Sidewalk,Sidewalk,,,,,11215,BROOKLYN,BROOKLYN,06 BROOKLYN,40.66673766479885,-73.99173452938464
32525613,2016-01-25T08:51:00.000,Snow,E9 Snow / Icy Sidewalk,Sidewalk,,,,,10065,NEW YORK,MANHATTAN,08 MANHATTAN,40.76461681260692,-73.95832311500644
32525616,2016-01-25T15:16:00.000,Snow,E9 Snow / Icy Sidewalk,Sidewalk,406 13 STREET,13 STREET,7 AVENUE,8 AVENUE,11215,BROOKLYN,BROOKLYN,06 BROOKLYN,40.664109926970845,-73.98282450233674
32525618,2016-01-25T15:03:00.000,Snow,E9 Snow / Icy Sidewalk,Sidewalk,116 REMSEN STREET,REMSEN STREET,HENRY STREET,CLINTON STREET,11201,BROOKLYN,BROOKLYN,02 BROOKLYN,40.693919289020776,-73.99392368257185
32525619,2016-01-25T08:35:00.000,Snow,E9 Snow / Icy Sidewalk,Sidewalk,1418 LEXINGTON AVENUE,LEXINGTON AVENUE,EAST 92 STREET,EAST 93 STREET,10128,NEW YORK,MANHATTAN,08 MANHATTAN,40.78384690773756,-73.9524215469694
32525621,2016-01-25T12:31:00.000,Snow,E9 Snow / Icy Sidewalk,Sidewalk,30 LUQUER STREET,LUQUER STREET,COLUMBIA STREET,HICKS STREET,11231,BROOKLYN,BROOKLYN,06 BROOKLYN,40.678828609137355,-74.00452826570775
32525623,2016-01-25T16:50:00.000,Snow,E9 Snow / Icy Sidewalk,Sidewalk,,,,,11222,BROOKLYN,BROOKLYN,01 BROOKLYN,40.72515893386677,-73.94659353310549
32525624,2016-01-25T16:34:00.000,Snow,E9 Snow / Icy Sidewalk,Sidewalk,67-15 192 STREET,192 STREET,67 AVENUE,190 LANE,11365,Fresh Meadows,QUEENS,08 QUEENS,40.73760346056359,-73.78140843441481
32525628,2016-01-25T17:02:00.000,Snow,E9 Snow / Icy Sidewalk,Sidewalk,108 EAST   10 STREET,EAST   10 STREET,3 AVENUE,2 AVENUE,10003,NEW YORK,MANHATTAN,03 MANHATTAN,40.73050381229627,-73.98855509756196
32525630,2016-01-25T12:51:00.000,Snow,E9 Snow / Icy Sidewalk,Sidewalk,3511 BOSTON ROAD,BOSTON ROAD,EASTCHESTER ROAD,MICKLE AVENUE,10469,BRONX,BRONX,12 BRONX,40.87720855957964,-73.84588689115728
32525631,2016-01-25T12:52:00.000,Snow,E9 Snow / Icy Sidewalk,Sidewalk,92-15 69 AVENUE,69 AVENUE,LOUBET STREET,KESSEL STREET,11375,Forest Hills,QUEENS,06 QUEENS,40.71439583623928,-73.85376278990861
32525632,2016-01-25T12:54:00.000,Snow,E9 Snow / Icy Sidewalk,Sidewalk,329 BUEL AVENUE,BUEL AVENUE,HYLAN BOULEVARD,LACONIA AVENUE,10305,STATEN ISLAND,STATEN ISLAND,02 STATEN ISLAND,40.5845550170739,-74.09204678404204
32525633,2016-01-25T18:54:00.000,Snow,E9 Snow / Icy Sidewalk,Sidewalk,66-38 74 STREET,74 STREET,JUNIPER VALLEY ROAD,66 DRIVE,11379,Middle Village,QUEENS,05 QUEENS,40.71432133333265,-73.87948251110271
32525634,2016-01-25T18:07:00.000,Snow,E9 Snow / Icy Sidewalk,Sidewalk,98-02 ASTORIA BOULEVARD,ASTORIA BOULEVARD,98 STREET,27 AVENUE,11369,East Elmhurst,QUEENS,03 QUEENS,40.76229891993957,-73.87120138704341
32525637,2016-01-25T15:10:00.000,Snow,E9 Snow / Icy Sidewalk,Sidewalk,23-50 85 STREET,85 STREET,23 AVENUE,24 AVENUE,11370,East Elmhurst,QUEENS,03 QUEENS,40.76604307049826,-73.88444296280319
32525638,2016-01-25T14:51:00.000,Snow,E9 Snow / Icy Sidewalk,Sidewalk,262 4 AVENUE,4 AVENUE,PRESIDENT STREET,CARROLL STREET,11215,BROOKLYN,BROOKLYN,06 BROOKLYN,40.676247476530925,-73.98384524408897
32525642,2016-01-25T12:48:00.000,Snow,E9 Snow / Icy Sidewalk,Sidewalk,,,,,11435,Jamaica,QUEENS,12 QUEENS,40.70348111753405,-73.8062655497942
32525644,2016-01-25T17:46:00.000,Snow,E9 Snow / Icy Sidewalk,Sidewalk,,,,,11367,Flushing,QUEENS,08 QUEENS,40.71991044772078,-73.80903888702578
32525645,2016-01-25T17:52:00.000,Snow,E9 Snow / Icy Sidewalk,Sidewalk,550 VANDERBILT AVENUE,VANDERBILT AVENUE,PACIFIC STREET,DEAN STREET,11238,BROOKLYN,BROOKLYN,08 BROOKLYN,40.680309149413695,-73.96792286996539
32525651,2016-01-25T14:37:00.000,Snow,E9 Snow / Icy Sidewalk,Sidewalk,209-18 NORTHERN BOULEVARD,NORTHERN BOULEVARD,OCEANIA STREET,CORPORAL KENNEDY STREET,11361,Bayside,QUEENS,11 QUEENS,40.759116142940066,-73.77392358419873
32525652,2016-01-25T08:11:00.000,Snow,E9 Snow / Icy Sidewalk,Sidewalk,46-22 247 STREET,247 STREET,DEAD END,DEEPDALE AVENUE,11362,Little Neck,QUEENS,11 QUEENS,40.7647317641586,-73.7388119929166
32525653,2016-01-25T14:19:00.000,Snow,E9 Snow / Icy Sidewalk,Sidewalk,42-07 ASTORIA BLVD NORTH,ASTORIA BLVD NORTH,42 STREET,43 STREET,11105,Astoria,QUEENS,01 QUEENS,40.76904216005686,-73.90778126915824
32525654,2016-01-25T14:21:00.000,Snow,E9 Snow / Icy Sidewalk,Sidewalk,739 DEAN STREET,DEAN STREET,VANDERBILT AVENUE,UNDERHILL AVENUE,11238,BROOKLYN,BROOKLYN,08 BROOKLYN,40.679798082646954,-73.96604472335551
32525657,2016-01-25T11:05:00.000,Snow,E9 Snow / Icy Sidewalk,Sidewalk,1598 UNION PORT ROAD,UNION PORT ROAD,GUERLAIN STREET,EAST TREMONT AVENUE,10462,BRONX,BRONX,09 BRONX,40.8410608244267,-73.86331833125602
32525658,2016-01-25T10:33:00.000,Snow,E9 Snow / Icy Sidewalk,Sidewalk,1173 EAST  229 STREET,EAST  229 STREET,EAST 229 DRIVE SOUTH,EAST 229 DRIVE NORTH,10466,BRONX,BRONX,12 BRONX,40.88569822834557,-73.84409149362088
32525660,2016-01-25T16:38:00.000,Snow,E9 Snow / Icy Sidewalk,Sidewalk,32-55 83 STREET,83 STREET,32 AVENUE,NORTHERN BOULEVARD,11370,East Elmhurst,QUEENS,03 QUEENS,40.756642481705335,-73.88460726150947
32525661,2016-01-25T12:29:00.000,Snow,E9 Snow / Icy Sidewalk,Sidewalk,838 GERARD AVENUE,GERARD AVENUE,EAST 158 STREET,EAST 161 STREET,10451,BRONX,BRONX,04 BRONX,40.82660093522163,-73.92545732941629
32525662,2016-01-25T12:08:00.000,Snow,E9 Snow / Icy Sidewalk,Sidewalk,140 LEFFERTS PLACE,LEFFERTS PLACE,CLASSON AVENUE,NYCTA SUBWAY,11238,BROOKLYN,BROOKLYN,03 BROOKLYN,40.680709439791215,-73.95800780240259
32525663,2016-01-25T11:50:00.000,Snow,E9 Snow / Icy Sidewalk,Sidewalk,602 TYSENS LANE,TYSENS LANE,PRIMROSE PLACE,FALCON AVENUE,10306,STATEN ISLAND,STATEN ISLAND,03 STATEN ISLAND,40.562985043157106,-74.1148170956955
32525665,2016-01-25T16:09:00.000,Snow,E9 Snow / Icy Sidewalk,Sidewalk,9816 FLATLANDS AVENUE,FLATLANDS AVENUE,EAST 98 STREET,EAST 99 STREET,11236,BROOKLYN,BROOKLYN,18 BROOKLYN,40.64434611528653,-73.89958641072563
32525669,2016-01-25T15:53:00.000,Snow,E9 Snow / Icy Sidewalk,Sidewalk,264 LANDER AVENUE,LANDER AVENUE,ELSON STREET,HIRSCH LANE,10314,STATEN ISLAND,STATEN ISLAND,02 STATEN ISLAND,40.614393159252735,-74.16782362956228
32525670,2016-01-25T15:55:00.000,Snow,E9 Snow / Icy Sidewalk,Sidewalk,513 3 AVENUE,3 AVENUE,11 STREET,12 STREET,11215,BROOKLYN,BROOKLYN,06 BROOKLYN,40.669740499755605,-73.9924443059869
32525671,2016-01-25T15:30:00.000,Snow,E9 Snow / Icy Sidewalk,Sidewalk,591 FOREST AVENUE,FOREST AVENUE,REGAN AVENUE,PELTON AVENUE,10310,STATEN ISLAND,STATEN ISLAND,01 STATEN ISLAND,40.63011487740051,-74.10891971602756
32525672,2016-01-25T14:21:00.000,Snow,E9 Snow / Icy Sidewalk,Sidewalk,1999 CLOVE ROAD,CLOVE ROAD,WESER AVENUE,ELBE AVENUE,10304,STATEN ISLAND,STATEN ISLAND,02 STATEN ISLAND,40.60541777345046,-74.08554991123113
32525673,2016-01-25T09:27:00.000,Snow,E9 Snow / Icy Sidewalk,Sidewalk,46 SOUTHGATE COURT,SOUTHGATE COURT,STRYKER STREET,WEST 1 STREET,11223,BROOKLYN,BROOKLYN,15 BROOKLYN,40.591126473923744,-73.97152307525648
32525674,2016-01-25T13:36:00.000,Snow,E9 Snow / Icy Sidewalk,Sidewalk,151-29 79 STREET,79 STREET,151 AVENUE,153 AVENUE,11414,Howard Beach,QUEENS,10 QUEENS,40.66692704511402,-73.8553952417184
32525675,2016-01-25T13:07:00.000,Snow,E9 Snow / Icy Sidewalk,Sidewalk,1370 GREENE AVENUE,GREENE AVENUE,KNICKERBOCKER AVENUE,IRVING AVENUE,11237,BROOKLYN,BROOKLYN,04 BROOKLYN,40.69961306432373,-73.91797892596409
32525680,2016-01-25T17:33:00.000,Snow,E9 Snow / Icy Sidewalk,Sidewalk,253 EAST    7 STREET,EAST    7 STREET,AVENUE C,AVENUE D,10009,NEW YORK,MANHATTAN,03 MANHATTAN,40.723711743448604,-73.9779567378264
32525684,2016-01-25T12:39:00.000,Snow,E9 Snow / Icy Sidewalk,Sidewalk,48 BRITTON STREET,BRITTON STREET,DEAD END,BROADWAY,10310,STATEN ISLAND,STATEN ISLAND,01 STATEN ISLAND,40.634079261424304,-74.11639858548828
32525685,2016-01-25T12:39:00.000,Snow,E9 Snow / Icy Sidewalk,Sidewalk,261 FRANKLIN AVENUE,FRANKLIN AVENUE,DEKALB AVENUE,LAFAYETTE AVENUE,11205,BROOKLYN,BROOKLYN,03 BROOKLYN,40.690477792880046,-73.95722276799258
32525686,2016-01-25T16:41:00.000,Snow,E9 Snow / Icy Sidewalk,Sidewalk,2001 HOMECREST AVENUE,HOMECREST AVENUE,AVENUE T,AVENUE U,11229,BROOKLYN,BROOKLYN,15 BROOKLYN,40.60044146946209,-73.95953472594525
32525687,2016-01-25T16:22:00.000,Snow,E9 Snow / Icy Sidewalk,Sidewalk,2639 BROWN STREET,BROWN STREET,AVENUE Z,VOORHIES AVENUE,11235,BROOKLYN,BROOKLYN,15 BROOKLYN,40.588793763932266,-73.9377122743814
32525696,2016-01-25T11:50:00.000,Snow,E9 Snow / Icy Sidewalk,Sidewalk,147-02 34 AVENUE,34 AVENUE,147 STREET,147 PLACE,11354,Flushing,QUEENS,07 QUEENS,40.767373714309336,-73.81984503480709
32525697,2016-01-25T16:11:00.000,Snow,E9 Snow / Icy Sidewalk,Sidewalk,46-65 UTOPIA PARKWAY,UTOPIA PARKWAY,BAGLEY AVENUE,COURTNEY AVENUE,11358,Flushing,QUEENS,11 QUEENS,40.751322390315515,-73.79212617469939
32525710,2016-01-25T12:56:00.000,Snow,E9 Snow / Icy Sidewalk,Sidewalk,61-15 71 AVENUE,71 AVENUE,FRESH POND ROAD,CYPRESS HILLS STREET,11385,Ridgewood,QUEENS,05 QUEENS,40.70200121580521,-73.8946271031103
32525711,2016-01-25T10:17:00.000,Snow,E9 Snow / Icy Sidewalk,Sidewalk,,,,,11234,BROOKLYN,BROOKLYN,18 BROOKLYN,40.623561520241374,-73.92736998044037
32527343,2016-01-25T20:32:00.000,Snow,E9 Snow / Icy Sidewalk,Sidewalk,,,,,10026,NEW YORK,MANHATTAN,10 MANHATTAN,40.79748391979979,-73.94878561956325
32527345,2016-01-25T16:37:00.000,Snow,E9 Snow / Icy Sidewalk,Sidewalk,1866 OCEAN AVENUE,OCEAN AVENUE,BAY AVENUE,AVENUE N,11230,BROOKLYN,BROOKLYN,14 BROOKLYN,40.61646101871662,-73.95465519330362
32527346,2016-01-25T16:25:00.000,Snow,E9 Snow / Icy Sidewalk,Sidewalk,,,,,10029,NEW YORK,MANHATTAN,11 MANHATTAN,40.79861514167579,-73.94374268300459
32527347,2016-01-25T15:39:00.000,Snow,E9 Snow / Icy Sidewalk,Sidewalk,158-35 80 STREET,80 STREET,158 AVENUE,159 AVENUE,11414,Howard Beach,QUEENS,10 QUEENS,40.65843359163479,-73.85237169966723
32527348,2016-01-25T23:15:00.000,Snow,E9 Snow / Icy Sidewalk,Sidewalk,,,,,11211,BROOKLYN,BROOKLYN,01 BROOKLYN,40.7147294033782,-73.94206757701332
32527349,2016-01-25T23:25:00.000,Snow,E9 Snow / Icy Sidewalk,Sidewalk,6008 20 AVENUE,20 AVENUE,60 STREET,61 STREET,11204,BROOKLYN,BROOKLYN,12 BROOKLYN,40.6192656511171,-73.9830161459412
32527350,2016-01-25T22:43:00.000,Snow,E9 Snow / Icy Sidewalk,Sidewalk,45-47 167 STREET,167 STREET,45 AVENUE,46 AVENUE,11358,Flushing,QUEENS,07 QUEENS,40.754953906096,-73.799994243038
32527351,2016-01-25T21:30:00.000,Snow,E9 Snow / Icy Sidewalk,Sidewalk,175 BORINQUEN PLACE,BORINQUEN PLACE,SOUTH 1 STREET,GRAND STREET,11211,BROOKLYN,BROOKLYN,01 BROOKLYN,40.71081199366145,-73.95269010051896
32527355,2016-01-25T21:32:00.000,Snow,E9 Snow / Icy Sidewalk,Sidewalk,106 SHERIDAN AVENUE,SHERIDAN AVENUE,MC KINLEY AVENUE,LIBERTY AVENUE,11208,BROOKLYN,BROOKLYN,05 BROOKLYN,40.679916120445334,-73.86743785658173
32527356,2016-01-25T21:34:00.000,Snow,E9 Snow / Icy Sidewalk,Sidewalk,111 WEST  131 STREET,WEST  131 STREET,LENOX AVENUE,7 AVENUE,10027,NEW YORK,MANHATTAN,10 MANHATTAN,40.811855519095246,-73.94338107736134
32527357,2016-01-25T21:38:00.000,Snow,E9 Snow / Icy Sidewalk,Sidewalk,409 EAST   50 STREET,EAST   50 STREET,1 AVENUE,BEEKMAN PLACE,10022,NEW YORK,MANHATTAN,06 MANHATTAN,40.753741856931,-73.96581212621885
32527358,2016-01-25T20:59:00.000,Snow,E9 Snow / Icy Sidewalk,Sidewalk,919 EAST   28 STREET,EAST   28 STREET,AVENUE I,AVENUE J,11210,BROOKLYN,BROOKLYN,14 BROOKLYN,40.62829149739365,-73.949117198767
32527359,2016-01-25T19:56:00.000,Snow,E9 Snow / Icy Sidewalk,Sidewalk,1435 46 STREET,46 STREET,14 AVENUE,15 AVENUE,11219,BROOKLYN,BROOKLYN,12 BROOKLYN,40.63485935470893,-73.98729606305774
32527360,2016-01-25T20:09:00.000,Snow,E9 Snow / Icy Sidewalk,Sidewalk,60-61 COOPER AVENUE,COOPER AVENUE,60 LANE,61 STREET,11385,Ridgewood,QUEENS,05 QUEENS,40.69642610569179,-73.89409858154951
32527361,2016-01-25T20:13:00.000,Snow,E9 Snow / Icy Sidewalk,Sidewalk,,,,,11365,Fresh Meadows,QUEENS,08 QUEENS,40.736834552080744,-73.77834015993916
32527362,2016-01-25T19:14:00.000,Snow,E9 Snow / Icy Sidewalk,Sidewalk,25-24 30 AVENUE,30 AVENUE,CRESCENT STREET,27 STREET,11102,Astoria,QUEENS,01 QUEENS,40.76828847767724,-73.92439623046906
32527363,2016-01-25T11:41:00.000,Snow,E9 Snow / Icy Sidewalk,Sidewalk,481 EASTERN PARKWAY,EASTERN PARKWAY,ROGERS AVENUE,NOSTRAND AVENUE,11216,BROOKLYN,BROOKLYN,08 BROOKLYN,40.669969682002595,-73.95236579744692
32527365,2016-01-25T13:43:00.000,Snow,E9 Snow / Icy Sidewalk,Sidewalk,556 WEST  162 STREET,WEST  162 STREET,ST NICHOLAS AVENUE,BROADWAY,10032,NEW YORK,MANHATTAN,12 MANHATTAN,40.836653023440974,-73.94135789525467
32527366,2016-01-25T10:58:00.000,Snow,E9 Snow / Icy Sidewalk,Sidewalk,3326 STEUBEN AVENUE,STEUBEN AVENUE,EAST 208 STREET,EAST 210 STREET,10467,BRONX,BRONX,07 BRONX,40.878776394876475,-73.88123115872276
32527367,2016-01-25T10:41:00.000,Snow,E9 Snow / Icy Sidewalk,Sidewalk,396 AVENUE OF THE AMERICAS,AVENUE OF THE AMERICAS,WAVERLY PLACE,GREENWICH AVENUE,10011,NEW YORK,MANHATTAN,02 MANHATTAN,40.73347420503014,-73.99964639015316
32527368,2016-01-25T09:48:00.000,Snow,E9 Snow / Icy Sidewalk,Sidewalk,90 WILLIAM STREET,WILLIAM STREET,MAIDEN LANE,PLATT STREET,10038,NEW YORK,MANHATTAN,01 MANHATTAN,40.70818373466945,-74.0077872858246
32527373,2016-01-25T09:51:00.000,Snow,E9 Snow / Icy Sidewalk,Sidewalk,875 MYRTLE AVENUE,MYRTLE AVENUE,MARCY AVENUE,TOMPKINS AVENUE,11206,BROOKLYN,BROOKLYN,03 BROOKLYN,40.69556811601307,-73.94762336971594
32527374,2016-01-25T09:55:00.000,Snow,E9 Snow / Icy Sidewalk,Sidewalk,1977 HOMECREST AVENUE,HOMECREST AVENUE,AVENUE S,AVENUE T,11229,BROOKLYN,BROOKLYN,15 BROOKLYN,40.60151475710963,-73.95973934002062
32527375,2016-01-25T09:28:00.000,Snow,E9 Snow / Icy Sidewalk,Sidewalk,819 RIVERSIDE DRIVE,RIVERSIDE DRIVE,BEND,WEST 160 STREET,10032,NEW YORK,MANHATTAN,12 MANHATTAN,40.83559841813119,-73.94566286431338
32527377,2016-01-25T08:47:00.000,Snow,E9 Snow / Icy Sidewalk,Sidewalk,79 MARYLAND AVENUE,MARYLAND AVENUE,ABBOTT STREET,BAY STREET,10305,STATEN ISLAND,STATEN ISLAND,01 STATEN ISLAND,40.613629897257766,-74.06506986842788
32527378,2016-01-25T08:55:00.000,Snow,E9 Snow / Icy Sidewalk,Sidewalk,345 AVENUE U,AVENUE U,WEST STREET,EAST 1 STREET,11223,BROOKLYN,BROOKLYN,15 BROOKLYN,40.59719518107337,-73.97134764387255
32527379,2016-01-25T08:56:00.000,Snow,E9 Snow / Icy Sidewalk,Sidewalk,,,,,11415,Kew Gardens,QUEENS,09 QUEENS,40.71094588523881,-73.82809898246936
32527380,2016-01-25T08:58:00.000,Snow,E9 Snow / Icy Sidewalk,Sidewalk,2100 CROPSEY AVENUE,CROPSEY AVENUE,21 AVENUE,21 LANE,11214,BROOKLYN,BROOKLYN,11 BROOKLYN,40.598694666099185,-74.00063377250693
32527383,2016-01-25T15:31:00.000,Snow,E9 Snow / Icy Sidewalk,Sidewalk,88-15 86 STREET,86 STREET,88 AVENUE,89 AVENUE,11421,Woodhaven,QUEENS,09 QUEENS,40.69051814924158,-73.8573886493527
32527384,2016-01-25T15:20:00.000,Snow,E9 Snow / Icy Sidewalk,Sidewalk,73-55 GRAND AVENUE,GRAND AVENUE,73 PLACE,74 STREET,11378,Maspeth,QUEENS,05 QUEENS,40.72994284480916,-73.88873422944985
32527385,2016-01-25T08:36:00.000,Snow,E9 Snow / Icy Sidewalk,Sidewalk,601 FLUSHING AVENUE,FLUSHING AVENUE,LEE AVENUE,MARCY AVENUE,11206,BROOKLYN,BROOKLYN,01 BROOKLYN,40.69976334818821,-73.95039342602058
32527386,2016-01-25T08:37:00.000,Snow,E9 Snow / Icy Sidewalk,Sidewalk,113-07 ROCKAWAY BEACH BOULEVARD,ROCKAWAY BEACH BOULEVARD,BEACH 113 STREET,BEACH 114 STREET,11694,Rockaway Park,QUEENS,14 QUEENS,40.580504039708124,-73.834734730543
32527393,2016-01-25T08:43:00.000,Snow,E9 Snow / Icy Sidewalk,Sidewalk,86-69 143 STREET,143 STREET,86 ROAD,87 AVENUE,11435,Jamaica,QUEENS,08 QUEENS,40.707280178557404,-73.81308589083093
32527394,2016-01-25T14:48:00.000,Snow,E9 Snow / Icy Sidewalk,Sidewalk,1200 39 STREET,39 STREET,12 AVENUE,13 AVENUE,11218,BROOKLYN,BROOKLYN,12 BROOKLYN,40.641748862072944,-73.98817035416546
32527396,2016-01-25T08:05:00.000,Snow,E9 Snow / Icy Sidewalk,Sidewalk,36 WEST  119 STREET,WEST  119 STREET,5 AVENUE,LENOX AVENUE,10026,NEW YORK,MANHATTAN,10 MANHATTAN,40.803076499075146,-73.94620593397532
32527405,2016-01-25T08:11:00.000,Snow,E9 Snow / Icy Sidewalk,Sidewalk,14 3 PLACE,3 PLACE,HENRY STREET,CLINTON STREET,11231,BROOKLYN,BROOKLYN,06 BROOKLYN,40.679597230573926,-74.00098786552843
32527406,2016-01-25T14:16:00.000,Snow,E9 Snow / Icy Sidewalk,Sidewalk,,,,,10003,NEW YORK,MANHATTAN,05 MANHATTAN,40.73850504594479,-73.99179779723579
32527407,2016-01-25T14:21:00.000,Snow,E9 Snow / Icy Sidewalk,Sidewalk,4-75 48 AVENUE,48 AVENUE,CENTER BOULEVARD,5 STREET,11109,Long Island City,QUEENS,02 QUEENS,40.74459593908806,-73.95644459333987
32527408,2016-01-25T14:24:00.000,Snow,E9 Snow / Icy Sidewalk,Sidewalk,,,,,10310,STATEN ISLAND,STATEN ISLAND,01 STATEN ISLAND,40.63473081617045,-74.10975952622744
32527409,2016-01-25T14:24:00.000,Snow,E9 Snow / Icy Sidewalk,Sidewalk,,,,,10314,STATEN ISLAND,STATEN ISLAND,01 STATEN ISLAND,40.60861384957913,-74.13097275009203
32527410,2016-01-25T13:46:00.000,Snow,E9 Snow / Icy Sidewalk,Sidewalk,3971 WHITE PLAINS ROAD,WHITE PLAINS ROAD,EAST 224 STREET,EAST 225 STREET,10466,BRONX,BRONX,12 BRONX,40.887659777456435,-73.86054621091371
32527414,2016-01-25T13:58:00.000,Snow,E9 Snow / Icy Sidewalk,Sidewalk,1210 GATES AVENUE,GATES AVENUE,EVERGREEN AVENUE,CENTRAL AVENUE,11221,BROOKLYN,BROOKLYN,04 BROOKLYN,40.69266124785896,-73.91894308282235
32527415,2016-01-25T13:38:00.000,Snow,E9 Snow / Icy Sidewalk,Sidewalk,,,,,10023,NEW YORK,MANHATTAN,07 MANHATTAN,40.773655156314604,-73.9778246718643
32527416,2016-01-25T13:40:00.000,Snow,E9 Snow / Icy Sidewalk,Sidewalk,88-20 NORTHERN BOULEVARD,NORTHERN BOULEVARD,88 STREET,89 STREET,11372,Jackson Heights,QUEENS,03 QUEENS,40.75616517167704,-73.87951508928455
32527417,2016-01-25T13:44:00.000,Snow,E9 Snow / Icy Sidewalk,Sidewalk,1555 EAST   22 STREET,EAST   22 STREET,BAY AVENUE,AVENUE O,11210,BROOKLYN,BROOKLYN,14 BROOKLYN,40.613926558730775,-73.95215006048684
32527420,2016-01-25T17:19:00.000,Snow,E9 Snow / Icy Sidewalk,Sidewalk,138-37 QUEENS BOULEVARD,QUEENS BOULEVARD,84 DRIVE,86 AVENUE,11435,Jamaica,QUEENS,08 QUEENS,40.708114131417034,-73.81793843847682
32527421,2016-01-25T17:20:00.000,Snow,E9 Snow / Icy Sidewalk,Sidewalk,35 EASTERN PARKWAY,EASTERN PARKWAY,BEND,UNDERHILL AVENUE,11238,BROOKLYN,BROOKLYN,08 BROOKLYN,40.67298326546172,-73.9676343890721
32527428,2016-01-25T17:29:00.000,Snow,E9 Snow / Icy Sidewalk,Sidewalk,100 LENOX ROAD,LENOX ROAD,FLATBUSH AVENUE,BEDFORD AVENUE,11226,BROOKLYN,BROOKLYN,14 BROOKLYN,40.65373875359409,-73.956658880993
32527429,2016-01-25T13:04:00.000,Snow,E9 Snow / Icy Sidewalk,Sidewalk,7601 20 AVENUE,20 AVENUE,76 STREET,77 STREET,11214,BROOKLYN,BROOKLYN,11 BROOKLYN,40.61015394539482,-73.99247265959997
32527433,2016-01-25T13:14:00.000,Snow,E9 Snow / Icy Sidewalk,Sidewalk,178 BRIGHTON   11 STREET,BRIGHTON   11 STREET,OCEAN VIEW AVENUE,BRIGHTON BEACH AVENUE,11235,BROOKLYN,BROOKLYN,13 BROOKLYN,40.578759949355465,-73.95857588736172
32527439,2016-01-25T17:51:00.000,Snow,E9 Snow / Icy Sidewalk,Sidewalk,1510 EAST   12 STREET,EAST   12 STREET,AVENUE O,AVENUE P,11230,BROOKLYN,BROOKLYN,14 BROOKLYN,40.61212408554046,-73.96176790482839
32527440,2016-01-25T12:43:00.000,Snow,E9 Snow / Icy Sidewalk,Sidewalk,2997 OCEAN PARKWAY,OCEAN PARKWAY,OCEAN VIEW AVENUE,BRIGHTON BEACH AVENUE,11235,BROOKLYN,BROOKLYN,13 BROOKLYN,40.57741259181981,-73.9682674736111
32527441,2016-01-25T12:43:00.000,Snow,E9 Snow / Icy Sidewalk,Sidewalk,144 KEATING PLACE,KEATING PLACE,ROCKLAND AVENUE,TRAVIS AVENUE,10314,STATEN ISLAND,STATEN ISLAND,02 STATEN ISLAND,40.59146780824295,-74.15670498078501
32527447,2016-01-25T12:27:00.000,Snow,E9 Snow / Icy Sidewalk,Sidewalk,,,,,11230,BROOKLYN,BROOKLYN,14 BROOKLYN,40.63051261779271,-73.95730083397692
32527452,2016-01-25T12:06:00.000,Snow,E9 Snow / Icy Sidewalk,Sidewalk,158-20 81 STREET,81 STREET,158 AVENUE,159 AVENUE,11414,Howard Beach,QUEENS,10 QUEENS,40.658739809360334,-73.8514411315567
32527453,2016-01-25T11:58:00.000,Snow,E9 Snow / Icy Sidewalk,Sidewalk,63-02 AUSTIN STREET,AUSTIN STREET,63 AVENUE,63 DRIVE,11374,Rego Park,QUEENS,06 QUEENS,40.72805765702224,-73.86597466909637
32527454,2016-01-25T14:16:00.000,Snow,E9 Snow / Icy Sidewalk,Sidewalk,,,,,10035,NEW YORK,MANHATTAN,10 MANHATTAN,40.80641492221885,-73.94226230536307
32527455,2016-01-25T13:48:00.000,Snow,E9 Snow / Icy Sidewalk,Sidewalk,,,,,10001,NEW YORK,MANHATTAN,05 MANHATTAN,40.75099082290243,-73.99062326583427
32527458,2016-01-25T09:09:00.000,Snow,E9 Snow / Icy Sidewalk,Sidewalk,,,,,11416,Ozone Park,QUEENS,09 QUEENS,40.68255172177474,-73.85872890946767
32527460,2016-01-25T15:31:00.000,Snow,E9 Snow / Icy Sidewalk,Sidewalk,,,,,11417,Ozone Park,QUEENS,10 QUEENS,40.670227107979954,-73.84548196632709
32527461,2016-01-25T08:57:00.000,Snow,E9 Snow / Icy Sidewalk,Sidewalk,14 OLIVER STREET,OLIVER STREET,SHORE ROAD,MARINE AVENUE,11209,BROOKLYN,BROOKLYN,10 BROOKLYN,40.61933425589199,-74.03942131388501
32527462,2016-01-25T10:14:00.000,Snow,E9 Snow / Icy Sidewalk,Sidewalk,2820 AVENUE Z,AVENUE Z,EAST 28 STREET,EAST 29 STREET,11235,BROOKLYN,BROOKLYN,15 BROOKLYN,40.5893694105325,-73.94148503855995
32527463,2016-01-25T08:58:00.000,Snow,E9 Snow / Icy Sidewalk,Sidewalk,1040 ROSEDALE AVENUE,ROSEDALE AVENUE,BRUCKNER BOULEVARD,WATSON AVENUE,10472,BRONX,BRONX,09 BRONX,40.82602234487356,-73.86786944351837
32527464,2016-01-25T08:36:00.000,Snow,E9 Snow / Icy Sidewalk,Sidewalk,40 WEST  225 STREET,WEST  225 STREET,WEST 225 STREET,,10463,BRONX,BRONX,07 BRONX,40.87364352990189,-73.90796162633521
32527465,2016-01-25T08:19:00.000,Snow,E9 Snow / Icy Sidewalk,Sidewalk,,,,,11213,BROOKLYN,BROOKLYN,08 BROOKLYN,40.669100245102534,-73.93665677856214
32527467,2016-01-25T16:59:00.000,Snow,E9 Snow / Icy Sidewalk,Sidewalk,,,,,10019,NEW YORK,MANHATTAN,05 MANHATTAN,40.76109339593824,-73.98326154296245
32527468,2016-01-25T16:23:00.000,Snow,E9 Snow / Icy Sidewalk,Sidewalk,,,,,11238,BROOKLYN,BROOKLYN,03 BROOKLYN,40.685531464435755,-73.95655168082601
32527469,2016-01-25T23:23:00.000,Snow,E9 Snow / Icy Sidewalk,Sidewalk,9 NIXON COURT,NIXON COURT,WEST STREET,OCEAN PARKWAY,11223,BROOKLYN,BROOKLYN,13 BROOKLYN,40.58493071349872,-73.96865992755065
32527470,2016-01-25T23:12:00.000,Snow,E9 Snow / Icy Sidewalk,Sidewalk,344 FOREST AVENUE,FOREST AVENUE,HART BOULEVARD,OAKWOOD AVENUE,10301,STATEN ISLAND,STATEN ISLAND,01 STATEN ISLAND,40.63118464213125,-74.10065678600381
32527471,2016-01-25T22:19:00.000,Snow,E9 Snow / Icy Sidewalk,Sidewalk,,,,,10301,STATEN ISLAND,STATEN ISLAND,01 STATEN ISLAND,40.62068821849776,-74.11001380166711
32527472,2016-01-25T19:42:00.000,Snow,E9 Snow / Icy Sidewalk,Sidewalk,102-09 ALSTYNE AVENUE,ALSTYNE AVENUE,102 STREET,103 STREET,11368,Corona,QUEENS,04 QUEENS,40.74353523539446,-73.86125207635307
32527473,2016-01-25T16:34:00.000,Snow,E9 Snow / Icy Sidewalk,Sidewalk,145-02 14 AVENUE,14 AVENUE,PARSONS BOULEVARD,145 PLACE,11357,Whitestone,QUEENS,07 QUEENS,40.786886941116535,-73.82216115997078
32527474,2016-01-25T16:36:00.000,Snow,E9 Snow / Icy Sidewalk,Sidewalk,,,,,11436,Jamaica,QUEENS,12 QUEENS,40.68409245686426,-73.80168507677152
32527475,2016-01-25T16:43:00.000,Snow,E9 Snow / Icy Sidewalk,Sidewalk,415 EVERGREEN AVENUE,EVERGREEN AVENUE,LINDEN STREET,GATES AVENUE,11221,BROOKLYN,BROOKLYN,04 BROOKLYN,40.69240677889639,-73.92007929566688
32527476,2016-01-25T16:29:00.000,Snow,E9 Snow / Icy Sidewalk,Sidewalk,,,,,11421,Woodhaven,QUEENS,09 QUEENS,40.689841867148395,-73.85007010334316
32527479,2016-01-25T22:04:00.000,Snow,E9 Snow / Icy Sidewalk,Sidewalk,190 BORINQUEN PLACE,BORINQUEN PLACE,SOUTH 1 STREET,GRAND STREET,11211,BROOKLYN,BROOKLYN,01 BROOKLYN,40.71077365573305,-73.95290654985587
32527480,2016-01-25T22:11:00.000,Snow,E9 Snow / Icy Sidewalk,Sidewalk,136-15 60 AVENUE,60 AVENUE,136 STREET,138 STREET,11355,Flushing,QUEENS,07 QUEENS,40.74354450339616,-73.8293284814504
32527481,2016-01-25T21:51:00.000,Snow,E9 Snow / Icy Sidewalk,Sidewalk,335 GRAHAM AVENUE,GRAHAM AVENUE,DEVOE STREET,METROPOLITAN AVENUE,11211,BROOKLYN,BROOKLYN,01 BROOKLYN,40.71441764102783,-73.94438008425787
32527482,2016-01-25T21:22:00.000,Snow,E9 Snow / Icy Sidewalk,Sidewalk,5-17 47 AVENUE,47 AVENUE,5 STREET,VERNON BOULEVARD,11101,Long Island City,QUEENS,02 QUEENS,40.745885475376646,-73.95515175104036
32527483,2016-01-25T20:22:00.000,Snow,E9 Snow / Icy Sidewalk,Sidewalk,,,,,11385,Ridgewood,QUEENS,05 QUEENS,40.71077340362805,-73.89757461354647
32527484,2016-01-25T15:34:00.000,Snow,E9 Snow / Icy Sidewalk,Sidewalk,,,,,11225,BROOKLYN,BROOKLYN,09 BROOKLYN,40.66571979466933,-73.95686016282195
32527485,2016-01-25T15:16:00.000,Snow,E9 Snow / Icy Sidewalk,Sidewalk,645 WEST  231 STREET,WEST  231 STREET,FAIRFIELD AVENUE,HENRY HUDSON PARKWAY,10463,BRONX,BRONX,08 BRONX,40.883340231733065,-73.9147253345276
32527486,2016-01-25T23:17:00.000,Snow,E9 Snow / Icy Sidewalk,Sidewalk,2850 DUDLEY AVENUE,DUDLEY AVENUE,WILLIAM PLACE,MAYFLOWER AVENUE,10461,BRONX,BRONX,10 BRONX,40.84000479421564,-73.8345057033419
32527487,2016-01-25T22:32:00.000,Snow,E9 Snow / Icy Sidewalk,Sidewalk,248 SAINT MARKS AVENUE,SAINT MARKS AVENUE,VANDERBILT AVENUE,UNDERHILL AVENUE,11238,BROOKLYN,BROOKLYN,08 BROOKLYN,40.678343806944646,-73.96762097166464
32527488,2016-01-25T22:36:00.000,Snow,E9 Snow / Icy Sidewalk,Sidewalk,,,,,11375,Forest Hills,QUEENS,06 QUEENS,40.72412012824127,-73.85561748802189
32527489,2016-01-25T22:42:00.000,Snow,E9 Snow / Icy Sidewalk,Sidewalk,3735 NEPTUNE AVENUE,NEPTUNE AVENUE,WEST 37 STREET,SEA GATE AVENUE,11224,BROOKLYN,BROOKLYN,13 BROOKLYN,40.57679382933909,-74.00413976931314
32527490,2016-01-25T22:26:00.000,Snow,E9 Snow / Icy Sidewalk,Sidewalk,46-09 28 AVENUE,28 AVENUE,46 STREET,47 STREET,11103,Astoria,QUEENS,01 QUEENS,40.763160938834076,-73.9087388090641
32527491,2016-01-25T22:04:00.000,Snow,E9 Snow / Icy Sidewalk,Sidewalk,382 KEAP STREET,KEAP STREET,SOUTH 2 STREET,GRAND STREET EXTENSION,11211,BROOKLYN,BROOKLYN,01 BROOKLYN,40.71032662342277,-73.95380501148293
32527501,2016-01-25T10:43:00.000,Snow,E9 Snow / Icy Sidewalk,Sidewalk,721 5 AVENUE,5 AVENUE,22 STREET,23 STREET,11215,BROOKLYN,BROOKLYN,07 BROOKLYN,40.6603644510109,-73.99443134233023
32527502,2016-01-25T10:29:00.000,Snow,E9 Snow / Icy Sidewalk,Sidewalk,545 HANCOCK STREET,HANCOCK STREET,LEWIS AVENUE,STUYVESANT AVENUE,11233,BROOKLYN,BROOKLYN,03 BROOKLYN,40.68443357085742,-73.93358465507093
32527503,2016-01-25T21:57:00.000,Snow,E9 Snow / Icy Sidewalk,Sidewalk,61-35 220 STREET,220 STREET,LONG ISLAND EXPRESSWAY,64 AVENUE,11364,Oakland Gardens,QUEENS,11 QUEENS,40.74840078392207,-73.75780207371719
32527504,2016-01-25T21:23:00.000,Snow,E9 Snow / Icy Sidewalk,Sidewalk,,,,,11378,Maspeth,QUEENS,05 QUEENS,40.71382236593402,-73.91015906351852
32527505,2016-01-25T11:39:00.000,Snow,E9 Snow / Icy Sidewalk,Sidewalk,530 PRESIDENT STREET,PRESIDENT STREET,3 AVENUE,4 AVENUE,11215,BROOKLYN,BROOKLYN,06 BROOKLYN,40.677460854634745,-73.98524378065014
32527506,2016-01-25T11:44:00.000,Snow,E9 Snow / Icy Sidewalk,Sidewalk,91 CHAMBERS STREET,CHAMBERS STREET,BROADWAY,CHURCH STREET,10007,NEW YORK,MANHATTAN,01 MANHATTAN,40.714642191683595,-74.00730827689773
32527508,2016-01-25T09:50:00.000,Snow,E9 Snow / Icy Sidewalk,Sidewalk,879 MYRTLE AVENUE,MYRTLE AVENUE,MARCY AVENUE,TOMPKINS AVENUE,11206,BROOKLYN,BROOKLYN,03 BROOKLYN,40.695581788919526,-73.94751156635107
32527509,2016-01-25T09:56:00.000,Snow,E9 Snow / Icy Sidewalk,Sidewalk,113-06 ROCKAWAY BEACH BOULEVARD,ROCKAWAY BEACH BOULEVARD,BEACH 113 STREET,BEACH 114 STREET,11694,Rockaway Park,QUEENS,14 QUEENS,40.580520518850285,-73.83474188977914
32527510,2016-01-25T09:17:00.000,Snow,E9 Snow / Icy Sidewalk,Sidewalk,325 15 STREET,15 STREET,6 AVENUE,7 AVENUE,11215,BROOKLYN,BROOKLYN,06 BROOKLYN,40.663668368986144,-73.98536577989779
32527511,2016-01-25T10:37:00.000,Snow,E9 Snow / Icy Sidewalk,Sidewalk,4188 BROADWAY,BROADWAY,WEST 177 STREET,WEST 178 STREET,10033,NEW YORK,MANHATTAN,12 MANHATTAN,40.848047195959,-73.93781288923482
32527512,2016-01-25T10:24:00.000,Snow,E9 Snow / Icy Sidewalk,Sidewalk,9900 GLENWOOD ROAD,GLENWOOD ROAD,EAST 99 STREET,EAST 100 STREET,11236,BROOKLYN,BROOKLYN,18 BROOKLYN,40.64624911371028,-73.900578126319
32527513,2016-01-25T09:45:00.000,Snow,E9 Snow / Icy Sidewalk,Sidewalk,8105 BAY PARKWAY,BAY PARKWAY,81 STREET,82 STREET,11214,BROOKLYN,BROOKLYN,11 BROOKLYN,40.60466424625345,-73.99096793424437
32527514,2016-01-25T09:58:00.000,Snow,E9 Snow / Icy Sidewalk,Sidewalk,56-55 REMSEN PLACE,REMSEN PLACE,56 DRIVE,GRAND AVENUE,11378,Maspeth,QUEENS,05 QUEENS,40.72418373526586,-73.90004335952742
32527518,2016-01-25T09:28:00.000,Snow,E9 Snow / Icy Sidewalk,Sidewalk,120-04 192 STREET,192 STREET,120 AVENUE,121 AVENUE,11412,Saint Albans,QUEENS,12 QUEENS,40.687835300707704,-73.75679248321984
32527519,2016-01-25T09:13:00.000,Snow,E9 Snow / Icy Sidewalk,Sidewalk,95-20 95 STREET,95 STREET,95 AVENUE,WOODHAVEN COURT,11416,Ozone Park,QUEENS,09 QUEENS,40.68664248853709,-73.84668430041421
32527520,2016-01-25T15:27:00.000,Snow,E9 Snow / Icy Sidewalk,Sidewalk,1859 TOMLINSON AVENUE,TOMLINSON AVENUE,MORRIS PARK AVENUE,RHINELANDER AVENUE,10461,BRONX,BRONX,11 BRONX,40.851011575005394,-73.85311181532984
32527522,2016-01-25T08:38:00.000,Snow,E9 Snow / Icy Sidewalk,Sidewalk,,,,,11213,BROOKLYN,BROOKLYN,03 BROOKLYN,40.679184257341525,-73.94127644054183
32527524,2016-01-25T09:03:00.000,Snow,E9 Snow / Icy Sidewalk,Sidewalk,22 CLARKSON AVENUE,CLARKSON AVENUE,FLATBUSH AVENUE,BEDFORD AVENUE,11226,BROOKLYN,BROOKLYN,14 BROOKLYN,40.65489232004915,-73.95871962754072
32527528,2016-01-25T08:19:00.000,Snow,E9 Snow / Icy Sidewalk,Sidewalk,559 FAIRVIEW AVENUE,FAIRVIEW AVENUE,BLEECKER STREET,MENAHAN STREET,11385,Ridgewood,QUEENS,05 QUEENS,40.70794404840802,-73.90790907682842
32527529,2016-01-25T15:13:00.000,Snow,E9 Snow / Icy Sidewalk,Sidewalk,30-75 48 STREET,48 STREET,30 AVENUE,31 AVENUE,11103,Astoria,QUEENS,01 QUEENS,40.75898453150684,-73.91013063592438
32527532,2016-01-25T08:47:00.000,Snow,E9 Snow / Icy Sidewalk,Sidewalk,1 WEST   81 STREET,WEST   81 STREET,CENTRAL PARK WEST,COLUMBUS AVENUE,10024,NEW YORK,MANHATTAN,07 MANHATTAN,40.78221201089412,-73.9721418685167
32527535,2016-01-25T08:35:00.000,Snow,E9 Snow / Icy Sidewalk,Sidewalk,49 EAST    4 STREET,EAST    4 STREET,VANDERBILT STREET,GREENWOOD AVENUE,11218,BROOKLYN,BROOKLYN,07 BROOKLYN,40.65153526426082,-73.97799139665126
32527545,2016-01-25T14:53:00.000,Snow,E9 Snow / Icy Sidewalk,Sidewalk,469 FLATBUSH AVENUE,FLATBUSH AVENUE,EMPIRE BOULEVARD,LEFFERTS AVENUE,11225,BROOKLYN,BROOKLYN,09 BROOKLYN,40.66265846117921,-73.96208136237439
32527546,2016-01-25T14:37:00.000,Snow,E9 Snow / Icy Sidewalk,Sidewalk,62 WEST  130 STREET,WEST  130 STREET,5 AVENUE,LENOX AVENUE,10037,NEW YORK,MANHATTAN,10 MANHATTAN,40.81035336856277,-73.94180010983864
32527551,2016-01-25T13:48:00.000,Snow,E9 Snow / Icy Sidewalk,Sidewalk,,,,,11433,Jamaica,QUEENS,12 QUEENS,40.702473911305376,-73.79992086969553
32527552,2016-01-25T13:54:00.000,Snow,E9 Snow / Icy Sidewalk,Sidewalk,32-16 42 STREET,42 STREET,BROADWAY,34 AVENUE,11103,Astoria,QUEENS,01 QUEENS,40.757862106160935,-73.91771228214287
32527553,2016-01-25T08:17:00.000,Snow,E9 Snow / Icy Sidewalk,Sidewalk,108-19 101 AVENUE,101 AVENUE,108 STREET,109 STREET,11419,South Richmond Hill,QUEENS,09 QUEENS,40.6873757912508,-73.83509725872541
32527554,2016-01-25T15:12:00.000,Snow,E9 Snow / Icy Sidewalk,Sidewalk,19 CLARKSON AVENUE,CLARKSON AVENUE,FLATBUSH AVENUE,BEDFORD AVENUE,11226,BROOKLYN,BROOKLYN,09 BROOKLYN,40.65490606205215,-73.95877007524288
32527555,2016-01-25T14:54:00.000,Snow,E9 Snow / Icy Sidewalk,Sidewalk,49-15 87 STREET,87 STREET,CORONA AVENUE,51 AVENUE,11373,Elmhurst,QUEENS,04 QUEENS,40.73981202771212,-73.87699698231255
32527556,2016-01-25T08:29:00.000,Snow,E9 Snow / Icy Sidewalk,Sidewalk,59-01 ROOSEVELT AVENUE,ROOSEVELT AVENUE,59 STREET,60 STREET,11377,Woodside,QUEENS,02 QUEENS,40.745413461135726,-73.90541044064342
32527565,2016-01-25T13:37:00.000,Snow,E9 Snow / Icy Sidewalk,Sidewalk,821 DITMAS AVENUE,DITMAS AVENUE,EAST 8 STREET,EAST 9 STREET,11218,BROOKLYN,BROOKLYN,12 BROOKLYN,40.63644537986615,-73.97001929285203
32527566,2016-01-25T17:01:00.000,Snow,E9 Snow / Icy Sidewalk,Sidewalk,93-02 75 STREET,75 STREET,93 AVENUE,ATLANTIC AVENUE,11421,Woodhaven,QUEENS,09 QUEENS,40.684291075168574,-73.86489081241139
32527567,2016-01-25T13:27:00.000,Snow,E9 Snow / Icy Sidewalk,Sidewalk,214-15 15 AVENUE,15 AVENUE,BELL BOULEVARD,215 STREET,11360,Bayside,QUEENS,07 QUEENS,40.78727236242849,-73.77990561199714
32527568,2016-01-25T13:02:00.000,Snow,E9 Snow / Icy Sidewalk,Sidewalk,5-22 115 STREET,115 STREET,POPPENHUSEN AVENUE,BAY PARK DRIVE,11356,College Point,QUEENS,07 QUEENS,40.79067555530959,-73.85189789586265
32527571,2016-01-25T08:12:00.000,Snow,E9 Snow / Icy Sidewalk,Sidewalk,90-57 186 STREET,186 STREET,90 AVENUE,JAMAICA AVENUE,11423,Hollis,QUEENS,12 QUEENS,40.710857404330135,-73.7737590201623
32527572,2016-01-25T14:01:00.000,Snow,E9 Snow / Icy Sidewalk,Sidewalk,117-05 CURZON ROAD,CURZON ROAD,117 STREET,118 STREET,11418,Richmond Hill,QUEENS,09 QUEENS,40.70504931879464,-73.83505353987621
32527579,2016-01-25T17:32:00.000,Snow,E9 Snow / Icy Sidewalk,Sidewalk,43-18 44 STREET,44 STREET,43 AVENUE,QUEENS BOULEVARD,11104,Sunnyside,QUEENS,02 QUEENS,40.74467815583722,-73.92030169187393
32527580,2016-01-25T17:35:00.000,Snow,E9 Snow / Icy Sidewalk,Sidewalk,,,,,11379,Middle Village,QUEENS,05 QUEENS,40.712832417911116,-73.8782912366146
32527583,2016-01-25T13:52:00.000,Snow,E9 Snow / Icy Sidewalk,Sidewalk,250-12 FRANCIS LEWIS BOULEVARD,FRANCIS LEWIS BOULEVARD,250 STREET,CANEY LANE,11422,Rosedale,QUEENS,13 QUEENS,40.661955393342126,-73.7323732451125
32527584,2016-01-25T13:54:00.000,Snow,E9 Snow / Icy Sidewalk,Sidewalk,872 LAFAYETTE AVENUE,LAFAYETTE AVENUE,MARCUS GARVEY BOULEVARD,LEWIS AVENUE,11221,BROOKLYN,BROOKLYN,03 BROOKLYN,40.69141046442543,-73.93793734544816
32527585,2016-01-25T13:32:00.000,Snow,E9 Snow / Icy Sidewalk,Sidewalk,375 VERNON AVENUE,VERNON AVENUE,LEWIS AVENUE,STUYVESANT AVENUE,11206,BROOKLYN,BROOKLYN,03 BROOKLYN,40.69615507521595,-73.9359386753635
32527586,2016-01-25T13:44:00.000,Snow,E9 Snow / Icy Sidewalk,Sidewalk,164-09 32 AVENUE,32 AVENUE,164 STREET,165 STREET,11358,Flushing,QUEENS,07 QUEENS,40.76918391108448,-73.80069882070794
32527587,2016-01-25T13:20:00.000,Snow,E9 Snow / Icy Sidewalk,Sidewalk,,,,,10025,NEW YORK,MANHATTAN,09 MANHATTAN,40.80482700063083,-73.96621573139899
32527591,2016-01-25T12:39:00.000,Snow,E9 Snow / Icy Sidewalk,Sidewalk,,,,,11217,BROOKLYN,BROOKLYN,06 BROOKLYN,40.681223226488136,-73.9804621391644
32527592,2016-01-25T16:18:00.000,Snow,E9 Snow / Icy Sidewalk,Sidewalk,5702 3 AVENUE,3 AVENUE,57 STREET,58 STREET,11220,BROOKLYN,BROOKLYN,07 BROOKLYN,40.64366929006096,-74.01875933871693
32527594,2016-01-25T17:05:00.000,Snow,E9 Snow / Icy Sidewalk,Sidewalk,31-13 45 STREET,45 STREET,31 AVENUE,NEWTOWN ROAD,11103,Astoria,QUEENS,01 QUEENS,40.7591214798603,-73.91333582472501
32527596,2016-01-25T12:55:00.000,Snow,E9 Snow / Icy Sidewalk,Sidewalk,160 WEST   85 STREET,WEST   85 STREET,COLUMBUS AVENUE,AMSTERDAM AVENUE,10024,NEW YORK,MANHATTAN,07 MANHATTAN,40.78649155707408,-73.97432120472271
32527598,2016-01-25T17:47:00.000,Snow,E9 Snow / Icy Sidewalk,Sidewalk,9201 5 AVENUE,5 AVENUE,92 STREET,94 STREET,11209,BROOKLYN,BROOKLYN,10 BROOKLYN,40.61768487225237,-74.0294716022876
32527599,2016-01-25T17:54:00.000,Snow,E9 Snow / Icy Sidewalk,Sidewalk,242-32 54 AVENUE,54 AVENUE,DOUGLASTON PARKWAY,244 STREET,11362,Little Neck,QUEENS,11 QUEENS,40.75779727558869,-73.73947808317843
32527603,2016-01-25T12:57:00.000,Snow,E9 Snow / Icy Sidewalk,Sidewalk,503 EAST    5 STREET,EAST    5 STREET,AVENUE C,CORTELYOU ROAD,11218,BROOKLYN,BROOKLYN,12 BROOKLYN,40.63987202838967,-73.97483523495826
32527604,2016-01-25T16:30:00.000,Snow,E9 Snow / Icy Sidewalk,Sidewalk,85-26 68 AVENUE,68 AVENUE,WOODHAVEN BOULEVARD,ALDERTON STREET,11374,Rego Park,QUEENS,06 QUEENS,40.71584126270853,-73.85952049901941
32527605,2016-01-25T16:31:00.000,Snow,E9 Snow / Icy Sidewalk,Sidewalk,163 BAY   46 STREET,BAY   46 STREET,HARWAY AVENUE,CROPSEY AVENUE,11214,BROOKLYN,BROOKLYN,13 BROOKLYN,40.58912017816667,-73.98796004880447
32527609,2016-01-25T16:19:00.000,Snow,E9 Snow / Icy Sidewalk,Sidewalk,,,,,11218,BROOKLYN,BROOKLYN,12 BROOKLYN,40.639297275955855,-73.98408839571341
32527611,2016-01-25T15:55:00.000,Snow,E9 Snow / Icy Sidewalk,Sidewalk,631 EAST   17 STREET,EAST   17 STREET,NEWKIRK AVENUE,FOSTER AVENUE,11226,BROOKLYN,BROOKLYN,14 BROOKLYN,40.63528175281798,-73.96136551842687
32527612,2016-01-25T15:58:00.000,Snow,E9 Snow / Icy Sidewalk,Sidewalk,4166 BEDFORD AVENUE,BEDFORD AVENUE,AVENUE T,AVENUE U,11229,BROOKLYN,BROOKLYN,15 BROOKLYN,40.60053507491004,-73.9467616387043
32527613,2016-01-25T13:44:00.000,Snow,E9 Snow / Icy Sidewalk,Sidewalk,,,,,10309,STATEN ISLAND,STATEN ISLAND,03 STATEN ISLAND,40.52864830788768,-74.21682543643178
32527614,2016-01-25T09:12:00.000,Snow,E9 Snow / Icy Sidewalk,Sidewalk,205-01 35 AVENUE,35 AVENUE,205 STREET,CLEARVIEW EXPRESSWAY,11361,Bayside,QUEENS,11 QUEENS,40.766752268186806,-73.78259795171651
32527616,2016-01-25T16:27:00.000,Snow,E9 Snow / Icy Sidewalk,Sidewalk,435 TOMPKINS AVENUE,TOMPKINS AVENUE,HANCOCK STREET,HALSEY STREET,11216,BROOKLYN,BROOKLYN,03 BROOKLYN,40.682619206747205,-73.94375400850723
32527617,2016-01-25T16:03:00.000,Snow,E9 Snow / Icy Sidewalk,Sidewalk,,,,,11206,BROOKLYN,BROOKLYN,01 BROOKLYN,40.704112680317785,-73.94785469693444
32527619,2016-01-25T20:36:00.000,Snow,E9 Snow / Icy Sidewalk,Sidewalk,323 WEST  101 STREET,WEST  101 STREET,WEST END AVENUE,RIVERSIDE DRIVE,10025,NEW YORK,MANHATTAN,07 MANHATTAN,40.798666488726,-73.9713837285791
32527620,2016-01-25T15:18:00.000,Snow,E9 Snow / Icy Sidewalk,Sidewalk,,,,,,,QUEENS,05 QUEENS,,
32527621,2016-01-25T15:50:00.000,Snow,E9 Snow / Icy Sidewalk,Sidewalk,704 DEKALB AVENUE,DEKALB AVENUE,MARCY AVENUE,TOMPKINS AVENUE,11216,BROOKLYN,BROOKLYN,03 BROOKLYN,40.691772209865235,-73.94786434805324
32527622,2016-01-25T09:09:00.000,Snow,E9 Snow / Icy Sidewalk,Sidewalk,,,,,11220,BROOKLYN,BROOKLYN,10 BROOKLYN,40.634357258430654,-74.01074386128661
32527623,2016-01-25T12:39:00.000,Snow,E9 Snow / Icy Sidewalk,Sidewalk,366 NEAL DOW AVENUE,NEAL DOW AVENUE,SEWARD PLACE,DEAD END,10314,STATEN ISLAND,STATEN ISLAND,01 STATEN ISLAND,40.61463219880809,-74.1365422037019
32527627,2016-01-25T23:10:00.000,Snow,E9 Snow / Icy Sidewalk,Sidewalk,850 METROPOLITAN AVENUE,METROPOLITAN AVENUE,ORIENT AVENUE,OLIVE STREET,11211,BROOKLYN,BROOKLYN,01 BROOKLYN,40.71465713656671,-73.94030008933848
32527628,2016-01-25T22:51:00.000,Snow,E9 Snow / Icy Sidewalk,Sidewalk,74-08 METROPOLITAN AVENUE,METROPOLITAN AVENUE,74 STREET,75 STREET,11379,Middle Village,QUEENS,05 QUEENS,40.71283503294221,-73.87816858874122
32527629,2016-01-25T22:36:00.000,Snow,E9 Snow / Icy Sidewalk,Sidewalk,2170 EAST    8 STREET,EAST    8 STREET,AVENUE U,AVENUE V,11223,BROOKLYN,BROOKLYN,15 BROOKLYN,40.59672336662811,-73.96278496772862
32527630,2016-01-25T22:38:00.000,Snow,E9 Snow / Icy Sidewalk,Sidewalk,,,,,11103,Astoria,QUEENS,01 QUEENS,40.76132003932433,-73.91709073873514
32527636,2016-01-25T21:35:00.000,Snow,E9 Snow / Icy Sidewalk,Sidewalk,,,,,11358,Flushing,QUEENS,07 QUEENS,40.760787071008224,-73.80675945203693
32527637,2016-01-25T20:31:00.000,Snow,E9 Snow / Icy Sidewalk,Sidewalk,,,,,11217,BROOKLYN,BROOKLYN,06 BROOKLYN,40.6791024848477,-73.9873921892836
32527638,2016-01-25T20:42:00.000,Snow,E9 Snow / Icy Sidewalk,Sidewalk,,,,,10471,BRONX,BRONX,08 BRONX,40.895805602326625,-73.89670714663886
32527639,2016-01-25T20:43:00.000,Snow,E9 Snow / Icy Sidewalk,Sidewalk,,,,,11415,Kew Gardens,QUEENS,09 QUEENS,40.71060222440439,-73.82772113031032
32527640,2016-01-25T19:53:00.000,Snow,E9 Snow / Icy Sidewalk,Sidewalk,,,,,11235,BROOKLYN,BROOKLYN,13 BROOKLYN,40.57799452613772,-73.95963472224898
32527641,2016-01-25T20:14:00.000,Snow,E9 Snow / Icy Sidewalk,Sidewalk,64-66 MYRTLE AVENUE,MYRTLE AVENUE,64 PLACE,CYPRESS HILLS STREET,11385,Ridgewood,QUEENS,05 QUEENS,40.70106752599111,-73.89117353996188
32527642,2016-01-25T20:18:00.000,Snow,E9 Snow / Icy Sidewalk,Sidewalk,134-12 59 AVENUE,59 AVENUE,LAWRENCE STREET,136 STREET,11355,Flushing,QUEENS,07 QUEENS,40.744392528716496,-73.83111991335632
32527645,2016-01-25T11:18:00.000,Snow,E9 Snow / Icy Sidewalk,Sidewalk,1639 CARROLL STREET,CARROLL STREET,SCHENECTADY AVENUE,UTICA AVENUE,11213,BROOKLYN,BROOKLYN,09 BROOKLYN,40.66617171650029,-73.93210691954278
32527646,2016-01-25T11:20:00.000,Snow,E9 Snow / Icy Sidewalk,Sidewalk,,,,,10309,STATEN ISLAND,STATEN ISLAND,03 STATEN ISLAND,40.52840612069437,-74.20827769411032
32527647,2016-01-25T10:31:00.000,Snow,E9 Snow / Icy Sidewalk,Sidewalk,39-09 216 STREET,216 STREET,39 AVENUE,40 AVENUE,11361,Bayside,QUEENS,11 QUEENS,40.765884904529834,-73.7671354076894
32527648,2016-01-25T10:15:00.000,Snow,E9 Snow / Icy Sidewalk,Sidewalk,847 MYRTLE AVENUE,MYRTLE AVENUE,MARCY AVENUE,TOMPKINS AVENUE,11206,BROOKLYN,BROOKLYN,03 BROOKLYN,40.69547788731053,-73.9483951691177
32527649,2016-01-25T10:21:00.000,Snow,E9 Snow / Icy Sidewalk,Sidewalk,,,,,10007,NEW YORK,MANHATTAN,Unspecified MANHATTAN,40.71717511862166,-74.01286752934263
32527651,2016-01-25T10:04:00.000,Snow,E9 Snow / Icy Sidewalk,Sidewalk,,,,,11367,Flushing,QUEENS,08 QUEENS,40.71727661711238,-73.82531578342753
32527652,2016-01-25T09:49:00.000,Snow,E9 Snow / Icy Sidewalk,Sidewalk,1973 HOMECREST AVENUE,HOMECREST AVENUE,AVENUE S,AVENUE T,11229,BROOKLYN,BROOKLYN,15 BROOKLYN,40.60158338207162,-73.95975370318484
32527653,2016-01-25T09:54:00.000,Snow,E9 Snow / Icy Sidewalk,Sidewalk,120 DEBS PLACE,DEBS PLACE,DREISER LOOP,DEAD END,10475,BRONX,BRONX,10 BRONX,40.8764830071359,-73.82774333049419
32527654,2016-01-25T09:36:00.000,Snow,E9 Snow / Icy Sidewalk,Sidewalk,3326 BAINBRIDGE AVENUE,BAINBRIDGE AVENUE,EAST 208 STREET,EAST 210 STREET,10467,BRONX,BRONX,07 BRONX,40.878414909267555,-73.87936949599708
32527655,2016-01-25T09:43:00.000,Snow,E9 Snow / Icy Sidewalk,Sidewalk,188-20A 69 AVENUE,69 AVENUE,188 STREET,71 CRESCENT,11365,Fresh Meadows,QUEENS,08 QUEENS,40.735406135802364,-73.78351211141211
32527659,2016-01-25T09:23:00.000,Snow,E9 Snow / Icy Sidewalk,Sidewalk,41-01 QUEENS BOULEVARD,QUEENS BOULEVARD,41 STREET,42 STREET,11104,Sunnyside,QUEENS,02 QUEENS,40.7436920126583,-73.9231971440367
32527660,2016-01-25T09:27:00.000,Snow,E9 Snow / Icy Sidewalk,Sidewalk,,,,,11217,BROOKLYN,BROOKLYN,02 BROOKLYN,40.685957926070195,-73.98027325587533
32527662,2016-01-25T08:47:00.000,Snow,E9 Snow / Icy Sidewalk,Sidewalk,1136 HANCOCK STREET,HANCOCK STREET,EVERGREEN AVENUE,CENTRAL AVENUE,11221,BROOKLYN,BROOKLYN,04 BROOKLYN,40.690200455837875,-73.9131549609451
32527663,2016-01-25T08:51:00.000,Snow,E9 Snow / Icy Sidewalk,Sidewalk,5 MONTROSE AVENUE,MONTROSE AVENUE,NEW MONTROSE AVENUE,LORIMER STREET,11211,BROOKLYN,BROOKLYN,01 BROOKLYN,40.70668553734827,-73.95013940460528
32527665,2016-01-25T08:54:00.000,Snow,E9 Snow / Icy Sidewalk,Sidewalk,120 UNION AVENUE,UNION AVENUE,MIDDLETON STREET,LYNCH STREET,11206,BROOKLYN,BROOKLYN,01 BROOKLYN,40.70370475326015,-73.95021016045811
32527670,2016-01-25T08:57:00.000,Snow,E9 Snow / Icy Sidewalk,Sidewalk,13-17 CROSS BAY BOULEVARD,CROSS BAY BOULEVARD,13 ROAD,WEST 14 ROAD,11693,Far Rockaway,QUEENS,14 QUEENS,40.6031348512368,-73.82004692831946
32527671,2016-01-25T15:22:00.000,Snow,E9 Snow / Icy Sidewalk,Sidewalk,,,,,11375,Forest Hills,QUEENS,06 QUEENS,40.73445013529491,-73.85245225650061
32527673,2016-01-25T08:32:00.000,Snow,E9 Snow / Icy Sidewalk,Sidewalk,49 KEW GARDENS ROAD,KEW GARDENS ROAD,82 AVENUE,82 ROAD,11415,Kew Gardens,QUEENS,09 QUEENS,40.71182269323661,-73.82892274681376
32527675,2016-01-25T14:48:00.000,Snow,E9 Snow / Icy Sidewalk,Sidewalk,86-45 106 STREET,106 STREET,86 AVENUE,JAMAICA AVENUE,11418,Richmond Hill,QUEENS,09 QUEENS,40.69645655459006,-73.84171032894034
32527676,2016-01-25T14:49:00.000,Snow,E9 Snow / Icy Sidewalk,Sidewalk,430 EAST   84 STREET,EAST   84 STREET,1 AVENUE,YORK AVENUE,10028,NEW YORK,MANHATTAN,08 MANHATTAN,40.77520798921378,-73.94952124616124
32527700,2016-01-25T13:36:00.000,Snow,E9 Snow / Icy Sidewalk,Sidewalk,3132 FORT HAMILTON PARKWAY,FORT HAMILTON PARKWAY,EAST 2 STREET,MC DONALD AVENUE,11218,BROOKLYN,BROOKLYN,07 BROOKLYN,40.647950886260205,-73.97966827099455
32527701,2016-01-25T17:22:00.000,Snow,E9 Snow / Icy Sidewalk,Sidewalk,239 UNDERHILL AVENUE,UNDERHILL AVENUE,ST JOHNS PLACE,LINCOLN PLACE,11238,BROOKLYN,BROOKLYN,08 BROOKLYN,40.673803813251304,-73.96714010098047
32527709,2016-01-25T13:25:00.000,Snow,E9 Snow / Icy Sidewalk,Sidewalk,37 WEST  127 STREET,WEST  127 STREET,5 AVENUE,LENOX AVENUE,10027,NEW YORK,MANHATTAN,10 MANHATTAN,40.80825954032908,-73.94258942621214
32527723,2016-01-25T12:55:00.000,Snow,E9 Snow / Icy Sidewalk,Sidewalk,94 4 AVENUE,4 AVENUE,ST MARKS PLACE,WARREN STREET,11217,BROOKLYN,BROOKLYN,02 BROOKLYN,40.68154158565757,-73.9802601404752
32527724,2016-01-25T18:57:00.000,Snow,E9 Snow / Icy Sidewalk,Sidewalk,458 5 AVENUE,5 AVENUE,9 STREET,10 STREET,11215,BROOKLYN,BROOKLYN,06 BROOKLYN,40.66872989937024,-73.98668401199191
32527725,2016-01-25T18:31:00.000,Snow,E9 Snow / Icy Sidewalk,Sidewalk,20 NORTH    5 STREET,NORTH    5 STREET,NORTHSIDE PIERS,KENT AVENUE,11249,BROOKLYN,BROOKLYN,01 BROOKLYN,40.71937673052651,-73.96316020360678
32527726,2016-01-25T18:38:00.000,Snow,E9 Snow / Icy Sidewalk,Sidewalk,1080 LORIMER STREET,LORIMER STREET,MESEROLE AVENUE,CALYER STREET,11222,BROOKLYN,BROOKLYN,01 BROOKLYN,40.727514361441855,-73.9539338066327
32527733,2016-01-25T16:49:00.000,Snow,E9 Snow / Icy Sidewalk,Sidewalk,9803 GLENWOOD ROAD,GLENWOOD ROAD,EAST 98 STREET,EAST 99 STREET,11236,BROOKLYN,BROOKLYN,18 BROOKLYN,40.64578862653385,-73.90131753492264
32527734,2016-01-25T16:31:00.000,Snow,E9 Snow / Icy Sidewalk,Sidewalk,1543 DECATUR STREET,DECATUR STREET,IRVING AVENUE,BEND,11385,Ridgewood,QUEENS,05 QUEENS,40.69372454088398,-73.90261691007524
32527735,2016-01-25T16:20:00.000,Snow,E9 Snow / Icy Sidewalk,Sidewalk,76 BUTLER STREET,BUTLER STREET,SMITH STREET,HOYT STREET,11231,BROOKLYN,BROOKLYN,06 BROOKLYN,40.68391170593577,-73.99153409365948
32527742,2016-01-25T11:58:00.000,Snow,E9 Snow / Icy Sidewalk,Sidewalk,505 HERKIMER STREET,HERKIMER STREET,ALBANY AVENUE,TROY AVENUE,11213,BROOKLYN,BROOKLYN,03 BROOKLYN,40.67894576900024,-73.93667987481292
32527744,2016-01-25T15:31:00.000,Snow,E9 Snow / Icy Sidewalk,Sidewalk,1869 TOMLINSON AVENUE,TOMLINSON AVENUE,MORRIS PARK AVENUE,RHINELANDER AVENUE,10461,BRONX,BRONX,11 BRONX,40.85115169731534,-73.85322356011706
32527745,2016-01-25T14:13:00.000,Snow,E9 Snow / Icy Sidewalk,Sidewalk,,,,,11218,BROOKLYN,BROOKLYN,07 BROOKLYN,40.647692997464205,-73.98036384915527
32527746,2016-01-25T10:20:00.000,Snow,E9 Snow / Icy Sidewalk,Sidewalk,68-14 150 STREET,150 STREET,MELBOURNE AVENUE,69 ROAD,11367,Flushing,QUEENS,08 QUEENS,40.732383473836194,-73.8197664408346
32527755,2016-01-25T09:11:00.000,Snow,E9 Snow / Icy Sidewalk,Sidewalk,,,,,11204,BROOKLYN,BROOKLYN,12 BROOKLYN,40.626599685772966,-73.98270086337442
32528984,2016-01-26T11:32:00.000,Snow,E9 Snow / Icy Sidewalk,Sidewalk,,,,,11220,BROOKLYN,BROOKLYN,10 BROOKLYN,40.6358964297921,-74.01630712203558
32528986,2016-01-26T12:37:00.000,Snow,E9 Snow / Icy Sidewalk,Sidewalk,245-37 60 AVENUE,60 AVENUE,61 AVENUE,246 PLACE,11362,Little Neck,QUEENS,11 QUEENS,40.75720962597101,-73.7321782297495
32528987,2016-01-26T12:33:00.000,Snow,E9 Snow / Icy Sidewalk,Sidewalk,,,,,11372,Jackson Heights,QUEENS,03 QUEENS,40.74753565069028,-73.88485401338326
32528988,2016-01-26T14:08:00.000,Snow,E9 Snow / Icy Sidewalk,Sidewalk,237 ARLINGTON AVENUE,ARLINGTON AVENUE,ASHFORD STREET,CLEVELAND STREET,11207,BROOKLYN,BROOKLYN,05 BROOKLYN,40.680652409776975,-73.88601506692605
32528989,2016-01-26T14:30:00.000,Snow,E9 Snow / Icy Sidewalk,Sidewalk,,,,,10024,NEW YORK,MANHATTAN,07 MANHATTAN,40.78648556883817,-73.97217258063515
32528990,2016-01-26T18:51:00.000,Snow,15S Re-Plow/Spread/Ice-Snow Cond.,Street,,,,,,,QUEENS,12 QUEENS,,
32528991,2016-01-26T19:14:00.000,Snow,E9 Snow / Icy Sidewalk,Sidewalk,,,,,11413,Springfield Gardens,QUEENS,12 QUEENS,40.68783387885159,-73.74972870994662
32528992,2016-01-26T19:31:00.000,Snow,15S Re-Plow/Spread/Ice-Snow Cond.,Street,,,,,11234,BROOKLYN,BROOKLYN,18 BROOKLYN,40.60880889572554,-73.92411584381327
32528993,2016-01-26T21:47:00.000,Snow,E9 Snow / Icy Sidewalk,Sidewalk,91 DIAMOND STREET,DIAMOND STREET,NASSAU AVENUE,NORMAN AVENUE,11222,BROOKLYN,BROOKLYN,01 BROOKLYN,40.72573000004148,-73.94693221289502
32528994,2016-01-26T12:19:00.000,Snow,E9 Snow / Icy Sidewalk,Sidewalk,,,,,10456,BRONX,BRONX,03 BRONX,40.836232777526845,-73.90740264212646
32528995,2016-01-26T13:16:00.000,Snow,E9 Snow / Icy Sidewalk,Sidewalk,499 EAST  188 STREET,EAST  188 STREET,WASHINGTON AVENUE,BATHGATE AVENUE,10458,BRONX,BRONX,06 BRONX,40.858103796763906,-73.89000559896476
32528996,2016-01-26T13:36:00.000,Snow,E9 Snow / Icy Sidewalk,Sidewalk,154 RIVINGTON STREET,RIVINGTON STREET,SUFFOLK STREET,CLINTON STREET,10002,NEW YORK,MANHATTAN,03 MANHATTAN,40.71923075351159,-73.985530347042
32528997,2016-01-26T18:26:00.000,Snow,E9 Snow / Icy Sidewalk,Sidewalk,,,,,,,STATEN ISLAND,03 STATEN ISLAND,,
32528998,2016-01-26T19:28:00.000,Snow,E9 Snow / Icy Sidewalk,Sidewalk,,,,,10466,BRONX,BRONX,12 BRONX,40.89290519150942,-73.8436550269186
32528999,2016-01-26T19:57:00.000,Snow,E9 Snow / Icy Sidewalk,Sidewalk,61 HILLCREST STREET,HILLCREST STREET,MONTICELLO TERRACE,WIMAN AVENUE,10308,STATEN ISLAND,STATEN ISLAND,03 STATEN ISLAND,40.54359690617039,-74.1495334146811
32529005,2016-01-26T13:26:00.000,Snow,15S Re-Plow/Spread/Ice-Snow Cond.,Street,,,,,10314,STATEN ISLAND,STATEN ISLAND,02 STATEN ISLAND,40.608094348790154,-74.15976566055188
32529006,2016-01-26T11:40:00.000,Snow,E9 Snow / Icy Sidewalk,Sidewalk,,,,,11215,BROOKLYN,BROOKLYN,06 BROOKLYN,40.671051251303815,-73.981424018775
32529007,2016-01-26T12:02:00.000,Snow,E9 Snow / Icy Sidewalk,Sidewalk,60-91 60 STREET,60 STREET,58 STREET,62 AVENUE,11378,Maspeth,QUEENS,05 QUEENS,40.71426068580535,-73.90567469127386
32529008,2016-01-26T14:01:00.000,Snow,E9 Snow / Icy Sidewalk,Sidewalk,,,,,10453,BRONX,BRONX,05 BRONX,40.85769841077677,-73.90650877007091
32529009,2016-01-26T18:25:00.000,Snow,E9 Snow / Icy Sidewalk,Sidewalk,,,,,10469,BRONX,BRONX,11 BRONX,40.86531728934466,-73.84910325175186
32529010,2016-01-26T12:18:00.000,Snow,E9 Snow / Icy Sidewalk,Sidewalk,3060 KINGSBRIDGE TERRACE,KINGSBRIDGE TERRACE,ALBANY CRESCENT,PEROT STREET,10463,BRONX,BRONX,08 BRONX,40.8769067502404,-73.90106130242984
32529011,2016-01-26T12:35:00.000,Snow,E9 Snow / Icy Sidewalk,Sidewalk,743 EAST  224 STREET,EAST  224 STREET,WHITE PLAINS ROAD,BARNES AVENUE,10466,BRONX,BRONX,12 BRONX,40.88669794596237,-73.85956451751292
32529012,2016-01-26T12:33:00.000,Snow,E9 Snow / Icy Sidewalk,Sidewalk,215 COZINE AVENUE,COZINE AVENUE,VERMONT STREET,VAN SICLEN AVENUE,11207,BROOKLYN,BROOKLYN,05 BROOKLYN,40.65551660248385,-73.88415147136058
32529017,2016-01-26T11:06:00.000,Snow,E9 Snow / Icy Sidewalk,Sidewalk,84-51 BEACH CHANNEL DRIVE,BEACH CHANNEL DRIVE,JAVA PLACE,BEACH 85 STREET,11693,Far Rockaway,QUEENS,14 QUEENS,40.59044211359707,-73.81102216618413
32529019,2016-01-26T19:37:00.000,Snow,E9 Snow / Icy Sidewalk,Sidewalk,,,,,11375,Forest Hills,QUEENS,06 QUEENS,40.721453503515995,-73.84397787334406
32529021,2016-01-26T14:44:00.000,Snow,E9 Snow / Icy Sidewalk,Sidewalk,,,,,11223,BROOKLYN,BROOKLYN,15 BROOKLYN,40.602808118770355,-73.9706610066716
32529022,2016-01-26T14:47:00.000,Snow,E9 Snow / Icy Sidewalk,Sidewalk,3117 KINGS HIGHWAY,KINGS HIGHWAY,AVENUE N,EAST 32 STREET,11234,BROOKLYN,BROOKLYN,18 BROOKLYN,40.617559394864415,-73.94331895802614
32529023,2016-01-26T18:29:00.000,Snow,E9 Snow / Icy Sidewalk,Sidewalk,3166 BEDFORD AVENUE,BEDFORD AVENUE,AVENUE J,AVENUE K,11210,BROOKLYN,BROOKLYN,14 BROOKLYN,40.62521833351864,-73.95143228999936
32529024,2016-01-26T18:19:00.000,Snow,E9 Snow / Icy Sidewalk,Sidewalk,163-03 26 AVENUE,26 AVENUE,163 STREET,BAYSIDE LANE,11358,Flushing,QUEENS,07 QUEENS,40.77323549759853,-73.80089609994147
32529025,2016-01-26T19:40:00.000,Snow,E9 Snow / Icy Sidewalk,Sidewalk,,,,,11218,BROOKLYN,BROOKLYN,07 BROOKLYN,40.65063768994129,-73.97783312625334
32529027,2016-01-26T21:55:00.000,Snow,15S Re-Plow/Spread/Ice-Snow Cond.,Street,,,,,10001,NEW YORK,MANHATTAN,04 MANHATTAN,40.7515235264882,-73.99394730218468
32529033,2016-01-26T15:18:00.000,Snow,15S Re-Plow/Spread/Ice-Snow Cond.,Street,97-27 DREW STREET,DREW STREET,101 AVENUE,97 AVENUE,11416,Ozone Park,QUEENS,09 QUEENS,40.68025743521465,-73.86356499077104
32529040,2016-01-26T15:54:00.000,Snow,15S Re-Plow/Spread/Ice-Snow Cond.,Street,VICTORIA ROAD,VICTORIA ROAD,MANCHESTER DRIVE,VESPA AVENUE,,,STATEN ISLAND,03 STATEN ISLAND,,
32529053,2016-01-26T09:31:00.000,Snow,E9 Snow / Icy Sidewalk,Sidewalk,90 CHAUNCEY STREET,CHAUNCEY STREET,STUYVESANT AVENUE,MALCOLM X BOULEVARD,11233,BROOKLYN,BROOKLYN,03 BROOKLYN,40.68028161864427,-73.93044489284576
32529055,2016-01-26T10:37:00.000,Snow,E9 Snow / Icy Sidewalk,Sidewalk,,,,,10065,NEW YORK,MANHATTAN,08 MANHATTAN,40.76623962965743,-73.96023181027161
32529074,2016-01-26T11:05:00.000,Snow,E9 Snow / Icy Sidewalk,Sidewalk,2232 85 STREET,85 STREET,BAY PARKWAY,23 AVENUE,11214,BROOKLYN,BROOKLYN,11 BROOKLYN,40.60201836377889,-73.99236554203418
32529075,2016-01-26T11:18:00.000,Snow,E9 Snow / Icy Sidewalk,Sidewalk,34-30 150 PLACE,150 PLACE,34 AVENUE,35 AVENUE,11354,Flushing,QUEENS,07 QUEENS,40.76701087443575,-73.81432258080022
32529078,2016-01-26T10:56:00.000,Snow,E9 Snow / Icy Sidewalk,Sidewalk,4595 KINGSHIGWY,KINGSHIGWY,AVENUE I,EAST 46 STREET,11234,BROOKLYN,BROOKLYN,18 BROOKLYN,40.630511520885165,-73.93217562142901
32529343,2016-01-26T11:18:00.000,Snow,E9 Snow / Icy Sidewalk,Sidewalk,150-35 114 STREET,114 STREET,150 AVENUE,NORTH CONDUIT AVENUE,11420,South Ozone Park,QUEENS,10 QUEENS,40.66718537802731,-73.82772873455431
32529348,2016-01-26T11:17:00.000,Snow,E9 Snow / Icy Sidewalk,Sidewalk,621 EMERALD STREET,EMERALD STREET,LORING AVENUE,STANLEY AVENUE,11208,BROOKLYN,BROOKLYN,05 BROOKLYN,40.66747708787589,-73.85847606630733
32529349,2016-01-26T11:41:00.000,Snow,E9 Snow / Icy Sidewalk,Sidewalk,52 METROPOLITAN AVENUE,METROPOLITAN AVENUE,KENT AVENUE,WYTHE AVENUE,11249,BROOKLYN,BROOKLYN,01 BROOKLYN,40.71739818942124,-73.96453210683333
32529350,2016-01-26T18:43:00.000,Snow,E9 Snow / Icy Sidewalk,Sidewalk,25 THAYER STREET,THAYER STREET,NAGLE AVENUE,SHERMAN AVENUE,10040,NEW YORK,MANHATTAN,12 MANHATTAN,40.86213166038579,-73.9262092427449
32529351,2016-01-26T18:33:00.000,Snow,E9 Snow / Icy Sidewalk,Sidewalk,3827 RICHMOND AVENUE,RICHMOND AVENUE,WILSON AVENUE,SYLVIA STREET,10312,STATEN ISLAND,STATEN ISLAND,03 STATEN ISLAND,40.54490614426812,-74.16556582392478
32529353,2016-01-26T18:23:00.000,Snow,E9 Snow / Icy Sidewalk,Sidewalk,96-15 ROCKAWAY BEACH BOULEVARD,ROCKAWAY BEACH BOULEVARD,BEACH 96 STREET,BEACH 97 STREET,11693,Far Rockaway,QUEENS,14 QUEENS,40.58521116171276,-73.8182302901481
32529355,2016-01-26T11:47:00.000,Snow,E9 Snow / Icy Sidewalk,Sidewalk,643 MEAD STREET,MEAD STREET,GARFIELD STREET,UNIONPORT ROAD,10460,BRONX,BRONX,11 BRONX,40.842768596316255,-73.86613750961517
32529356,2016-01-26T19:29:00.000,Snow,15S Re-Plow/Spread/Ice-Snow Cond.,Street,14-23 155 STREET,155 STREET,14 AVENUE,CRYDERS LANE,11357,Whitestone,QUEENS,07 QUEENS,40.7887011061115,-73.80675065800071
32529357,2016-01-26T12:05:00.000,Snow,E9 Snow / Icy Sidewalk,Sidewalk,,,,,,,QUEENS,05 QUEENS,,
32529358,2016-01-26T12:04:00.000,Snow,E9 Snow / Icy Sidewalk,Sidewalk,1193 EAST   39 STREET,EAST   39 STREET,AVENUE I,AVENUE J,11210,BROOKLYN,BROOKLYN,18 BROOKLYN,40.62797338146394,-73.93846106695307
32529359,2016-01-26T12:04:00.000,Snow,E9 Snow / Icy Sidewalk,Sidewalk,702 LAFAYETTE AVENUE,LAFAYETTE AVENUE,TOMPKINS AVENUE,THROOP AVENUE,11221,BROOKLYN,BROOKLYN,03 BROOKLYN,40.69062072232426,-73.94480019484233
32529362,2016-01-26T18:30:00.000,Snow,15S Re-Plow/Spread/Ice-Snow Cond.,Street,154-50 21 AVENUE,21 AVENUE,154 STREET,157 STREET,11357,Whitestone,QUEENS,07 QUEENS,40.779399374274895,-73.8085108186944
32529363,2016-01-26T11:32:00.000,Snow,E9 Snow / Icy Sidewalk,Sidewalk,36-44 192 STREET,192 STREET,CROCHERON AVENUE,37 AVENUE,11358,Flushing,QUEENS,11 QUEENS,40.76314051742149,-73.79018327254187
32529364,2016-01-26T19:13:00.000,Snow,E9 Snow / Icy Sidewalk,Sidewalk,,,,,11221,BROOKLYN,BROOKLYN,03 BROOKLYN,40.69467287611344,-73.931143900188
32529365,2016-01-26T20:19:00.000,Snow,E9 Snow / Icy Sidewalk,Sidewalk,149-32 41 AVENUE,41 AVENUE,149 PLACE,150 STREET,11355,Flushing,QUEENS,07 QUEENS,40.762389256941475,-73.81465674034615
32529366,2016-01-26T12:00:00.000,Snow,E9 Snow / Icy Sidewalk,Sidewalk,207-05 LINDEN BOULEVARD,LINDEN BOULEVARD,207 STREET,NASHVILLE BOULEVARD,11411,Cambria Heights,QUEENS,13 QUEENS,40.696395729921655,-73.74512742368051
32529367,2016-01-26T12:43:00.000,Snow,E9 Snow / Icy Sidewalk,Sidewalk,,,,,11236,BROOKLYN,BROOKLYN,18 BROOKLYN,40.63531380720192,-73.90049353543833
32529368,2016-01-26T19:47:00.000,Snow,E9 Snow / Icy Sidewalk,Sidewalk,1601 PRESIDENT STREET,PRESIDENT STREET,TROY AVENUE,SCHENECTADY AVENUE,11213,BROOKLYN,BROOKLYN,09 BROOKLYN,40.66723017222269,-73.9350797041627
32529369,2016-01-26T19:42:00.000,Snow,E9 Snow / Icy Sidewalk,Sidewalk,1569 3 AVENUE,3 AVENUE,EAST 88 STREET,EAST 89 STREET,10128,NEW YORK,MANHATTAN,08 MANHATTAN,40.78021584226246,-73.95295492866718
32529371,2016-01-26T12:31:00.000,Snow,E9 Snow / Icy Sidewalk,Sidewalk,1524 KINGS HIGHWAY,KINGS HIGHWAY,NYCTA SUBWAY,EAST 16 STREET,11229,BROOKLYN,BROOKLYN,15 BROOKLYN,40.60899084962696,-73.95769996361088
32529372,2016-01-26T12:59:00.000,Snow,E9 Snow / Icy Sidewalk,Sidewalk,,,,,11215,BROOKLYN,BROOKLYN,07 BROOKLYN,40.6552468744987,-73.98179603080018
32529373,2016-01-26T12:54:00.000,Snow,E9 Snow / Icy Sidewalk,Sidewalk,241-01 85 AVENUE,85 AVENUE,241 STREET,CROSS ISLAND PKWY SB EN   85 AVE,11426,Bellerose,QUEENS,13 QUEENS,40.7333431311006,-73.72485915359621
32529374,2016-01-26T07:13:00.000,Snow,E9 Snow / Icy Sidewalk,Sidewalk,,,,,11413,Springfield Gardens,QUEENS,12 QUEENS,40.68011763639642,-73.7532368707747
32529375,2016-01-26T19:43:00.000,Snow,E9 Snow / Icy Sidewalk,Sidewalk,796 DELAFIELD AVENUE,DELAFIELD AVENUE,RAYMOND PLACE,MANOR ROAD,10310,STATEN ISLAND,STATEN ISLAND,01 STATEN ISLAND,40.628487429612285,-74.12490535820643
32529376,2016-01-26T19:40:00.000,Snow,E9 Snow / Icy Sidewalk,Sidewalk,121 EAST  121 STREET,EAST  121 STREET,PARK AVENUE,LEXINGTON AVENUE,10035,NEW YORK,MANHATTAN,11 MANHATTAN,40.802137500023676,-73.94003019588783
32529379,2016-01-26T07:32:00.000,Snow,E9 Snow / Icy Sidewalk,Sidewalk,691 COOP CITY BOULEVARD,COOP CITY BOULEVARD,BEND,CARVER LOOP,10475,BRONX,BRONX,10 BRONX,40.87986417439557,-73.82390861428429
32529380,2016-01-26T12:24:00.000,Snow,E9 Snow / Icy Sidewalk,Sidewalk,1437 CROSBY AVENUE,CROSBY AVENUE,CODDINGTON AVENUE,DUDLEY AVENUE,10461,BRONX,BRONX,10 BRONX,40.841246840106976,-73.82983317585807
32529381,2016-01-26T12:44:00.000,Snow,E9 Snow / Icy Sidewalk,Sidewalk,,,,,11375,Forest Hills,QUEENS,06 QUEENS,40.71836919350643,-73.84055801431353
32529382,2016-01-26T20:12:00.000,Snow,E9 Snow / Icy Sidewalk,Sidewalk,1428 EAST   28 STREET,EAST   28 STREET,AVENUE N,KINGS HIGHWAY,11210,BROOKLYN,BROOKLYN,14 BROOKLYN,40.616224370726385,-73.9468571834637
32529383,2016-01-26T12:57:00.000,Snow,E9 Snow / Icy Sidewalk,Sidewalk,2345 BROADWAY,BROADWAY,WEST 85 STREET,WEST 86 STREET,10024,NEW YORK,MANHATTAN,07 MANHATTAN,40.78786172417351,-73.97689908121396
32529384,2016-01-26T12:56:00.000,Snow,E9 Snow / Icy Sidewalk,Sidewalk,3016 CORLEAR AVENUE,CORLEAR AVENUE,WEST 230 STREET,WEST 231 STREET,10463,BRONX,BRONX,08 BRONX,40.87935029424328,-73.90865164957403
32529385,2016-01-26T12:54:00.000,Snow,E9 Snow / Icy Sidewalk,Sidewalk,,,,,10469,BRONX,BRONX,12 BRONX,40.87637981863219,-73.8460045248443
32529386,2016-01-26T12:52:00.000,Snow,E9 Snow / Icy Sidewalk,Sidewalk,167 OCEAN PARKWAY,OCEAN PARKWAY,CATON AVENUE,CHURCH AVENUE,11218,BROOKLYN,BROOKLYN,12 BROOKLYN,40.646311191105646,-73.97436794839751
32529387,2016-01-26T01:48:00.000,Snow,E9 Snow / Icy Sidewalk,Sidewalk,,,,,10022,NEW YORK,MANHATTAN,06 MANHATTAN,40.75513052759301,-73.96524112243696
32529388,2016-01-26T09:06:00.000,Snow,E9 Snow / Icy Sidewalk,Sidewalk,,,,,11234,BROOKLYN,BROOKLYN,18 BROOKLYN,40.63308957591539,-73.92448814937578
32529389,2016-01-26T00:33:00.000,Snow,E9 Snow / Icy Sidewalk,Sidewalk,193 STATE STREET,STATE STREET,COURT STREET,BOERUM PLACE,11201,BROOKLYN,BROOKLYN,02 BROOKLYN,40.69017527079074,-73.9915044510242
32529390,2016-01-26T06:19:00.000,Snow,E9 Snow / Icy Sidewalk,Sidewalk,,,,,10451,BRONX,BRONX,01 BRONX,40.81928532693776,-73.92402396976544
32529391,2016-01-26T11:25:00.000,Snow,E9 Snow / Icy Sidewalk,Sidewalk,2401 AVENUE T,AVENUE T,EAST 24 STREET,BEDFORD AVENUE,11229,BROOKLYN,BROOKLYN,15 BROOKLYN,40.60208090707661,-73.94787676675006
32529392,2016-01-26T11:24:00.000,Snow,E9 Snow / Icy Sidewalk,Sidewalk,7203 SHORE ROAD,SHORE ROAD,72 STREET,BEND,11209,BROOKLYN,BROOKLYN,10 BROOKLYN,40.63581739253518,-74.03740617424279
32529393,2016-01-26T11:15:00.000,Snow,E9 Snow / Icy Sidewalk,Sidewalk,,,,,11206,BROOKLYN,BROOKLYN,01 BROOKLYN,40.70092202135726,-73.95128697646454
32529394,2016-01-26T11:42:00.000,Snow,E9 Snow / Icy Sidewalk,Sidewalk,329 LINCOLN AVENUE,LINCOLN AVENUE,BEND,MC KINLEY AVENUE,11208,BROOKLYN,BROOKLYN,05 BROOKLYN,40.68179504336399,-73.86874290773063
32529395,2016-01-26T11:40:00.000,Snow,E9 Snow / Icy Sidewalk,Sidewalk,2014 76 STREET,76 STREET,20 AVENUE,21 AVENUE,11214,BROOKLYN,BROOKLYN,11 BROOKLYN,40.609901381795986,-73.99184961393122
32529396,2016-01-26T18:49:00.000,Snow,E9 Snow / Icy Sidewalk,Sidewalk,188-01 UNION TURNPIKE,UNION TURNPIKE,188 STREET,189 STREET,11366,Fresh Meadows,QUEENS,08 QUEENS,40.72925591476958,-73.78102810746024
32529397,2016-01-26T09:20:00.000,Snow,E9 Snow / Icy Sidewalk,Sidewalk,30 WELLBROOK AVENUE,WELLBROOK AVENUE,WESTWOOD AVENUE,HOLDEN BOULEVARD,10314,STATEN ISLAND,STATEN ISLAND,02 STATEN ISLAND,40.60482350030275,-74.13078164735987
32529398,2016-01-26T07:46:00.000,Snow,E9 Snow / Icy Sidewalk,Sidewalk,781 POST AVENUE,POST AVENUE,CARY AVENUE,GREENLEAF AVENUE,10310,STATEN ISLAND,STATEN ISLAND,01 STATEN ISLAND,40.63120206438003,-74.12737471166223
32529399,2016-01-26T08:08:00.000,Snow,E9 Snow / Icy Sidewalk,Sidewalk,,,,,10456,BRONX,BRONX,03 BRONX,40.83354449063731,-73.89630150477724
32529400,2016-01-26T08:29:00.000,Snow,E9 Snow / Icy Sidewalk,Sidewalk,152 BRUCKNER BOULEVARD,BRUCKNER BOULEVARD,ST ANNS AVENUE,EAST 133 STREET,10454,BRONX,BRONX,01 BRONX,40.80345887433982,-73.91942221094794
32529401,2016-01-26T08:15:00.000,Snow,E9 Snow / Icy Sidewalk,Sidewalk,1226 KEARNEY AVENUE,KEARNEY AVENUE,BRUCKNER BOULEVARD,MC DONOUGH PLACE,10465,BRONX,BRONX,10 BRONX,40.838200949089625,-73.82482841701886
32529402,2016-01-26T12:14:00.000,Snow,E9 Snow / Icy Sidewalk,Sidewalk,3845 RICHMOND AVENUE,RICHMOND AVENUE,NYCTA SUBWAY,MOSELY AVENUE,10312,STATEN ISLAND,STATEN ISLAND,03 STATEN ISLAND,40.54406421915617,-74.16505641393924
32529403,2016-01-26T12:15:00.000,Snow,E9 Snow / Icy Sidewalk,Sidewalk,3013 CORLEAR AVENUE,CORLEAR AVENUE,WEST 230 STREET,WEST 231 STREET,10463,BRONX,BRONX,08 BRONX,40.879320148453324,-73.90870954988458
32529404,2016-01-26T20:01:00.000,Snow,E9 Snow / Icy Sidewalk,Sidewalk,,,,,10003,NEW YORK,MANHATTAN,03 MANHATTAN,40.73101953301406,-73.98591024906226
32529405,2016-01-26T20:01:00.000,Snow,E9 Snow / Icy Sidewalk,Sidewalk,323 UNION AVENUE,UNION AVENUE,SOUTH 1 STREET,MAUJER STREET,11211,BROOKLYN,BROOKLYN,01 BROOKLYN,40.71002352848626,-73.95097373056973
32529406,2016-01-26T08:37:00.000,Snow,E9 Snow / Icy Sidewalk,Sidewalk,,,,,11377,Woodside,QUEENS,01 QUEENS,40.75698691027178,-73.90736481437865
32529407,2016-01-26T19:41:00.000,Snow,E9 Snow / Icy Sidewalk,Sidewalk,,,,,11105,Astoria,QUEENS,01 QUEENS,40.77974730556021,-73.91581846714827
32529410,2016-01-26T12:52:00.000,Snow,E9 Snow / Icy Sidewalk,Sidewalk,25-03 PARSONS BOULEVARD,PARSONS BOULEVARD,25 AVENUE,25 DRIVE,11354,Flushing,QUEENS,07 QUEENS,40.77647402209655,-73.82435894035143
32529411,2016-01-26T03:55:00.000,Snow,E9 Snow / Icy Sidewalk,Sidewalk,685 EAST  228 STREET,EAST  228 STREET,LOWERRE PLACE,WHITE PLAINS ROAD,10466,BRONX,BRONX,12 BRONX,40.89013474442044,-73.85993340123244
32529414,2016-01-26T08:05:00.000,Snow,E9 Snow / Icy Sidewalk,Sidewalk,,,,,10306,STATEN ISLAND,STATEN ISLAND,02 STATEN ISLAND,40.56877901310027,-74.10660609258669
32529416,2016-01-26T14:45:00.000,Snow,E9 Snow / Icy Sidewalk,Sidewalk,11 HARDIN AVENUE,HARDIN AVENUE,WEST RALEIGH AVENUE,BEND,10310,STATEN ISLAND,STATEN ISLAND,01 STATEN ISLAND,40.62553379988702,-74.1173095071626
32529417,2016-01-26T08:39:00.000,Snow,E9 Snow / Icy Sidewalk,Sidewalk,,,,,11204,BROOKLYN,BROOKLYN,11 BROOKLYN,40.61368345271008,-73.98881284426857
32529418,2016-01-26T14:31:00.000,Snow,E9 Snow / Icy Sidewalk,Sidewalk,2251 HOMECREST AVENUE,HOMECREST AVENUE,AVENUE V,GRAVESEND NECK ROAD,11229,BROOKLYN,BROOKLYN,15 BROOKLYN,40.59530286052549,-73.95856202384012
32529420,2016-01-26T15:16:00.000,Snow,E9 Snow / Icy Sidewalk,Sidewalk,241 JULES DRIVE,JULES DRIVE,ARLENE COURT,COMSTOCK AVENUE,10314,STATEN ISLAND,STATEN ISLAND,01 STATEN ISLAND,40.6192046130829,-74.1602533211063
32529421,2016-01-26T17:39:00.000,Snow,E9 Snow / Icy Sidewalk,Sidewalk,226 14 STREET,14 STREET,4 AVENUE,5 AVENUE,11215,BROOKLYN,BROOKLYN,06 BROOKLYN,40.66672929219877,-73.98999348296384
32529422,2016-01-26T18:28:00.000,Snow,E9 Snow / Icy Sidewalk,Sidewalk,82-52 ABINGDON ROAD,ABINGDON ROAD,AUDLEY STREET,83 AVENUE,11415,Kew Gardens,QUEENS,09 QUEENS,40.70846521174531,-73.8341181098035
32529424,2016-01-26T17:54:00.000,Snow,E9 Snow / Icy Sidewalk,Sidewalk,2061 EAST    9 STREET,EAST    9 STREET,AVENUE T,AVENUE U,11223,BROOKLYN,BROOKLYN,15 BROOKLYN,40.59915783662148,-73.96227586906473
32529426,2016-01-26T14:15:00.000,Snow,E9 Snow / Icy Sidewalk,Sidewalk,720 WEST  254 STREET,WEST  254 STREET,SYCAMORE AVENUE,PALISADE AVENUE,10471,BRONX,BRONX,08 BRONX,40.90344850561629,-73.91202620690879
32529427,2016-01-26T14:35:00.000,Snow,E9 Snow / Icy Sidewalk,Sidewalk,7038 RIDGE CREST TERRACE,RIDGE CREST TERRACE,70 STREET,71 STREET,11209,BROOKLYN,BROOKLYN,10 BROOKLYN,40.63591540050705,-74.03087040729243
32529441,2016-01-26T17:59:00.000,Snow,E9 Snow / Icy Sidewalk,Sidewalk,282 GENESEE AVENUE,GENESEE AVENUE,GETZ AVENUE,ELTINGVILLE BOULEVARD,10312,STATEN ISLAND,STATEN ISLAND,03 STATEN ISLAND,40.55297255507283,-74.16598164953015
32529442,2016-01-26T18:06:00.000,Snow,E9 Snow / Icy Sidewalk,Sidewalk,87 EAST  111 STREET,EAST  111 STREET,MADISON AVENUE,PARK AVENUE,10029,NEW YORK,MANHATTAN,11 MANHATTAN,40.79637110007792,-73.94614273066327
32529443,2016-01-26T14:16:00.000,Snow,E9 Snow / Icy Sidewalk,Sidewalk,,,,,11414,Howard Beach,QUEENS,10 QUEENS,40.66462813655636,-73.84991771305361
32529444,2016-01-26T14:53:00.000,Snow,E9 Snow / Icy Sidewalk,Sidewalk,,,,,11358,Flushing,QUEENS,07 QUEENS,40.761595613162505,-73.79343695685016
32529445,2016-01-26T15:04:00.000,Snow,E9 Snow / Icy Sidewalk,Sidewalk,9411 SHORE ROAD,SHORE ROAD,94 STREET,RIDGE BOULEVARD,11209,BROOKLYN,BROOKLYN,10 BROOKLYN,40.61752284791016,-74.03896639258932
32529454,2016-01-26T17:28:00.000,Snow,E9 Snow / Icy Sidewalk,Sidewalk,307 BAY   20 STREET,BAY   20 STREET,CROPSEY AVENUE,BELT PARKWAY,11214,BROOKLYN,BROOKLYN,11 BROOKLYN,40.60065972097514,-74.00714095381186
32529455,2016-01-26T17:27:00.000,Snow,E9 Snow / Icy Sidewalk,Sidewalk,37-07 74 STREET,74 STREET,BEND,37 ROAD,11372,Jackson Heights,QUEENS,03 QUEENS,40.74853044768969,-73.89174924996452
32529470,2016-01-26T17:52:00.000,Snow,E9 Snow / Icy Sidewalk,Sidewalk,35-19 31 AVENUE,31 AVENUE,35 STREET,36 STREET,11106,Astoria,QUEENS,01 QUEENS,40.76272744431715,-73.92005628356148
32529471,2016-01-26T18:11:00.000,Snow,15S Re-Plow/Spread/Ice-Snow Cond.,Street,72 MANOR ROAD,MANOR ROAD,FOREST AVENUE,DORE COURT,10310,STATEN ISLAND,STATEN ISLAND,01 STATEN ISLAND,40.62644246158672,-74.12499519561135
32529472,2016-01-26T18:05:00.000,Snow,E9 Snow / Icy Sidewalk,Sidewalk,10223 AVENUE K,AVENUE K,EAST 102 STREET,EAST 103 STREET,11236,BROOKLYN,BROOKLYN,18 BROOKLYN,40.64295957278281,-73.89302675775251
32529866,2016-01-26T17:12:00.000,Snow,E9 Snow / Icy Sidewalk,Sidewalk,,,,,10065,NEW YORK,MANHATTAN,08 MANHATTAN,40.76734287488971,-73.96867156292758
32529869,2016-01-26T13:01:00.000,Snow,E9 Snow / Icy Sidewalk,Sidewalk,3102 AVENUE U,AVENUE U,BRIGHAM STREET,GERRITSEN AVENUE,11229,BROOKLYN,BROOKLYN,15 BROOKLYN,40.60169560599323,-73.93507500484958
32529871,2016-01-26T20:40:00.000,Snow,E9 Snow / Icy Sidewalk,Sidewalk,616 CONEY ISLAND AVENUE,CONEY ISLAND AVENUE,MATTHEWS COURT,SLOCUM PLACE,11218,BROOKLYN,BROOKLYN,12 BROOKLYN,40.64225325536002,-73.96966716019477
32529872,2016-01-26T20:57:00.000,Snow,E9 Snow / Icy Sidewalk,Sidewalk,,,,,11207,BROOKLYN,BROOKLYN,05 BROOKLYN,40.66406110019954,-73.89868083631158
32529873,2016-01-26T13:19:00.000,Snow,E9 Snow / Icy Sidewalk,Sidewalk,45-35 UNION STREET,UNION STREET,45 AVENUE,HOLLY AVENUE,11355,Flushing,QUEENS,07 QUEENS,40.75232029304054,-73.81907004569314
32529874,2016-01-26T13:19:00.000,Snow,E9 Snow / Icy Sidewalk,Sidewalk,360 BARLOW AVENUE,BARLOW AVENUE,ABINGDON AVENUE,BARLOW COURT,10308,STATEN ISLAND,STATEN ISLAND,03 STATEN ISLAND,40.55815788884655,-74.15990895843446
32529875,2016-01-26T13:40:00.000,Snow,E9 Snow / Icy Sidewalk,Sidewalk,213 32 AVENUE,32 AVENUE,BEVERLY ROAD,,11363,Little Neck,QUEENS,11 QUEENS,40.77708540863434,-73.75099278275067
32529876,2016-01-26T13:11:00.000,Snow,E9 Snow / Icy Sidewalk,Sidewalk,2254 79 STREET,79 STREET,BAY PARKWAY,23 AVENUE,11214,BROOKLYN,BROOKLYN,11 BROOKLYN,40.60516083615444,-73.98852256471258
32529877,2016-01-26T19:30:00.000,Snow,E9 Snow / Icy Sidewalk,Sidewalk,241-23 85 ROAD,85 ROAD,241 STREET,CROSS ISLAND PARKWAY,11426,Bellerose,QUEENS,13 QUEENS,40.73262080721364,-73.72467089967037
32529878,2016-01-26T20:37:00.000,Snow,E9 Snow / Icy Sidewalk,Sidewalk,,,,,10455,BRONX,BRONX,01 BRONX,40.81212603460825,-73.90418129247784
32529879,2016-01-26T20:57:00.000,Snow,E9 Snow / Icy Sidewalk,Sidewalk,70 UNION STREET,UNION STREET,VAN BRUNT STREET,COLUMBIA STREET,11231,BROOKLYN,BROOKLYN,06 BROOKLYN,40.684771046563576,-74.00440607787738
32529886,2016-01-26T20:45:00.000,Snow,E9 Snow / Icy Sidewalk,Sidewalk,380 MALCOM X BOULEVARD,MALCOM X BOULEVARD,MARION STREET,FULTON STREET,11233,BROOKLYN,BROOKLYN,03 BROOKLYN,40.67972609538757,-73.9286824527877
32529887,2016-01-26T06:08:00.000,Snow,E9 Snow / Icy Sidewalk,Sidewalk,199 SPRAGUE AVENUE,SPRAGUE AVENUE,GEORGE STREET,HYLAN BOULEVARD,10307,STATEN ISLAND,STATEN ISLAND,03 STATEN ISLAND,40.50644639983537,-74.2384698283519
32529888,2016-01-26T07:45:00.000,Snow,E9 Snow / Icy Sidewalk,Sidewalk,50-06 MARATHON PARKWAY,MARATHON PARKWAY,DEEPDALE AVENUE,CAMBRIA AVENUE,11362,Little Neck,QUEENS,11 QUEENS,40.76446831359368,-73.73522472667445
32529889,2016-01-26T20:48:00.000,Snow,E9 Snow / Icy Sidewalk,Sidewalk,71-37 INGRAM STREET,INGRAM STREET,71 AVENUE,72 AVENUE,11375,Forest Hills,QUEENS,06 QUEENS,40.71426957677794,-73.84741795049287
32529890,2016-01-26T13:33:00.000,Snow,E9 Snow / Icy Sidewalk,Sidewalk,,,,,11101,Long Island City,QUEENS,01 QUEENS,40.753636054923376,-73.9189230279616
32529893,2016-01-26T21:03:00.000,Snow,E9 Snow / Icy Sidewalk,Sidewalk,,,,,11217,BROOKLYN,BROOKLYN,06 BROOKLYN,40.68150471071293,-73.97422823037412
32529894,2016-01-26T21:22:00.000,Snow,E9 Snow / Icy Sidewalk,Sidewalk,1088 MORRIS PARK AVENUE,MORRIS PARK AVENUE,LURTING AVENUE,HAIGHT AVENUE,10461,BRONX,BRONX,11 BRONX,40.84938158174297,-73.85339735021245
32529897,2016-01-26T21:32:00.000,Snow,E9 Snow / Icy Sidewalk,Sidewalk,,,,,10312,STATEN ISLAND,STATEN ISLAND,03 STATEN ISLAND,40.529373733559744,-74.16135093979543
32529898,2016-01-26T22:57:00.000,Snow,E9 Snow / Icy Sidewalk,Sidewalk,105-19 31 AVENUE,31 AVENUE,105 STREET,ERICSSON STREET,11369,East Elmhurst,QUEENS,03 QUEENS,40.76129155406517,-73.86399822448304
32529899,2016-01-26T13:50:00.000,Snow,E9 Snow / Icy Sidewalk,Sidewalk,44 ROCKWELL PLACE,ROCKWELL PLACE,DEKALB AVENUE,FULTON STREET,11217,BROOKLYN,BROOKLYN,02 BROOKLYN,40.6888068405692,-73.97937455720485
32529900,2016-01-26T13:45:00.000,Snow,E9 Snow / Icy Sidewalk,Sidewalk,49 SYLVIA STREET,SYLVIA STREET,RICHMOND AVENUE,VILLAGE LANE,10312,STATEN ISLAND,STATEN ISLAND,03 STATEN ISLAND,40.54423391366229,-74.16728762525631
32529901,2016-01-26T13:45:00.000,Snow,E9 Snow / Icy Sidewalk,Sidewalk,24 DIVISION AVENUE,DIVISION AVENUE,KENT AVENUE,WYTHE AVENUE,11249,BROOKLYN,BROOKLYN,01 BROOKLYN,40.70687031696632,-73.96806878902296
32529903,2016-01-26T07:29:00.000,Snow,E9 Snow / Icy Sidewalk,Sidewalk,2145 OCEAN AVENUE,OCEAN AVENUE,KINGS HIGHWAY,QUENTIN ROAD,11229,BROOKLYN,BROOKLYN,15 BROOKLYN,40.6095134087368,-73.95331652889598
32529904,2016-01-26T07:42:00.000,Snow,E9 Snow / Icy Sidewalk,Sidewalk,137 MENAHAN STREET,MENAHAN STREET,CENTRAL AVENUE,WILSON AVENUE,11221,BROOKLYN,BROOKLYN,04 BROOKLYN,40.695683636437714,-73.91950919110722
32529905,2016-01-26T13:53:00.000,Snow,E9 Snow / Icy Sidewalk,Sidewalk,40 10 AVENUE,10 AVENUE,ARCADIA WALK,BEACH 207 STREET,11697,Breezy Point,QUEENS,14 QUEENS,40.560073938991884,-73.91487164158559
32529906,2016-01-26T08:14:00.000,Snow,E9 Snow / Icy Sidewalk,Sidewalk,28-05 38 AVENUE,38 AVENUE,28 STREET,29 STREET,11101,Long Island City,QUEENS,01 QUEENS,40.75494954317168,-73.93418931093639
32529907,2016-01-26T21:50:00.000,Snow,E9 Snow / Icy Sidewalk,Sidewalk,,,,,11101,Long Island City,QUEENS,02 QUEENS,40.75056039396958,-73.90948151855618
32529908,2016-01-26T22:08:00.000,Snow,E9 Snow / Icy Sidewalk,Sidewalk,94 EAST  111 STREET,EAST  111 STREET,MADISON AVENUE,PARK AVENUE,10029,NEW YORK,MANHATTAN,11 MANHATTAN,40.79629418348537,-73.94600554945404
32529910,2016-01-26T14:12:00.000,Snow,E9 Snow / Icy Sidewalk,Sidewalk,661 RICHMOND ROAD,RICHMOND ROAD,CONCORD PLACE,DE KALB STREET,10304,STATEN ISLAND,STATEN ISLAND,01 STATEN ISLAND,40.610545106229665,-74.08909327387184
32529912,2016-01-26T08:20:00.000,Snow,E9 Snow / Icy Sidewalk,Sidewalk,424 EAST   86 STREET,EAST   86 STREET,1 AVENUE,YORK AVENUE,10028,NEW YORK,MANHATTAN,08 MANHATTAN,40.77656350629888,-73.94865367481125
32529913,2016-01-26T22:23:00.000,Snow,E9 Snow / Icy Sidewalk,Sidewalk,,,,,10002,NEW YORK,MANHATTAN,03 MANHATTAN,40.71855584723336,-73.98820001110087
32529914,2016-01-26T14:09:00.000,Snow,E9 Snow / Icy Sidewalk,Sidewalk,261 MALDEN PLACE,MALDEN PLACE,HYLAN BOULEVARD,BEND,10306,STATEN ISLAND,STATEN ISLAND,03 STATEN ISLAND,40.56234340174903,-74.11689982777318
32529915,2016-01-26T14:05:00.000,Snow,E9 Snow / Icy Sidewalk,Sidewalk,,,,,10308,STATEN ISLAND,STATEN ISLAND,03 STATEN ISLAND,40.56249814254601,-74.15741081999052
32529918,2016-01-26T23:01:00.000,Snow,E9 Snow / Icy Sidewalk,Sidewalk,1404 PRESIDENT STREET,PRESIDENT STREET,BROOKLYN AVENUE,KINGSTON AVENUE,11213,BROOKLYN,BROOKLYN,09 BROOKLYN,40.667646060303994,-73.94294836716291
32529919,2016-01-26T08:00:00.000,Snow,E9 Snow / Icy Sidewalk,Sidewalk,,,,,11218,BROOKLYN,BROOKLYN,14 BROOKLYN,40.63729578191746,-73.96822458521576
32529920,2016-01-26T08:28:00.000,Snow,E9 Snow / Icy Sidewalk,Sidewalk,57-50 159 STREET,159 STREET,BOOTH MEMORIAL AVENUE,59 AVENUE,11365,Fresh Meadows,QUEENS,07 QUEENS,40.74186331123881,-73.80919609832561
32529925,2016-01-26T08:35:00.000,Snow,E9 Snow / Icy Sidewalk,Sidewalk,,,,,10310,STATEN ISLAND,STATEN ISLAND,01 STATEN ISLAND,40.62620733971859,-74.10484255113508
32529926,2016-01-26T08:21:00.000,Snow,E9 Snow / Icy Sidewalk,Sidewalk,2102 66 STREET,66 STREET,21 AVENUE,NYCTA SUBWAY,11204,BROOKLYN,BROOKLYN,11 BROOKLYN,40.614369073999725,-73.98394306097022
32529929,2016-01-26T03:06:00.000,Snow,E9 Snow / Icy Sidewalk,Sidewalk,990 BRONX PARK SOUTH,BRONX PARK SOUTH,VYSE AVENUE,BRYANT AVENUE,10460,BRONX,BRONX,06 BRONX,40.844728140845056,-73.8783679792501
32529930,2016-01-26T03:55:00.000,Snow,E9 Snow / Icy Sidewalk,Sidewalk,1575 ZEREGA AVENUE,ZEREGA AVENUE,ST RAYMONDS AVENUE,,10462,BRONX,BRONX,10 BRONX,40.83897185246273,-73.8498749646361
32529931,2016-01-26T03:54:00.000,Snow,E9 Snow / Icy Sidewalk,Sidewalk,1444 ZEREGA AVENUE,ZEREGA AVENUE,TRATMAN AVENUE,LYON AVENUE,10462,BRONX,BRONX,10 BRONX,40.8376628446076,-73.84794808526574
32529932,2016-01-26T13:17:00.000,Snow,E9 Snow / Icy Sidewalk,Sidewalk,,,,,11218,BROOKLYN,BROOKLYN,12 BROOKLYN,40.64279614108937,-73.97944282998752
32529933,2016-01-26T13:15:00.000,Snow,E9 Snow / Icy Sidewalk,Sidewalk,1606 WILLIAMSBDG ROAD,WILLIAMSBDG ROAD,PIERCE AVENUE,VAN NEST AVENUE,10461,BRONX,BRONX,11 BRONX,40.84743854579723,-73.84930645976867
32529937,2016-01-26T08:40:00.000,Snow,E9 Snow / Icy Sidewalk,Sidewalk,42 7 AVENUE,7 AVENUE,STERLING PLACE,ST JOHNS PLACE,11217,BROOKLYN,BROOKLYN,06 BROOKLYN,40.67659700884521,-73.97402102605267
32529938,2016-01-26T08:34:00.000,Snow,E9 Snow / Icy Sidewalk,Sidewalk,69 WATCHOGUE ROAD,WATCHOGUE ROAD,MARBLE STREET,FREDERICK STREET,10314,STATEN ISLAND,STATEN ISLAND,01 STATEN ISLAND,40.61402720645966,-74.1328274985622
32529939,2016-01-26T13:32:00.000,Snow,E9 Snow / Icy Sidewalk,Sidewalk,,,,,10033,NEW YORK,MANHATTAN,12 MANHATTAN,40.85051083843538,-73.93104402933248
32529940,2016-01-26T05:54:00.000,Snow,E9 Snow / Icy Sidewalk,Sidewalk,826 NEW YORK AVENUE,NEW YORK AVENUE,LENOX ROAD,LINDEN BOULEVARD,11203,BROOKLYN,BROOKLYN,17 BROOKLYN,40.65356726019424,-73.94696438710048
32529941,2016-01-26T07:13:00.000,Snow,E9 Snow / Icy Sidewalk,Sidewalk,36-37 165 STREET,165 STREET,CROCHERON AVENUE,DEPOT ROAD,11358,Flushing,QUEENS,07 QUEENS,40.76273945625862,-73.80082279046907
32529943,2016-01-26T07:40:00.000,Snow,E9 Snow / Icy Sidewalk,Sidewalk,103 MENAHAN STREET,MENAHAN STREET,EVERGREEN AVENUE,CENTRAL AVENUE,11221,BROOKLYN,BROOKLYN,04 BROOKLYN,40.694660535164275,-73.92051294002732
32529944,2016-01-26T13:58:00.000,Snow,E9 Snow / Icy Sidewalk,Sidewalk,170 VANDERBILT AVENUE,VANDERBILT AVENUE,TOMPKINS AVENUE,PARK HILL COURT,10304,STATEN ISLAND,STATEN ISLAND,01 STATEN ISLAND,40.619916066611324,-74.07740247240442
32529945,2016-01-26T13:56:00.000,Snow,E9 Snow / Icy Sidewalk,Sidewalk,232 WEIRFIELD STREET,WEIRFIELD STREET,CENTRAL AVENUE,WILSON AVENUE,11221,BROOKLYN,BROOKLYN,04 BROOKLYN,40.69163399779735,-73.91057840882274
32529947,2016-01-26T09:50:00.000,Snow,E9 Snow / Icy Sidewalk,Sidewalk,,,,,10461,BRONX,BRONX,10 BRONX,40.85562049080954,-73.82956504753577
32529950,2016-01-26T09:54:00.000,Snow,E9 Snow / Icy Sidewalk,Sidewalk,80-50 214 STREET,214 STREET,UNION TURNPIKE,82 AVENUE,11427,Queens Village,QUEENS,11 QUEENS,40.73298927620013,-73.7566565428343
32529951,2016-01-26T22:17:00.000,Snow,E9 Snow / Icy Sidewalk,Sidewalk,691 FULTON STREET,FULTON STREET,ASHLAND PLACE,ST FELIX STREET,11217,BROOKLYN,BROOKLYN,02 BROOKLYN,40.68769767750427,-73.97788931615484
32529952,2016-01-26T09:45:00.000,Snow,E9 Snow / Icy Sidewalk,Sidewalk,657 64 STREET,64 STREET,6 AVENUE,7 AVENUE,11220,BROOKLYN,BROOKLYN,10 BROOKLYN,40.63516922695518,-74.01509275071975
32529953,2016-01-26T13:45:00.000,Snow,E9 Snow / Icy Sidewalk,Sidewalk,171 NEW YORK AVENUE,NEW YORK AVENUE,ST MARKS AVENUE,PROSPECT PLACE,11216,BROOKLYN,BROOKLYN,08 BROOKLYN,40.67434812824287,-73.94728313299518
32529954,2016-01-26T23:12:00.000,Snow,E9 Snow / Icy Sidewalk,Sidewalk,1319 PRESIDENT STREET,PRESIDENT STREET,NEW YORK AVENUE,BROOKLYN AVENUE,11213,BROOKLYN,BROOKLYN,09 BROOKLYN,40.66782316578442,-73.94592931328157
32529955,2016-01-26T08:00:00.000,Snow,E9 Snow / Icy Sidewalk,Sidewalk,143-50 SANFORD AVENUE,SANFORD AVENUE,BOWNE STREET,PARSONS BOULEVARD,11355,Flushing,QUEENS,07 QUEENS,40.75852781501364,-73.82188313285124
32529956,2016-01-26T08:18:00.000,Snow,E9 Snow / Icy Sidewalk,Sidewalk,2075 1 AVENUE,1 AVENUE,EAST 107 STREET,EAST 108 STREET,10029,NEW YORK,MANHATTAN,11 MANHATTAN,40.790376074849995,-73.93953159004569
32529957,2016-01-26T08:15:00.000,Snow,E9 Snow / Icy Sidewalk,Sidewalk,,,,,10463,BRONX,BRONX,Unspecified BRONX,40.881362729084636,-73.90938299177161
32529958,2016-01-26T10:51:00.000,Snow,E9 Snow / Icy Sidewalk,Sidewalk,,,,,10030,NEW YORK,MANHATTAN,10 MANHATTAN,40.81920761717191,-73.94703470298997
32529959,2016-01-26T08:47:00.000,Snow,E9 Snow / Icy Sidewalk,Sidewalk,12-05 CORNAGA AVENUE,CORNAGA AVENUE,BEACH 12 STREET,GATEWAY BOULEVARD,11691,Far Rockaway,QUEENS,14 QUEENS,40.60325165452815,-73.74660298496781
32529963,2016-01-26T10:07:00.000,Snow,E9 Snow / Icy Sidewalk,Sidewalk,314 56 STREET,56 STREET,GOWANUS EXPWY EB EN BELT PKWY,4 AVENUE,11220,BROOKLYN,BROOKLYN,07 BROOKLYN,40.643943972282656,-74.01746578735761
32529964,2016-01-26T08:35:00.000,Snow,E9 Snow / Icy Sidewalk,Sidewalk,639 FRANKLIN AVENUE,FRANKLIN AVENUE,BERGEN STREET,ST MARKS AVENUE,11238,BROOKLYN,BROOKLYN,08 BROOKLYN,40.67653108084588,-73.95583650776133
32529965,2016-01-26T13:01:00.000,Snow,E9 Snow / Icy Sidewalk,Sidewalk,3146 RIVERDALE AVENUE,RIVERDALE AVENUE,WEST 231 STREET,WEST 232 STREET,10463,BRONX,BRONX,08 BRONX,40.88196347973496,-73.90895544666044
32529967,2016-01-26T10:48:00.000,Snow,E9 Snow / Icy Sidewalk,Sidewalk,1797 EAST   22 STREET,EAST   22 STREET,QUENTIN ROAD,AVENUE R,11229,BROOKLYN,BROOKLYN,15 BROOKLYN,40.6076514556556,-73.95095887210135
32529968,2016-01-26T09:26:00.000,Snow,E9 Snow / Icy Sidewalk,Sidewalk,,,,,10011,NEW YORK,MANHATTAN,04 MANHATTAN,40.74595182948891,-73.99800786537352
32529969,2016-01-26T09:19:00.000,Snow,E9 Snow / Icy Sidewalk,Sidewalk,,,,,11694,Rockaway Park,QUEENS,14 QUEENS,40.58102012977824,-73.83288303617225
32529973,2016-01-26T03:31:00.000,Snow,E9 Snow / Icy Sidewalk,Sidewalk,1106 RHINELANDER AVENUE,RHINELANDER AVENUE,HAIGHT AVENUE,TOMLINSON AVENUE,10461,BRONX,BRONX,11 BRONX,40.851638824396936,-73.85425989802118
32529974,2016-01-26T13:25:00.000,Snow,E9 Snow / Icy Sidewalk,Sidewalk,321 HARMAN STREET,HARMAN STREET,KNICKERBOCKER AVENUE,IRVING AVENUE,11237,BROOKLYN,BROOKLYN,04 BROOKLYN,40.700365452901124,-73.91843241594009
32529975,2016-01-26T11:06:00.000,Snow,E9 Snow / Icy Sidewalk,Sidewalk,175-46 HILLSIDE AVENUE,HILLSIDE AVENUE,175 STREET,178 STREET,11432,Jamaica,QUEENS,12 QUEENS,40.71184405727774,-73.78739052501862
32529980,2016-01-26T13:52:00.000,Snow,E9 Snow / Icy Sidewalk,Sidewalk,212 WEIRFIELD STREET,WEIRFIELD STREET,CENTRAL AVENUE,WILSON AVENUE,11221,BROOKLYN,BROOKLYN,04 BROOKLYN,40.6912774492279,-73.91092866726216
32529981,2016-01-26T13:49:00.000,Snow,E9 Snow / Icy Sidewalk,Sidewalk,33 EAST  208 STREET,EAST  208 STREET,DEKALB AVENUE,KOSSUTH AVENUE,10467,BRONX,BRONX,07 BRONX,40.88008148312017,-73.8825595975817
32529982,2016-01-26T13:45:00.000,Snow,E9 Snow / Icy Sidewalk,Sidewalk,24-31 169 STREET,169 STREET,24 ROAD,25 AVENUE,11357,Whitestone,QUEENS,07 QUEENS,40.774784884693446,-73.79539987910174
32529983,2016-01-26T14:10:00.000,Snow,E9 Snow / Icy Sidewalk,Sidewalk,31 MORTON STREET,MORTON STREET,BEDFORD STREET,BEND,10014,NEW YORK,MANHATTAN,02 MANHATTAN,40.73096265561723,-74.00478798552223
32529984,2016-01-26T14:00:00.000,Snow,E9 Snow / Icy Sidewalk,Sidewalk,347 SOUTH    5 STREET,SOUTH    5 STREET,KEAP STREET,HOOPER STREET,11211,BROOKLYN,BROOKLYN,01 BROOKLYN,40.708150403398335,-73.95475513258245
32529991,2016-01-26T10:30:00.000,Snow,E9 Snow / Icy Sidewalk,Sidewalk,,,,,11385,Ridgewood,QUEENS,05 QUEENS,40.70551245861038,-73.89537897098027
32529992,2016-01-26T09:14:00.000,Snow,E9 Snow / Icy Sidewalk,Sidewalk,2159 EAST    8 STREET,EAST    8 STREET,AVENUE U,AVENUE V,11223,BROOKLYN,BROOKLYN,15 BROOKLYN,40.59690727159062,-73.96279566788175
32529993,2016-01-26T11:02:00.000,Snow,E9 Snow / Icy Sidewalk,Sidewalk,438 MILLER AVENUE,MILLER AVENUE,SUTTER AVENUE,BLAKE AVENUE,11207,BROOKLYN,BROOKLYN,05 BROOKLYN,40.66972430162425,-73.89048208798586
32529994,2016-01-26T11:00:00.000,Snow,E9 Snow / Icy Sidewalk,Sidewalk,2898 WELLMAN AVENUE,WELLMAN AVENUE,MAYFLOWER AVENUE,EDISON AVENUE,10461,BRONX,BRONX,10 BRONX,40.84141910350012,-73.83314327393427
32529999,2016-01-26T09:52:00.000,Snow,E9 Snow / Icy Sidewalk,Sidewalk,93 PIKE SLIP,PIKE SLIP,MANHATTAN BRIDGE,SOUTH STREET,10002,NEW YORK,MANHATTAN,03 MANHATTAN,40.7098415504386,-73.99190592681947
32530001,2016-01-26T09:36:00.000,Snow,E9 Snow / Icy Sidewalk,Sidewalk,45-21 QUEENS BOULEVARD,QUEENS BOULEVARD,45 STREET,46 STREET,11104,Sunnyside,QUEENS,02 QUEENS,40.74324199148631,-73.91935429697857
32530012,2016-01-26T10:09:00.000,Snow,E9 Snow / Icy Sidewalk,Sidewalk,354 MANHATTAN AVENUE,MANHATTAN AVENUE,SKILLMAN AVENUE,JACKSON STREET,11211,BROOKLYN,BROOKLYN,01 BROOKLYN,40.7160736628695,-73.94634108573592
32530013,2016-01-26T10:44:00.000,Snow,E9 Snow / Icy Sidewalk,Sidewalk,317 UNION AVENUE,UNION AVENUE,TEN EYCK STREET,SOUTH 1 STREET,11211,BROOKLYN,BROOKLYN,01 BROOKLYN,40.70984510510269,-73.95094139893158
32530326,2016-01-26T11:52:00.000,Snow,E9 Snow / Icy Sidewalk,Sidewalk,2033 VALENTINE AVENUE,VALENTINE AVENUE,EAST BURNSIDE AVENUE,EAST 180 STREET,10457,BRONX,BRONX,05 BRONX,40.851443563043375,-73.90034732782424
32530331,2016-01-26T14:15:00.000,Snow,E9 Snow / Icy Sidewalk,Sidewalk,,,,,,,QUEENS,11 QUEENS,,
32530332,2016-01-26T14:33:00.000,Snow,E9 Snow / Icy Sidewalk,Sidewalk,210 EAST  166 STREET,EAST  166 STREET,SHERIDAN AVENUE,SHERMAN AVENUE,10456,BRONX,BRONX,04 BRONX,40.83124253823553,-73.91780582096976
32530333,2016-01-26T21:09:00.000,Snow,E9 Snow / Icy Sidewalk,Sidewalk,,,,,11233,BROOKLYN,BROOKLYN,03 BROOKLYN,40.67983654155633,-73.93439683452748
32530335,2016-01-26T18:52:00.000,Snow,E9 Snow / Icy Sidewalk,Sidewalk,,,,,11426,Bellerose,QUEENS,13 QUEENS,40.732500679308004,-73.71147970818032
32530336,2016-01-26T19:25:00.000,Snow,E9 Snow / Icy Sidewalk,Sidewalk,,,,,11358,Flushing,QUEENS,07 QUEENS,40.760836712474294,-73.80204857767693
32530338,2016-01-27T00:07:00.000,Snow,E9 Snow / Icy Sidewalk,Sidewalk,820 COLGATE AVENUE,COLGATE AVENUE,LAFAYETTE AVENUE,STORY AVENUE,10473,BRONX,BRONX,09 BRONX,40.819629333185134,-73.87990599769523
32530356,2016-01-26T19:35:00.000,Snow,15S Re-Plow/Spread/Ice-Snow Cond.,Street,COLEMAN STREET,COLEMAN STREET,AVENUE T,AVENUE U,11234,BROOKLYN,BROOKLYN,18 BROOKLYN,40.60962469511697,-73.92502251240673
32530357,2016-01-26T11:32:00.000,Snow,E9 Snow / Icy Sidewalk,Sidewalk,70-18 57 DRIVE,57 DRIVE,70 STREET,MAZEAU STREET,11378,Maspeth,QUEENS,05 QUEENS,40.726492816038295,-73.89175257667962
32530358,2016-01-26T11:31:00.000,Snow,E9 Snow / Icy Sidewalk,Sidewalk,765 EAST  182 STREET,EAST  182 STREET,PROSPECT AVENUE,MAPES AVENUE,10460,BRONX,BRONX,06 BRONX,40.84918369233667,-73.88457684712407
32530359,2016-01-26T11:55:00.000,Snow,E9 Snow / Icy Sidewalk,Sidewalk,3971 SAXON AVENUE,SAXON AVENUE,BEND,VAN CORTLANDT PARK SOUTH,10463,BRONX,BRONX,08 BRONX,40.883426106311326,-73.88973587003264
32530361,2016-01-26T09:44:00.000,Snow,E9 Snow / Icy Sidewalk,Sidewalk,22-45 DIX AVENUE,DIX AVENUE,PINSON STREET,CHANDLER STREET,11691,Far Rockaway,QUEENS,14 QUEENS,40.60666783568256,-73.75624543832733
32530362,2016-01-26T11:27:00.000,Snow,E9 Snow / Icy Sidewalk,Sidewalk,35-30 35 AVENUE,35 AVENUE,35 STREET,36 STREET,11106,Astoria,QUEENS,01 QUEENS,40.75648648463848,-73.9250160238083
32530364,2016-01-26T09:59:00.000,Snow,E9 Snow / Icy Sidewalk,Sidewalk,153 EAST   51 STREET,EAST   51 STREET,RUTLAND ROAD,WINTHROP STREET,11203,BROOKLYN,BROOKLYN,17 BROOKLYN,40.65870745802585,-73.93009975685388
32530365,2016-01-26T09:53:00.000,Snow,E9 Snow / Icy Sidewalk,Sidewalk,1711 DORCHESTER ROAD,DORCHESTER ROAD,EAST 17 STREET,EAST 18 STREET,11226,BROOKLYN,BROOKLYN,14 BROOKLYN,40.64020339584051,-73.96208691619492
32530366,2016-01-26T09:53:00.000,Snow,E9 Snow / Icy Sidewalk,Sidewalk,158 CENTRAL AVENUE,CENTRAL AVENUE,WILLOUGHBY AVENUE,SUYDAM STREET,11221,BROOKLYN,BROOKLYN,04 BROOKLYN,40.69938887468542,-73.92746769374187
32530367,2016-01-26T09:48:00.000,Snow,E9 Snow / Icy Sidewalk,Sidewalk,,,,,11226,BROOKLYN,BROOKLYN,14 BROOKLYN,40.646517764925505,-73.95810499625227
32530368,2016-01-26T10:10:00.000,Snow,E9 Snow / Icy Sidewalk,Sidewalk,,,,,,,QUEENS,Unspecified QUEENS,,
32530369,2016-01-26T11:22:00.000,Snow,E9 Snow / Icy Sidewalk,Sidewalk,,,,,11211,BROOKLYN,BROOKLYN,01 BROOKLYN,40.71735750641363,-73.94485019927168
32530373,2016-01-26T13:45:00.000,Snow,E9 Snow / Icy Sidewalk,Sidewalk,260 HERKIMER STREET,HERKIMER STREET,HERKIMER COURT,BROOKLYN AVENUE,11216,BROOKLYN,BROOKLYN,03 BROOKLYN,40.679372671639115,-73.94485276919808
32530374,2016-01-26T14:30:00.000,Snow,E9 Snow / Icy Sidewalk,Sidewalk,,,,,10011,NEW YORK,MANHATTAN,02 MANHATTAN,40.73539003074569,-73.99827520034003
32530380,2016-01-26T20:10:00.000,Snow,15S Re-Plow/Spread/Ice-Snow Cond.,Street,856 EAST  215 STREET,EAST  215 STREET,BARNES AVENUE,BRONXWOOD AVENUE,10467,BRONX,BRONX,12 BRONX,40.87931788955664,-73.85990917866171
32530381,2016-01-26T19:53:00.000,Snow,15S Re-Plow/Spread/Ice-Snow Cond.,Street,,,,,11212,BROOKLYN,BROOKLYN,08 BROOKLYN,40.667365266075045,-73.9227263046268
32530382,2016-01-26T20:43:00.000,Snow,15S Re-Plow/Spread/Ice-Snow Cond.,Street,,,,,11205,BROOKLYN,BROOKLYN,02 BROOKLYN,40.689673797761074,-73.96613344747152
32530383,2016-01-27T00:11:00.000,Snow,E9 Snow / Icy Sidewalk,Sidewalk,5 BRIGHTON    8 COURT,BRIGHTON    8 COURT,BRIGHTON 8 STREET,CONEY ISLAND AVENUE,11235,BROOKLYN,BROOKLYN,13 BROOKLYN,40.58255951032478,-73.96072279668185
32530416,2016-01-26T10:33:00.000,Snow,E9 Snow / Icy Sidewalk,Sidewalk,22-41 45 STREET,45 STREET,DITMARS BOULEVARD,23 AVENUE,11105,Astoria,QUEENS,01 QUEENS,40.77004099833206,-73.9041154853055
32530432,2016-01-26T11:42:00.000,Snow,E9 Snow / Icy Sidewalk,Sidewalk,135-01 230 STREET,230 STREET,135 AVENUE,137 AVENUE,11413,Springfield Gardens,QUEENS,13 QUEENS,40.67421819230771,-73.74157465735145
32530433,2016-01-26T11:49:00.000,Snow,E9 Snow / Icy Sidewalk,Sidewalk,,,,,11207,BROOKLYN,BROOKLYN,04 BROOKLYN,40.69002862993108,-73.91099524195668
32530434,2016-01-26T12:13:00.000,Snow,E9 Snow / Icy Sidewalk,Sidewalk,37-11 82 STREET,82 STREET,37 AVENUE,ROOSEVELT AVENUE,11372,Jackson Heights,QUEENS,03 QUEENS,40.74942067975196,-73.88424081212237
32530435,2016-01-26T14:18:00.000,Snow,E9 Snow / Icy Sidewalk,Sidewalk,,,,,11385,Ridgewood,QUEENS,05 QUEENS,40.70297559540572,-73.85874694117788
32530452,2016-01-26T14:48:00.000,Snow,E9 Snow / Icy Sidewalk,Sidewalk,,,,,11101,Long Island City,QUEENS,02 QUEENS,40.7447332449159,-73.93358950294318
32530453,2016-01-26T21:14:00.000,Snow,15S Re-Plow/Spread/Ice-Snow Cond.,Street,39-39 60 STREET,60 STREET,DEAD END,ROOSEVELT AVENUE,11377,Woodside,QUEENS,02 QUEENS,40.74618641768781,-73.90412455542923
32530454,2016-01-27T00:11:00.000,Snow,15S Re-Plow/Spread/Ice-Snow Cond.,Street,,,,,11412,Saint Albans,QUEENS,12 QUEENS,40.69069919668094,-73.75471942619849
32530490,2016-01-26T10:43:00.000,Snow,E9 Snow / Icy Sidewalk,Sidewalk,,,,,11218,BROOKLYN,BROOKLYN,12 BROOKLYN,40.64316538712898,-73.99049788660518
32530491,2016-01-26T10:34:00.000,Snow,E9 Snow / Icy Sidewalk,Sidewalk,,,,,10065,NEW YORK,MANHATTAN,08 MANHATTAN,40.76922264275274,-73.96730602275015
32530700,2016-01-26T18:18:00.000,Snow,E9 Snow / Icy Sidewalk,Sidewalk,201 CABRINI BOULEVARD,CABRINI BOULEVARD,BEND,WEST 186 STREET,10033,NEW YORK,MANHATTAN,12 MANHATTAN,40.85403958047091,-73.93911584599803
32530701,2016-01-26T11:19:00.000,Snow,E9 Snow / Icy Sidewalk,Sidewalk,164 4 AVENUE,4 AVENUE,DOUGLASS STREET,DE GRAW STREET,11217,BROOKLYN,BROOKLYN,06 BROOKLYN,40.67922251082968,-73.98182914480638
32530703,2016-01-26T11:26:00.000,Snow,E9 Snow / Icy Sidewalk,Sidewalk,89 THOMPSON STREET,THOMPSON STREET,BAY STREET,WRIGHT STREET,10304,STATEN ISLAND,STATEN ISLAND,01 STATEN ISLAND,40.625864374502925,-74.07689061833793
32530704,2016-01-26T11:25:00.000,Snow,E9 Snow / Icy Sidewalk,Sidewalk,,,,,11230,BROOKLYN,BROOKLYN,14 BROOKLYN,40.62029796128757,-73.9614138148195
32530706,2016-01-26T19:40:00.000,Snow,15S Re-Plow/Spread/Ice-Snow Cond.,Street,14-24 155 STREET,155 STREET,14 AVENUE,CRYDERS LANE,11357,Whitestone,QUEENS,07 QUEENS,40.78867095651844,-73.80677602436049
32530707,2016-01-26T12:28:00.000,Snow,E9 Snow / Icy Sidewalk,Sidewalk,,,,,11415,Kew Gardens,QUEENS,09 QUEENS,40.7033128695192,-73.83007346287668
32530708,2016-01-26T12:27:00.000,Snow,E9 Snow / Icy Sidewalk,Sidewalk,80-21 BROADWAY,BROADWAY,80 STREET,81 STREET,11373,Elmhurst,QUEENS,04 QUEENS,40.74372837588854,-73.88455023481484
32530710,2016-01-26T18:24:00.000,Snow,E9 Snow / Icy Sidewalk,Sidewalk,1582 LINCOLN PLACE,LINCOLN PLACE,BUFFALO AVENUE,RALPH AVENUE,11233,BROOKLYN,BROOKLYN,08 BROOKLYN,40.669353438647484,-73.92415871015584
32530711,2016-01-26T11:24:00.000,Snow,E9 Snow / Icy Sidewalk,Sidewalk,,,,,11208,BROOKLYN,BROOKLYN,05 BROOKLYN,40.673621238485836,-73.88421375423444
32530712,2016-01-26T11:35:00.000,Snow,E9 Snow / Icy Sidewalk,Sidewalk,127 CARDIFF STREET,CARDIFF STREET,COVENTRY LOOP,ROSEDALE AVENUE,10312,STATEN ISLAND,STATEN ISLAND,03 STATEN ISLAND,40.54675403672515,-74.1981016281905
32530714,2016-01-26T11:44:00.000,Snow,E9 Snow / Icy Sidewalk,Sidewalk,815 PELHAM PARKWAY,PELHAM PARKWAY,WALLACE AVENUE,BRONXWOOD AVENUE,10467,BRONX,BRONX,11 BRONX,40.85795951528806,-73.86291848538751
32530715,2016-01-26T11:31:00.000,Snow,E9 Snow / Icy Sidewalk,Sidewalk,37-50 65 STREET,65 STREET,37 ROAD,38 AVENUE,11377,Woodside,QUEENS,02 QUEENS,40.74734258030688,-73.89844590753626
32530716,2016-01-26T11:59:00.000,Snow,E9 Snow / Icy Sidewalk,Sidewalk,345 HUMBOLDT STREET,HUMBOLDT STREET,AINSLIE STREET,DEVOE STREET,11211,BROOKLYN,BROOKLYN,01 BROOKLYN,40.71384859004487,-73.94257695807296
32530717,2016-01-26T19:07:00.000,Snow,E9 Snow / Icy Sidewalk,Sidewalk,,,,,11225,BROOKLYN,BROOKLYN,09 BROOKLYN,40.65803049015393,-73.94743298682435
32530719,2016-01-26T12:25:00.000,Snow,E9 Snow / Icy Sidewalk,Sidewalk,48 EVERETT AVENUE,EVERETT AVENUE,FINLAY AVENUE,VAIL AVENUE,10309,STATEN ISLAND,STATEN ISLAND,03 STATEN ISLAND,40.5187057869864,-74.20530178970598
32530720,2016-01-26T12:20:00.000,Snow,E9 Snow / Icy Sidewalk,Sidewalk,90-36 82 ROAD,82 ROAD,BEND,DEAD END,11385,Ridgewood,QUEENS,06 QUEENS,40.70389489064375,-73.85418255882502
32530721,2016-01-26T20:13:00.000,Snow,E9 Snow / Icy Sidewalk,Sidewalk,45 TWIN PINES DRIVE,TWIN PINES DRIVE,LOUISIANA AVENUE,PENNSYLVANIA AVENUE,11239,BROOKLYN,BROOKLYN,05 BROOKLYN,40.64787152689859,-73.8833106836851
32530723,2016-01-26T19:01:00.000,Snow,E9 Snow / Icy Sidewalk,Sidewalk,401 HAWTHORNE STREET,HAWTHORNE STREET,NEW YORK AVENUE,BROOKLYN AVENUE,11203,BROOKLYN,BROOKLYN,09 BROOKLYN,40.65807962121016,-73.94683465317081
32530724,2016-01-26T11:54:00.000,Snow,E9 Snow / Icy Sidewalk,Sidewalk,105-23 91 STREET,91 STREET,LIBERTY AVENUE,107 AVENUE,11417,Ozone Park,QUEENS,10 QUEENS,40.67979560927984,-73.8476915167243
32530725,2016-01-26T11:50:00.000,Snow,E9 Snow / Icy Sidewalk,Sidewalk,41-27 69 STREET,69 STREET,41 AVENUE,BROOKLYN QUEENS EXPRESSWAY,11377,Woodside,QUEENS,02 QUEENS,40.743843441842344,-73.89584205875975
32530727,2016-01-26T19:15:00.000,Snow,E9 Snow / Icy Sidewalk,Sidewalk,369 SOUTH    1 STREET,SOUTH    1 STREET,GRAND STREET EXTENSION,HOOPER STREET,11211,BROOKLYN,BROOKLYN,01 BROOKLYN,40.71070505437981,-73.95294988270376
32530728,2016-01-26T12:22:00.000,Snow,E9 Snow / Icy Sidewalk,Sidewalk,935 GARRISON AVENUE,GARRISON AVENUE,TIFFANY STREET,BARRETTO STREET,10474,BRONX,BRONX,02 BRONX,40.81792237097816,-73.8912245104243
32530729,2016-01-26T12:53:00.000,Snow,E9 Snow / Icy Sidewalk,Sidewalk,2510 YOUNG AVENUE,YOUNG AVENUE,MACE AVENUE,ALLERTON AVENUE,10469,BRONX,BRONX,11 BRONX,40.86330969508761,-73.84817505614164
32530733,2016-01-26T12:03:00.000,Snow,E9 Snow / Icy Sidewalk,Sidewalk,86-20 FOREST PARKWAY,FOREST PARKWAY,86 AVENUE,86 ROAD,11421,Woodhaven,QUEENS,09 QUEENS,40.69311940128399,-73.86123077764456
32530734,2016-01-26T12:18:00.000,Snow,E9 Snow / Icy Sidewalk,Sidewalk,,,,,11215,BROOKLYN,BROOKLYN,06 BROOKLYN,40.67641163787526,-73.9804599435854
32530735,2016-01-26T12:43:00.000,Snow,E9 Snow / Icy Sidewalk,Sidewalk,,,,,11369,East Elmhurst,QUEENS,03 QUEENS,40.761703638150195,-73.88174675411298
32530736,2016-01-26T12:43:00.000,Snow,E9 Snow / Icy Sidewalk,Sidewalk,,,,,10031,NEW YORK,MANHATTAN,09 MANHATTAN,40.82642774203356,-73.95045075558801
32530737,2016-01-26T12:19:00.000,Snow,E9 Snow / Icy Sidewalk,Sidewalk,235 EAST   89 STREET,EAST   89 STREET,3 AVENUE,2 AVENUE,10128,NEW YORK,MANHATTAN,08 MANHATTAN,40.78039098243744,-73.95169102260046
32530738,2016-01-26T12:15:00.000,Snow,E9 Snow / Icy Sidewalk,Sidewalk,321 GRAHAM AVENUE,GRAHAM AVENUE,DEVOE STREET,METROPOLITAN AVENUE,11211,BROOKLYN,BROOKLYN,01 BROOKLYN,40.71390432891684,-73.94429393967539
32530739,2016-01-26T12:41:00.000,Snow,E9 Snow / Icy Sidewalk,Sidewalk,,,,,11218,BROOKLYN,BROOKLYN,07 BROOKLYN,40.647692997464205,-73.98036384915527
32530740,2016-01-26T20:01:00.000,Snow,E9 Snow / Icy Sidewalk,Sidewalk,156 HENRY STREET,HENRY STREET,CLARK STREET,LOVE LANE,11201,BROOKLYN,BROOKLYN,02 BROOKLYN,40.69611234569536,-73.99368186450546
32530741,2016-01-26T19:46:00.000,Snow,E9 Snow / Icy Sidewalk,Sidewalk,111 LEFFERTS PLACE,LEFFERTS PLACE,GRAND AVENUE,CLASSON AVENUE,11238,BROOKLYN,BROOKLYN,02 BROOKLYN,40.68100360829482,-73.95933801902126
32530742,2016-01-26T19:45:00.000,Snow,E9 Snow / Icy Sidewalk,Sidewalk,175 NORTH BURGHER AVENUE,NORTH BURGHER AVENUE,HENDERSON AVENUE,DOE PLACE,10310,STATEN ISLAND,STATEN ISLAND,01 STATEN ISLAND,40.63708352040395,-74.11494819163623
32530748,2016-01-26T06:16:00.000,Snow,E9 Snow / Icy Sidewalk,Sidewalk,,,,,10468,BRONX,BRONX,07 BRONX,40.862750117012915,-73.90493263685111
32530749,2016-01-26T09:22:00.000,Snow,E9 Snow / Icy Sidewalk,Sidewalk,171 DEVOE STREET,DEVOE STREET,GRAHAM AVENUE,HUMBOLDT STREET,11211,BROOKLYN,BROOKLYN,01 BROOKLYN,40.713873763964955,-73.9435292380947
32530752,2016-01-26T07:40:00.000,Snow,E9 Snow / Icy Sidewalk,Sidewalk,,,,,10018,NEW YORK,MANHATTAN,04 MANHATTAN,40.75590965706011,-73.99446666861873
32530760,2016-01-26T11:27:00.000,Snow,E9 Snow / Icy Sidewalk,Sidewalk,,,,,11420,South Ozone Park,QUEENS,10 QUEENS,40.67499688130738,-73.80853659410568
32530761,2016-01-26T19:10:00.000,Snow,E9 Snow / Icy Sidewalk,Sidewalk,430 EAST    6 STREET,EAST    6 STREET,1 AVENUE,AVENUE A,10009,NEW YORK,MANHATTAN,03 MANHATTAN,40.726054201635584,-73.9853665116962
32530762,2016-01-26T11:52:00.000,Snow,E9 Snow / Icy Sidewalk,Sidewalk,5913 20 AVENUE,20 AVENUE,59 STREET,60 STREET,11204,BROOKLYN,BROOKLYN,12 BROOKLYN,40.61982000863519,-73.9824144508639
32530763,2016-01-26T14:40:00.000,Snow,E9 Snow / Icy Sidewalk,Sidewalk,53-07 192 STREET,192 STREET,53 AVENUE,56 AVENUE,11365,Fresh Meadows,QUEENS,11 QUEENS,40.746296922930995,-73.78622675574417
32530765,2016-01-26T11:46:00.000,Snow,E9 Snow / Icy Sidewalk,Sidewalk,140-40 COOMBS STREET,COOMBS STREET,140 AVENUE,DEAD END,11413,Springfield Gardens,QUEENS,12 QUEENS,40.67209099941047,-73.75798906158812
32530767,2016-01-26T14:23:00.000,Snow,E9 Snow / Icy Sidewalk,Sidewalk,67-52 GROTON STREET,GROTON STREET,YELLOWSTONE BOULEVARD,68 AVENUE,11375,Forest Hills,QUEENS,06 QUEENS,40.71894390474971,-73.85593533738391
32530768,2016-01-26T14:44:00.000,Snow,E9 Snow / Icy Sidewalk,Sidewalk,,,,,11418,Richmond Hill,QUEENS,09 QUEENS,40.70000936227008,-73.83088612347797
32530770,2016-01-26T19:22:00.000,Snow,E9 Snow / Icy Sidewalk,Sidewalk,111-29 131 STREET,131 STREET,111 AVENUE,LINDEN BOULEVARD,11420,South Ozone Park,QUEENS,10 QUEENS,40.683016335208656,-73.81137997475778
32530771,2016-01-26T20:28:00.000,Snow,E9 Snow / Icy Sidewalk,Sidewalk,,,,,11414,Howard Beach,QUEENS,10 QUEENS,40.66125433558458,-73.83745781212015
32530772,2016-01-26T20:24:00.000,Snow,E9 Snow / Icy Sidewalk,Sidewalk,44 FOREST GREEN,FOREST GREEN,BEND,BIRCH LANE,10312,STATEN ISLAND,STATEN ISLAND,03 STATEN ISLAND,40.55526545875905,-74.19504282274039
32530773,2016-01-26T19:59:00.000,Snow,E9 Snow / Icy Sidewalk,Sidewalk,,,,,11385,Ridgewood,QUEENS,05 QUEENS,40.70406742753957,-73.90011319575707
32530774,2016-01-26T19:50:00.000,Snow,E9 Snow / Icy Sidewalk,Sidewalk,2230 HYLAN BOULEVARD,HYLAN BOULEVARD,LINCOLN AVENUE,GREELEY AVENUE,10306,STATEN ISLAND,STATEN ISLAND,02 STATEN ISLAND,40.57614018825533,-74.10404400836238
32530775,2016-01-26T19:40:00.000,Snow,E9 Snow / Icy Sidewalk,Sidewalk,,,,,10303,STATEN ISLAND,STATEN ISLAND,01 STATEN ISLAND,40.62736690658295,-74.16655934062803
32530776,2016-01-26T14:34:00.000,Snow,E9 Snow / Icy Sidewalk,Sidewalk,200 MONTAGUE STREET,MONTAGUE STREET,CLINTON STREET,COURT STREET,11201,BROOKLYN,BROOKLYN,02 BROOKLYN,40.69390263892038,-73.99112893937445
32530777,2016-01-26T14:45:00.000,Snow,E9 Snow / Icy Sidewalk,Sidewalk,1223 PRESIDENT STREET,PRESIDENT STREET,NOSTRAND AVENUE,NEW YORK AVENUE,11225,BROOKLYN,BROOKLYN,09 BROOKLYN,40.66801968113069,-73.94953027273324
32530781,2016-01-26T00:28:00.000,Snow,E9 Snow / Icy Sidewalk,Sidewalk,,,,,10040,NEW YORK,MANHATTAN,12 MANHATTAN,40.858744389082254,-73.93011726711445
32530782,2016-01-26T17:49:00.000,Snow,E9 Snow / Icy Sidewalk,Sidewalk,2143 EAST   12 STREET,EAST   12 STREET,AVENUE U,AVENUE V,11229,BROOKLYN,BROOKLYN,15 BROOKLYN,40.59746626797902,-73.95999024420829
32530783,2016-01-26T17:48:00.000,Snow,E9 Snow / Icy Sidewalk,Sidewalk,3493 CANNON PLACE,CANNON PLACE,BEND,WEST 238 STREET,10463,BRONX,BRONX,08 BRONX,40.88209941278358,-73.89757827950791
32530784,2016-01-26T18:09:00.000,Snow,E9 Snow / Icy Sidewalk,Sidewalk,,,,,10023,NEW YORK,MANHATTAN,07 MANHATTAN,40.77879404063979,-73.98205472388632
32530787,2016-01-26T07:46:00.000,Snow,E9 Snow / Icy Sidewalk,Sidewalk,247 LINDEN BOULEVARD,LINDEN BOULEVARD,ROGERS AVENUE,NOSTRAND AVENUE,11226,BROOKLYN,BROOKLYN,17 BROOKLYN,40.65262724849135,-73.95020503308123
32530788,2016-01-26T18:05:00.000,Snow,15S Re-Plow/Spread/Ice-Snow Cond.,Street,47-12 SMART STREET,SMART STREET,LABURNUM AVENUE,NEGUNDO AVENUE,11355,Flushing,QUEENS,07 QUEENS,40.75109380176095,-73.81415761102186
32530789,2016-01-26T18:04:00.000,Snow,E9 Snow / Icy Sidewalk,Sidewalk,873 CONEY ISLAND AVENUE,CONEY ISLAND AVENUE,DITMAS AVENUE,18 AVENUE,11218,BROOKLYN,BROOKLYN,14 BROOKLYN,40.63594523459639,-73.96782169336115
32530790,2016-01-26T18:05:00.000,Snow,E9 Snow / Icy Sidewalk,Sidewalk,107-20 88 STREET,88 STREET,107 AVENUE,SUTTER AVENUE,11417,Ozone Park,QUEENS,10 QUEENS,40.677720336947985,-73.84961064538973
32530793,2016-01-26T08:59:00.000,Snow,E9 Snow / Icy Sidewalk,Sidewalk,102-14 45 AVENUE,45 AVENUE,102 STREET,104 STREET,11368,Corona,QUEENS,04 QUEENS,40.7464539148634,-73.86209049703055
32530842,2016-01-26T14:51:00.000,Snow,E9 Snow / Icy Sidewalk,Sidewalk,,,,,11211,BROOKLYN,BROOKLYN,01 BROOKLYN,40.70535077829402,-73.96248628061491
32531181,2016-01-26T03:23:00.000,Snow,E9 Snow / Icy Sidewalk,Sidewalk,914 RHINELANDER AVENUE,RHINELANDER AVENUE,BRONXDALE AVENUE,FOWLER AVENUE,10462,BRONX,BRONX,11 BRONX,40.84881949593093,-73.86050474608648
32531182,2016-01-26T03:54:00.000,Snow,E9 Snow / Icy Sidewalk,Sidewalk,1433 ZEREGA AVENUE,ZEREGA AVENUE,TRATMAN AVENUE,LYON AVENUE,10462,BRONX,BRONX,10 BRONX,40.837462132986175,-73.84768472863281
32531183,2016-01-26T05:10:00.000,Snow,E9 Snow / Icy Sidewalk,Sidewalk,881 EAST GUNHILL ROAD,EAST GUNHILL ROAD,BARNES AVENUE,BRONXWOOD AVENUE,10467,BRONX,BRONX,12 BRONX,40.875575116559816,-73.86072704390614
32531184,2016-01-26T05:24:00.000,Snow,E9 Snow / Icy Sidewalk,Sidewalk,,,,,,,STATEN ISLAND,Unspecified STATEN ISLAND,,
32531185,2016-01-26T13:39:00.000,Snow,E9 Snow / Icy Sidewalk,Sidewalk,5104 CLARENDON ROAD,CLARENDON ROAD,EAST 51 STREET,EAST 52 STREET,11203,BROOKLYN,BROOKLYN,17 BROOKLYN,40.644496684694396,-73.92842462464176
32531186,2016-01-26T13:30:00.000,Snow,E9 Snow / Icy Sidewalk,Sidewalk,7 DOUGLAS STREET,DOUGLAS STREET,COURT STREET,SMITH STREET,11231,BROOKLYN,BROOKLYN,06 BROOKLYN,40.68424399833892,-73.99439689778549
32531188,2016-01-26T21:20:00.000,Snow,E9 Snow / Icy Sidewalk,Sidewalk,,,,,11237,BROOKLYN,BROOKLYN,01 BROOKLYN,40.70495773640517,-73.93150837595185
32531189,2016-01-26T06:56:00.000,Snow,E9 Snow / Icy Sidewalk,Sidewalk,110-27 71 AVENUE,71 AVENUE,110 STREET,112 STREET,11375,Forest Hills,QUEENS,06 QUEENS,40.72243229768701,-73.84117602862386
32531190,2016-01-26T13:52:00.000,Snow,E9 Snow / Icy Sidewalk,Sidewalk,639 KLONDIKE AVENUE,KLONDIKE AVENUE,DENKER PLACE,NEHRING AVENUE,10314,STATEN ISLAND,STATEN ISLAND,02 STATEN ISLAND,40.5888353380347,-74.15685362296804
32531191,2016-01-26T22:22:00.000,Snow,15S Re-Plow/Spread/Ice-Snow Cond.,Street,,,,,11362,Little Neck,QUEENS,11 QUEENS,40.7679720765245,-73.7276078214692
32531192,2016-01-26T13:50:00.000,Snow,E9 Snow / Icy Sidewalk,Sidewalk,1059 HUNTINGTON AVENUE,HUNTINGTON AVENUE,BARKLEY AVENUE,BRUCKNER BOULEVARD,10465,BRONX,BRONX,10 BRONX,40.829508229891616,-73.83207464590078
32531193,2016-01-26T13:11:00.000,Snow,E9 Snow / Icy Sidewalk,Sidewalk,111 LEXINGTON AVENUE,LEXINGTON AVENUE,EAST 27 STREET,EAST 28 STREET,10016,NEW YORK,MANHATTAN,06 MANHATTAN,40.7424399963846,-73.9825950019572
32531194,2016-01-26T13:04:00.000,Snow,E9 Snow / Icy Sidewalk,Sidewalk,2121 RANDALL AVENUE,RANDALL AVENUE,OLMSTEAD AVENUE,CASTLE HILL AVENUE,10473,BRONX,BRONX,09 BRONX,40.818702915413624,-73.85049513890108
32531196,2016-01-26T13:14:00.000,Snow,E9 Snow / Icy Sidewalk,Sidewalk,2476 EAST   66 STREET,EAST   66 STREET,GAYLORD DRIVE,BASSETT AVENUE,11234,BROOKLYN,BROOKLYN,18 BROOKLYN,40.61007537853997,-73.90697801179527
32531197,2016-01-26T13:13:00.000,Snow,E9 Snow / Icy Sidewalk,Sidewalk,52-37 2 STREET,2 STREET,LONG ISLAND RAILROAD,54 AVENUE,11101,Long Island City,QUEENS,02 QUEENS,40.74126206198394,-73.95916050461081
32531203,2016-01-26T14:13:00.000,Snow,E9 Snow / Icy Sidewalk,Sidewalk,97-14 ATLANTIC AVENUE,ATLANTIC AVENUE,97 STREET,98 STREET,11416,Ozone Park,QUEENS,09 QUEENS,40.689157561884905,-73.8452758335683
32531204,2016-01-26T23:02:00.000,Snow,E9 Snow / Icy Sidewalk,Sidewalk,601 MARLBOROUGH ROAD,MARLBOROUGH ROAD,NEWKIRK AVENUE,FOSTER AVENUE,11226,BROOKLYN,BROOKLYN,14 BROOKLYN,40.63529885534431,-73.96330029572755
32531207,2016-01-26T20:48:00.000,Snow,E9 Snow / Icy Sidewalk,Sidewalk,509 72 STREET,72 STREET,5 AVENUE,6 AVENUE,11209,BROOKLYN,BROOKLYN,10 BROOKLYN,40.631484744548374,-74.02127063287796
32531209,2016-01-26T21:06:00.000,Snow,E9 Snow / Icy Sidewalk,Sidewalk,868 ARTHUR KILL ROAD,ARTHUR KILL ROAD,GETZ AVENUE,RICHMOND AVENUE,10312,STATEN ISLAND,STATEN ISLAND,03 STATEN ISLAND,40.56099067034941,-74.16938818645869
32531212,2016-01-26T19:33:00.000,Snow,E9 Snow / Icy Sidewalk,Sidewalk,1800 52 STREET,52 STREET,18 AVENUE,LONG ISLAND RAILROAD,11204,BROOKLYN,BROOKLYN,12 BROOKLYN,40.62655576099131,-73.98264683750794
32531213,2016-01-26T19:32:00.000,Snow,E9 Snow / Icy Sidewalk,Sidewalk,1681 UNION STREET,UNION STREET,TROY AVENUE,SCHENECTADY AVENUE,11213,BROOKLYN,BROOKLYN,09 BROOKLYN,40.668023186145504,-73.9346788079408
32531214,2016-01-26T20:42:00.000,Snow,E9 Snow / Icy Sidewalk,Sidewalk,249 EAST    9 STREET,EAST    9 STREET,BEVERLEY ROAD,AVENUE C,11218,BROOKLYN,BROOKLYN,12 BROOKLYN,40.642500497936375,-73.97048140364059
32531215,2016-01-26T20:50:00.000,Snow,E9 Snow / Icy Sidewalk,Sidewalk,25-14 31 AVENUE,31 AVENUE,CRESCENT STREET,29 STREET,11106,Astoria,QUEENS,01 QUEENS,40.76556679890412,-73.92609963178279
32531216,2016-01-26T08:22:00.000,Snow,E9 Snow / Icy Sidewalk,Sidewalk,351 KOSCIUSZKO STREET,KOSCIUSZKO STREET,THROOP AVENUE,MARCUS GARVEY BOULEVARD,11221,BROOKLYN,BROOKLYN,03 BROOKLYN,40.69182924626366,-73.94093355071911
32531217,2016-01-26T08:16:00.000,Snow,E9 Snow / Icy Sidewalk,Sidewalk,199-25 47 AVENUE,47 AVENUE,197 STREET,FRANCIS LEWIS BOULEVARD,11358,Flushing,QUEENS,11 QUEENS,40.75319645021418,-73.781418625368
32531218,2016-01-26T08:55:00.000,Snow,E9 Snow / Icy Sidewalk,Sidewalk,40-47 97 STREET,97 STREET,40 ROAD,41 AVENUE,11368,Corona,QUEENS,04 QUEENS,40.748184330476164,-73.8678145006521
32531220,2016-01-26T23:50:00.000,Snow,15S Re-Plow/Spread/Ice-Snow Cond.,Street,55-36 137 STREET,137 STREET,ELDER AVENUE,56 AVENUE,11355,Flushing,QUEENS,07 QUEENS,40.749292410026804,-73.82774739432121
32531221,2016-01-26T13:53:00.000,Snow,E9 Snow / Icy Sidewalk,Sidewalk,,,,,11234,BROOKLYN,BROOKLYN,18 BROOKLYN,40.623561520241374,-73.92736998044037
32531222,2016-01-26T08:12:00.000,Snow,E9 Snow / Icy Sidewalk,Sidewalk,,,,,10022,NEW YORK,MANHATTAN,06 MANHATTAN,40.754876209548584,-73.96852222092697
32531223,2016-01-26T22:03:00.000,Snow,E9 Snow / Icy Sidewalk,Sidewalk,166 NORWOOD AVENUE,NORWOOD AVENUE,FORCE TUBE AVENUE,ARLINGTON AVENUE,11208,BROOKLYN,BROOKLYN,05 BROOKLYN,40.68223750758222,-73.87927729357415
32531224,2016-01-26T22:29:00.000,Snow,E9 Snow / Icy Sidewalk,Sidewalk,218 AVENUE J,AVENUE J,EAST 2 STREET,EAST 3 STREET,11230,BROOKLYN,BROOKLYN,12 BROOKLYN,40.623743547405425,-73.97436580811086
32531225,2016-01-26T22:17:00.000,Snow,E9 Snow / Icy Sidewalk,Sidewalk,270 BLEECKER STREET,BLEECKER STREET,MYRTLE AVENUE,IRVING AVENUE,11237,BROOKLYN,BROOKLYN,04 BROOKLYN,40.69934616565519,-73.91706322409237
32531226,2016-01-26T21:08:00.000,Snow,E9 Snow / Icy Sidewalk,Sidewalk,2848 CHURCH AVENUE,CHURCH AVENUE,LLOYD STREET,NOSTRAND AVENUE,11226,BROOKLYN,BROOKLYN,17 BROOKLYN,40.650736348104374,-73.9507974658622
32531230,2016-01-26T08:26:00.000,Snow,E9 Snow / Icy Sidewalk,Sidewalk,,,,,11231,BROOKLYN,BROOKLYN,06 BROOKLYN,40.68304735609285,-74.00365601267012
32531231,2016-01-26T08:15:00.000,Snow,E9 Snow / Icy Sidewalk,Sidewalk,113-65 NORTH CONDUIT AVENUE,NORTH CONDUIT AVENUE,UNNAMED STREET,114 STREET,11420,South Ozone Park,QUEENS,10 QUEENS,40.666080285224446,-73.82843449055464
32531232,2016-01-26T23:18:00.000,Snow,E9 Snow / Icy Sidewalk,Sidewalk,42-46 DOUGLASTON PARKWAY,DOUGLASTON PARKWAY,42 AVENUE,43 AVENUE,11363,Little Neck,QUEENS,11 QUEENS,40.76803900490882,-73.74734425222212
32531233,2016-01-26T22:02:00.000,Snow,E9 Snow / Icy Sidewalk,Sidewalk,113-65 NORTH CONDUIT AVENUE,NORTH CONDUIT AVENUE,UNNAMED STREET,114 STREET,11420,South Ozone Park,QUEENS,10 QUEENS,40.666080285224446,-73.82843449055464
32531234,2016-01-26T22:23:00.000,Snow,E9 Snow / Icy Sidewalk,Sidewalk,42-01 192 STREET,192 STREET,42 AVENUE,NORTHERN BOULEVARD,11358,Flushing,QUEENS,11 QUEENS,40.75920621223523,-73.78959285115857
32531235,2016-01-26T13:45:00.000,Snow,E9 Snow / Icy Sidewalk,Sidewalk,188-16 120 AVENUE,120 AVENUE,FARMERS BOULEVARD,189 STREET,11412,Saint Albans,QUEENS,12 QUEENS,40.68658380746797,-73.76078139059638
32531236,2016-01-26T14:13:00.000,Snow,E9 Snow / Icy Sidewalk,Sidewalk,5701 MOSHOLU AVENUE,MOSHOLU AVENUE,FIELDSTON ROAD,SPENCER AVENUE,10471,BRONX,BRONX,08 BRONX,40.90549497844295,-73.90057739553998
32531238,2016-01-26T23:34:00.000,Snow,E9 Snow / Icy Sidewalk,Sidewalk,4 MCGUINNESS BOULEVARD,MCGUINNESS BOULEVARD,DRIGGS AVENUE,NASSAU AVENUE,11222,BROOKLYN,BROOKLYN,01 BROOKLYN,40.722952422066506,-73.94718696325897
32531239,2016-01-26T08:04:00.000,Snow,E9 Snow / Icy Sidewalk,Sidewalk,309 PROSPECT PLACE,PROSPECT PLACE,VANDERBILT AVENUE,UNDERHILL AVENUE,11238,BROOKLYN,BROOKLYN,08 BROOKLYN,40.67719619568407,-73.96658683096115
32531240,2016-01-26T08:28:00.000,Snow,E9 Snow / Icy Sidewalk,Sidewalk,301 WALTON AVENUE,WALTON AVENUE,EAST 138 STREET,EAST 140 STREET,10451,BRONX,BRONX,01 BRONX,40.81475480165054,-73.9299503109069
32531248,2016-01-26T09:41:00.000,Snow,E9 Snow / Icy Sidewalk,Sidewalk,,,,,10466,BRONX,BRONX,12 BRONX,40.89416852680063,-73.85695535152136
32531249,2016-01-26T08:37:00.000,Snow,E9 Snow / Icy Sidewalk,Sidewalk,,,,,11415,Kew Gardens,QUEENS,09 QUEENS,40.70709681101526,-73.83497994350316
32531250,2016-01-26T08:34:00.000,Snow,E9 Snow / Icy Sidewalk,Sidewalk,3260 BOSTON ROAD,BOSTON ROAD,YATES AVENUE,EAST GUN HILL ROAD,10469,BRONX,BRONX,11 BRONX,40.872803231531925,-73.85426774721803
32531251,2016-01-26T09:19:00.000,Snow,E9 Snow / Icy Sidewalk,Sidewalk,,,,,11373,Elmhurst,QUEENS,04 QUEENS,40.736752343034745,-73.8776701929152
32531254,2016-01-26T09:35:00.000,Snow,E9 Snow / Icy Sidewalk,Sidewalk,33-01 BROADWAY,BROADWAY,33 STREET,34 STREET,11106,Astoria,QUEENS,01 QUEENS,40.76117636400935,-73.92366069160519
32531257,2016-01-26T09:34:00.000,Snow,E9 Snow / Icy Sidewalk,Sidewalk,111-31 77 AVENUE,77 AVENUE,AUSTIN STREET,KEW FOREST LANE,11375,Forest Hills,QUEENS,06 QUEENS,40.71530321138648,-73.8346638283069
32531258,2016-01-26T09:33:00.000,Snow,E9 Snow / Icy Sidewalk,Sidewalk,1610 EASTCHESTER ROAD,EASTCHESTER ROAD,SILVER STREET,JARRETT PLACE,10461,BRONX,BRONX,10 BRONX,40.84474691225674,-73.84585366751499
32531259,2016-01-26T08:34:00.000,Snow,E9 Snow / Icy Sidewalk,Sidewalk,202-20 109 AVENUE,109 AVENUE,202 STREET,203 STREET,11412,Saint Albans,QUEENS,12 QUEENS,40.70780198441546,-73.75604875378303
32531260,2016-01-26T08:30:00.000,Snow,E9 Snow / Icy Sidewalk,Sidewalk,6917 8 AVENUE,8 AVENUE,BAY RIDGE AVENUE,70 STREET,11228,BROOKLYN,BROOKLYN,10 BROOKLYN,40.63019842089541,-74.01505199709584
32531261,2016-01-26T10:14:00.000,Snow,E9 Snow / Icy Sidewalk,Sidewalk,66 GROVE STREET,GROVE STREET,BUSHWICK AVENUE,BEND,11221,BROOKLYN,BROOKLYN,04 BROOKLYN,40.69210064447455,-73.92194397816273
32531262,2016-01-26T10:42:00.000,Snow,E9 Snow / Icy Sidewalk,Sidewalk,,,,,11238,BROOKLYN,BROOKLYN,02 BROOKLYN,40.68237402997444,-73.9616086478536
32531265,2016-01-26T13:12:00.000,Snow,E9 Snow / Icy Sidewalk,Sidewalk,2501 EAST   65 STREET,EAST   65 STREET,BASSETT WALK,MAYFAIR DRIVE,11234,BROOKLYN,BROOKLYN,18 BROOKLYN,40.60971126814658,-73.90815623463067
32531266,2016-01-26T02:28:00.000,Snow,E9 Snow / Icy Sidewalk,Sidewalk,38-11 QUEENS BOULEVARD,QUEENS BOULEVARD,38 STREET,39 STREET,11101,Long Island City,QUEENS,02 QUEENS,40.744117081516734,-73.92684880159271
32531267,2016-01-26T10:56:00.000,Snow,E9 Snow / Icy Sidewalk,Sidewalk,13 VAN CORLEAR PLACE,VAN CORLEAR PLACE,BEND,BEND,10463,NEW YORK,MANHATTAN,08 BRONX,40.87634402675366,-73.91110382456932
32531268,2016-01-26T10:13:00.000,Snow,E9 Snow / Icy Sidewalk,Sidewalk,41-25 39 PLACE,39 PLACE,SKILLMAN AVENUE,43 AVENUE,11104,Sunnyside,QUEENS,02 QUEENS,40.74704424977085,-73.92455387245592
32531271,2016-01-26T09:48:00.000,Snow,E9 Snow / Icy Sidewalk,Sidewalk,190 COZINE AVENUE,COZINE AVENUE,VERMONT STREET,VAN SICLEN AVENUE,11207,BROOKLYN,BROOKLYN,05 BROOKLYN,40.655218076771995,-73.88480431995897
32531272,2016-01-26T13:44:00.000,Snow,E9 Snow / Icy Sidewalk,Sidewalk,,,,,11434,Jamaica,QUEENS,12 QUEENS,40.67520039195903,-73.78989032698581
32531273,2016-01-26T13:59:00.000,Snow,E9 Snow / Icy Sidewalk,Sidewalk,1330 3 AVENUE,3 AVENUE,EAST 76 STREET,EAST 77 STREET,10075,NEW YORK,MANHATTAN,08 MANHATTAN,40.77243120945211,-73.95865759977117
32531274,2016-01-26T21:12:00.000,Snow,15S Re-Plow/Spread/Ice-Snow Cond.,Street,,,,,10312,STATEN ISLAND,STATEN ISLAND,03 STATEN ISLAND,40.55529584426005,-74.17079521460504
32531276,2016-01-26T07:38:00.000,Snow,E9 Snow / Icy Sidewalk,Sidewalk,1809 AVENUE P,AVENUE P,EAST 18 STREET,EAST 19 STREET,11229,BROOKLYN,BROOKLYN,14 BROOKLYN,40.61074396041184,-73.95554507771058
32531277,2016-01-26T07:35:00.000,Snow,E9 Snow / Icy Sidewalk,Sidewalk,84-51 LANDER STREET,LANDER STREET,84 ROAD,PERSHING CRESCENT,11435,Jamaica,QUEENS,08 QUEENS,40.71248791616853,-73.81535099711427
32531279,2016-01-26T21:56:00.000,Snow,E9 Snow / Icy Sidewalk,Sidewalk,,,,,11103,Astoria,QUEENS,01 QUEENS,40.75705155408246,-73.91282235322954
32531280,2016-01-26T21:53:00.000,Snow,E9 Snow / Icy Sidewalk,Sidewalk,37-03 WOODSIDE AVENUE,WOODSIDE AVENUE,37 AVENUE,37 ROAD,11377,Woodside,QUEENS,02 QUEENS,40.75150481307103,-73.90976897464863
32531281,2016-01-26T22:59:00.000,Snow,E9 Snow / Icy Sidewalk,Sidewalk,1334 PRESIDENT STREET,PRESIDENT STREET,NEW YORK AVENUE,BROOKLYN AVENUE,11213,BROOKLYN,BROOKLYN,09 BROOKLYN,40.6677928679798,-73.94570584574375
32531282,2016-01-26T10:58:00.000,Snow,E9 Snow / Icy Sidewalk,Sidewalk,18 OCEAN PARKWAY,OCEAN PARKWAY,SHERMAN STREET,PEDESTRIAN OVERPASS,11218,BROOKLYN,BROOKLYN,07 BROOKLYN,40.65045565838004,-73.97367803530975
32531283,2016-01-26T10:55:00.000,Snow,E9 Snow / Icy Sidewalk,Sidewalk,1502 NEWKIRK AVENUE,NEWKIRK AVENUE,EAST 15 STREET,NEWKIRK PLAZA,11226,BROOKLYN,BROOKLYN,14 BROOKLYN,40.635551361948835,-73.96325692122969
32531284,2016-01-26T11:00:00.000,Snow,E9 Snow / Icy Sidewalk,Sidewalk,1115 COLGATE AVENUE,COLGATE AVENUE,WATSON AVENUE,WESTCHESTER AVENUE,10472,BRONX,BRONX,09 BRONX,40.82632811771131,-73.88151989349765
32531285,2016-01-26T10:39:00.000,Snow,E9 Snow / Icy Sidewalk,Sidewalk,101 JEWETT AVENUE,JEWETT AVENUE,NEW STREET,BOND STREET,10302,STATEN ISLAND,STATEN ISLAND,01 STATEN ISLAND,40.63469723029812,-74.12889821506089
32531290,2016-01-26T23:25:00.000,Snow,E9 Snow / Icy Sidewalk,Sidewalk,,,,,11210,BROOKLYN,BROOKLYN,17 BROOKLYN,40.63411720008932,-73.9458665509684
32531291,2016-01-26T08:27:00.000,Snow,E9 Snow / Icy Sidewalk,Sidewalk,394 CLASSON AVENUE,CLASSON AVENUE,GREENE AVENUE,LEXINGTON AVENUE,11238,BROOKLYN,BROOKLYN,02 BROOKLYN,40.68679242556804,-73.95960131362824
32531292,2016-01-26T08:50:00.000,Snow,E9 Snow / Icy Sidewalk,Sidewalk,39-90 46 STREET,46 STREET,39 AVENUE,SKILLMAN AVENUE,11104,Sunnyside,QUEENS,02 QUEENS,40.74685310686364,-73.91797129148404
32531295,2016-01-26T10:59:00.000,Snow,E9 Snow / Icy Sidewalk,Sidewalk,141-01 32 AVENUE,32 AVENUE,LEAVITT STREET,UNION STREET,11354,Flushing,QUEENS,07 QUEENS,40.76879069925443,-73.82747313172037
32531296,2016-01-26T10:46:00.000,Snow,E9 Snow / Icy Sidewalk,Sidewalk,,,,,11207,BROOKLYN,BROOKLYN,05 BROOKLYN,40.680674171333074,-73.8858167321843
32531300,2016-01-26T08:40:00.000,Snow,E9 Snow / Icy Sidewalk,Sidewalk,141-35 COOLIDGE AVENUE,COOLIDGE AVENUE,141 STREET,MAIN STREET,11435,Jamaica,QUEENS,08 QUEENS,40.7149359592078,-73.81688812600268
32531301,2016-01-26T09:26:00.000,Snow,E9 Snow / Icy Sidewalk,Sidewalk,203 CABRINI BOULEVARD,CABRINI BOULEVARD,BEND,WEST 186 STREET,10033,NEW YORK,MANHATTAN,12 MANHATTAN,40.85406427133636,-73.93909413455722
32531302,2016-01-26T09:16:00.000,Snow,E9 Snow / Icy Sidewalk,Sidewalk,11 AVENUE C,AVENUE C,EAST HOUSTON STREET,EAST 2 STREET,10009,NEW YORK,MANHATTAN,03 MANHATTAN,40.72099225035815,-73.98112149202818
32531308,2016-01-26T09:33:00.000,Snow,E9 Snow / Icy Sidewalk,Sidewalk,773 NOSTRAND AVENUE,NOSTRAND AVENUE,ST JOHNS PLACE,LINCOLN PLACE,11216,BROOKLYN,BROOKLYN,08 BROOKLYN,40.670937753015366,-73.95038963121648
32531311,2016-01-26T09:32:00.000,Snow,E9 Snow / Icy Sidewalk,Sidewalk,101 PROSPECT PLACE,PROSPECT PLACE,6 AVENUE,FLATBUSH AVENUE,11217,BROOKLYN,BROOKLYN,06 BROOKLYN,40.678853217827665,-73.97404177898932
32531666,2016-01-26T12:09:00.000,Snow,E9 Snow / Icy Sidewalk,Sidewalk,338 BLAKE AVENUE,BLAKE AVENUE,OSBORN STREET,MOTHER GASTON BOULEVARD,11212,BROOKLYN,BROOKLYN,16 BROOKLYN,40.666036035263986,-73.90687834204915
32531667,2016-01-26T12:02:00.000,Snow,E9 Snow / Icy Sidewalk,Sidewalk,1016 FLATBUSH AVENUE,FLATBUSH AVENUE,REGENT PLACE,DURYEA PLACE,11226,BROOKLYN,BROOKLYN,14 BROOKLYN,40.646333864418686,-73.95810511172446
32531669,2016-01-26T18:02:00.000,Snow,15S Re-Plow/Spread/Ice-Snow Cond.,Street,997 SUMMIT AVENUE,SUMMIT AVENUE,WEST 162 STREET,WEST 164 STREET,10452,BRONX,BRONX,04 BRONX,40.83300191057168,-73.93032860233616
32531670,2016-01-26T19:08:00.000,Snow,E9 Snow / Icy Sidewalk,Sidewalk,,,,,11216,BROOKLYN,BROOKLYN,03 BROOKLYN,40.67963559495174,-73.94958277277725
32531671,2016-01-26T19:21:00.000,Snow,E9 Snow / Icy Sidewalk,Sidewalk,,,,,11226,BROOKLYN,BROOKLYN,17 BROOKLYN,40.65080718173045,-73.94957212385663
32531674,2016-01-27T00:07:00.000,Snow,E9 Snow / Icy Sidewalk,Sidewalk,119-21 83 AVENUE,83 AVENUE,ABINGDON ROAD,BEVERLY ROAD,11415,Kew Gardens,QUEENS,09 QUEENS,40.708210862612326,-73.8328527198838
32531675,2016-01-26T11:59:00.000,Snow,E9 Snow / Icy Sidewalk,Sidewalk,42-03 195 STREET,195 STREET,42 AVENUE,NORTHERN BOULEVARD,11358,Flushing,QUEENS,11 QUEENS,40.759385146464,-73.78689224683087
32531676,2016-01-26T11:57:00.000,Snow,E9 Snow / Icy Sidewalk,Sidewalk,2801 GLENWOOD ROAD,GLENWOOD ROAD,KENILWORTH PLACE,FLATBUSH AVENUE,11210,BROOKLYN,BROOKLYN,14 BROOKLYN,40.63410540066758,-73.95012157546212
32531677,2016-01-26T14:46:00.000,Snow,E9 Snow / Icy Sidewalk,Sidewalk,3115 KINGS HIGHWAY,KINGS HIGHWAY,AVENUE N,EAST 32 STREET,11234,BROOKLYN,BROOKLYN,18 BROOKLYN,40.617542933216015,-73.94333337999527
32531679,2016-01-26T15:08:00.000,Snow,15S Re-Plow/Spread/Ice-Snow Cond.,Street,23 FRANCINE COURT,FRANCINE COURT,BEND,BEHAN COURT,10306,STATEN ISLAND,STATEN ISLAND,02 STATEN ISLAND,40.56963052732702,-74.12249527576431
32531681,2016-01-26T21:03:00.000,Snow,15S Re-Plow/Spread/Ice-Snow Cond.,Street,2572 BOUCK AVENUE,BOUCK AVENUE,BEND,ALLERTON AVENUE,10469,BRONX,BRONX,11 BRONX,40.864769468150335,-73.84996134291937
32531696,2016-01-26T08:35:00.000,Snow,E9 Snow / Icy Sidewalk,Sidewalk,118-15 205 STREET,205 STREET,118 AVENUE,119 AVENUE,11412,Saint Albans,QUEENS,12 QUEENS,40.694351731852954,-73.74676161620506
32531697,2016-01-26T11:11:00.000,Snow,E9 Snow / Icy Sidewalk,Sidewalk,190 VAN SICLEN AVENUE,VAN SICLEN AVENUE,ATLANTIC AVENUE,LIBERTY AVENUE,11207,BROOKLYN,BROOKLYN,05 BROOKLYN,40.675554751625725,-73.89105293999353
32531702,2016-01-26T12:35:00.000,Snow,E9 Snow / Icy Sidewalk,Sidewalk,,,,,11372,Jackson Heights,QUEENS,03 QUEENS,40.75585269066662,-73.8825801024075
32531703,2016-01-26T18:25:00.000,Snow,E9 Snow / Icy Sidewalk,Sidewalk,65-38 223 PLACE,223 PLACE,65 AVENUE,67 AVENUE,11364,Oakland Gardens,QUEENS,11 QUEENS,40.746490380010854,-73.7538932726863
32531710,2016-01-26T11:20:00.000,Snow,E9 Snow / Icy Sidewalk,Sidewalk,1214 AVENUE W,AVENUE W,EAST 12 STREET,GRAVESEND NECK ROAD,11229,BROOKLYN,BROOKLYN,15 BROOKLYN,40.59402391113036,-73.9589156889224
32531714,2016-01-26T19:10:00.000,Snow,15S Re-Plow/Spread/Ice-Snow Cond.,Street,,,,,11373,Elmhurst,QUEENS,04 QUEENS,40.736752343034745,-73.8776701929152
32531715,2016-01-26T20:40:00.000,Snow,E9 Snow / Icy Sidewalk,Sidewalk,,,,,11372,Jackson Heights,QUEENS,03 QUEENS,40.74851408985059,-73.87555532770014
32531716,2016-01-26T20:59:00.000,Snow,15S Re-Plow/Spread/Ice-Snow Cond.,Street,53 TOMPKINS STREET,TOMPKINS STREET,BROWNELL STREET,QUINN STREET,10304,STATEN ISLAND,STATEN ISLAND,01 STATEN ISLAND,40.62448078583116,-74.07720963558339
32531717,2016-01-26T23:13:00.000,Snow,15S Re-Plow/Spread/Ice-Snow Cond.,Street,33-47 213 STREET,213 STREET,DEAD END,34 AVENUE,11361,Bayside,QUEENS,11 QUEENS,40.770380408726155,-73.77522836764652
32531740,2016-01-26T19:51:00.000,Snow,E9 Snow / Icy Sidewalk,Sidewalk,541 4 AVENUE,4 AVENUE,15 STREET,16 STREET,11215,BROOKLYN,BROOKLYN,07 BROOKLYN,40.66664434700453,-73.99179942462189
32531741,2016-01-26T20:39:00.000,Snow,E9 Snow / Icy Sidewalk,Sidewalk,21-56 28 STREET,28 STREET,21 AVENUE,DITMARS BOULEVARD,11105,Astoria,QUEENS,01 QUEENS,40.77804233729333,-73.91150585935698
32531748,2016-01-26T10:00:00.000,Snow,E9 Snow / Icy Sidewalk,Sidewalk,69-20 MYRTLE AVENUE,MYRTLE AVENUE,69 STREET,69 PLACE,11385,Ridgewood,QUEENS,05 QUEENS,40.70182992275116,-73.88215230379359
32531749,2016-01-26T10:53:00.000,Snow,E9 Snow / Icy Sidewalk,Sidewalk,2503 MARION AVENUE,MARION AVENUE,EAST 188 STREET,EAST FORDHAM ROAD,10458,BRONX,BRONX,05 BRONX,40.86113164301071,-73.89339887213059
32531753,2016-01-26T21:53:00.000,Snow,15S Re-Plow/Spread/Ice-Snow Cond.,Street,,,,,11419,South Richmond Hill,QUEENS,09 QUEENS,40.694197742892435,-73.81596420973565
32531781,2016-01-26T10:59:00.000,Snow,E9 Snow / Icy Sidewalk,Sidewalk,174 BEMENT COURT,BEMENT COURT,OAKLAND AVENUE,BEMENT AVENUE,10310,STATEN ISLAND,STATEN ISLAND,01 STATEN ISLAND,40.63949602258194,-74.11234003833366
32531782,2016-01-26T10:54:00.000,Snow,E9 Snow / Icy Sidewalk,Sidewalk,4597 KINGS HIGHWAY,KINGS HIGHWAY,AVENUE I,EAST 46 STREET,11234,BROOKLYN,BROOKLYN,18 BROOKLYN,40.630541692294834,-73.93213956377024
32531909,2016-01-26T18:56:00.000,Snow,15S Re-Plow/Spread/Ice-Snow Cond.,Street,349 MOSEL AVENUE,MOSEL AVENUE,STEUBEN STREET,MOSEL LOOP,10304,STATEN ISLAND,STATEN ISLAND,01 STATEN ISLAND,40.607762086093615,-74.08141842676982
32531997,2016-01-26T18:23:00.000,Snow,E9 Snow / Icy Sidewalk,Sidewalk,71-38 165 STREET,165 STREET,71 AVENUE,72 AVENUE,11365,Fresh Meadows,QUEENS,08 QUEENS,40.72945961096209,-73.8042128090912
32531998,2016-01-26T11:19:00.000,Snow,E9 Snow / Icy Sidewalk,Sidewalk,7120 NEW UTRECHT AVENUE,NEW UTRECHT AVENUE,71 STREET,72 STREET,11228,BROOKLYN,BROOKLYN,11 BROOKLYN,40.61872343346737,-73.99911389307879
32531999,2016-01-26T11:18:00.000,Snow,E9 Snow / Icy Sidewalk,Sidewalk,44-15 KISSENA BOULEVARD,KISSENA BOULEVARD,CHERRY AVENUE,ELDER AVENUE,11355,Flushing,QUEENS,07 QUEENS,40.753549598582595,-73.82237648871298
32532000,2016-01-26T11:41:00.000,Snow,E9 Snow / Icy Sidewalk,Sidewalk,,,,,10018,NEW YORK,MANHATTAN,04 MANHATTAN,40.753474958112434,-73.99252865144963
32532001,2016-01-26T18:54:00.000,Snow,E9 Snow / Icy Sidewalk,Sidewalk,127 EMMET AVENUE,EMMET AVENUE,O'GORMAN AVENUE,HOOPER AVENUE,10306,STATEN ISLAND,STATEN ISLAND,03 STATEN ISLAND,40.55899704341967,-74.13006934062345
32532003,2016-01-26T12:07:00.000,Snow,E9 Snow / Icy Sidewalk,Sidewalk,30-94 STEINWAY STREET,STEINWAY STREET,30 AVENUE,31 AVENUE,11103,Astoria,QUEENS,01 QUEENS,40.76181929849905,-73.91669664896413
32532004,2016-01-26T12:21:00.000,Snow,E9 Snow / Icy Sidewalk,Sidewalk,925 BRUCKNER BOULEVARD,BRUCKNER BOULEVARD,TIFFANY STREET,BARRETTO STREET,10459,BRONX,BRONX,02 BRONX,40.81837103670956,-73.89258582890096
32532011,2016-01-26T19:46:00.000,Snow,E9 Snow / Icy Sidewalk,Sidewalk,226 14 STREET,14 STREET,4 AVENUE,5 AVENUE,11215,BROOKLYN,BROOKLYN,06 BROOKLYN,40.66672929219877,-73.98999348296384
32532012,2016-01-26T12:56:00.000,Snow,E9 Snow / Icy Sidewalk,Sidewalk,79-42 LANGDALE STREET,LANGDALE STREET,79 AVENUE,80 AVENUE,11040,New Hyde Park,QUEENS,13 QUEENS,40.74795607320602,-73.70163219727259
32532023,2016-01-26T11:47:00.000,Snow,E9 Snow / Icy Sidewalk,Sidewalk,1009 FULTON STREET,FULTON STREET,PUTNAM AVENUE,GRAND AVENUE,11238,BROOKLYN,BROOKLYN,02 BROOKLYN,40.682407003277895,-73.96171679389758
32532024,2016-01-26T19:00:00.000,Snow,E9 Snow / Icy Sidewalk,Sidewalk,375 DEAN STREET,DEAN STREET,4 AVENUE,5 AVENUE,11217,BROOKLYN,BROOKLYN,06 BROOKLYN,40.68292466048679,-73.97863363764435
32532025,2016-01-26T19:28:00.000,Snow,15S Re-Plow/Spread/Ice-Snow Cond.,Street,135 GLADWIN STREET,GLADWIN STREET,HERRICK AVENUE,BEND,10309,STATEN ISLAND,STATEN ISLAND,03 STATEN ISLAND,40.531066864032326,-74.22237319814755
32532026,2016-01-26T11:33:00.000,Snow,E9 Snow / Icy Sidewalk,Sidewalk,,,,,10012,NEW YORK,MANHATTAN,02 MANHATTAN,40.726639615083144,-73.9941299569706
32532027,2016-01-26T11:58:00.000,Snow,E9 Snow / Icy Sidewalk,Sidewalk,,,,,11204,BROOKLYN,BROOKLYN,12 BROOKLYN,40.62108515189641,-73.98111732979655
32532028,2016-01-26T18:57:00.000,Snow,E9 Snow / Icy Sidewalk,Sidewalk,92-20 68 AVENUE,68 AVENUE,KESSEL STREET,JUNO STREET,11375,Forest Hills,QUEENS,06 QUEENS,40.715847218223075,-73.85546225792451
32532029,2016-01-26T18:49:00.000,Snow,E9 Snow / Icy Sidewalk,Sidewalk,169 75 ROAD,75 ROAD,INGRAM STREET,GREENWAY SOUTH,11375,Forest Hills,QUEENS,06 QUEENS,40.71253215348728,-73.84133668963727
32532030,2016-01-26T19:05:00.000,Snow,E9 Snow / Icy Sidewalk,Sidewalk,242 BAY   10 STREET,BAY   10 STREET,CROPSEY AVENUE,INDEPENDENCE AVENUE,11228,BROOKLYN,BROOKLYN,11 BROOKLYN,40.605706740604845,-74.01424697374709
32532031,2016-01-26T00:36:00.000,Snow,E9 Snow / Icy Sidewalk,Sidewalk,187 STATE STREET,STATE STREET,COURT STREET,BOERUM PLACE,11201,BROOKLYN,BROOKLYN,02 BROOKLYN,40.690230178310884,-73.99167031651382
32532032,2016-01-26T06:48:00.000,Snow,E9 Snow / Icy Sidewalk,Sidewalk,142-03 84 DRIVE,84 DRIVE,BURDEN CRESCENT,PERSHING CRESCENT,11435,Jamaica,QUEENS,08 QUEENS,40.71099400999509,-73.81488261127953
32532033,2016-01-26T11:53:00.000,Snow,E9 Snow / Icy Sidewalk,Sidewalk,87-45 130 STREET,130 STREET,NYCTA SUBWAY,89 AVENUE,11418,Richmond Hill,QUEENS,09 QUEENS,40.70103081526774,-73.8220475709556
32532034,2016-01-26T07:40:00.000,Snow,E9 Snow / Icy Sidewalk,Sidewalk,,,,,10469,BRONX,BRONX,12 BRONX,40.88082527723029,-73.85156689405093
32532035,2016-01-26T07:54:00.000,Snow,E9 Snow / Icy Sidewalk,Sidewalk,,,,,11420,South Ozone Park,QUEENS,10 QUEENS,40.666085242007576,-73.82807761990782
32532036,2016-01-26T08:53:00.000,Snow,E9 Snow / Icy Sidewalk,Sidewalk,1159 56 STREET,56 STREET,11 AVENUE,12 AVENUE,11219,BROOKLYN,BROOKLYN,12 BROOKLYN,40.63302104684553,-73.99934788734028
32532037,2016-01-26T18:20:00.000,Snow,E9 Snow / Icy Sidewalk,Sidewalk,96-13 ROCKAWAY BEACH BOULEVARD,ROCKAWAY BEACH BOULEVARD,BEACH 96 STREET,BEACH 97 STREET,11693,Far Rockaway,QUEENS,14 QUEENS,40.58521663421605,-73.8182194744696
32532038,2016-01-26T11:18:00.000,Snow,E9 Snow / Icy Sidewalk,Sidewalk,188A 32 STREET,32 STREET,4 AVENUE,5 AVENUE,11232,BROOKLYN,BROOKLYN,07 BROOKLYN,40.65598665514481,-74.00117853175531
32532039,2016-01-26T11:35:00.000,Snow,E9 Snow / Icy Sidewalk,Sidewalk,117 MOWBRAY DRIVE,MOWBRAY DRIVE,AUSTIN STREET,KEW GARDENS ROAD,11415,Kew Gardens,QUEENS,09 QUEENS,40.710828924955905,-73.8288134789735
32532040,2016-01-26T18:43:00.000,Snow,E9 Snow / Icy Sidewalk,Sidewalk,,,,,10458,BRONX,BRONX,06 BRONX,40.85700200819074,-73.89167753640771
32532041,2016-01-26T19:12:00.000,Snow,E9 Snow / Icy Sidewalk,Sidewalk,,,,,11225,BROOKLYN,BROOKLYN,09 BROOKLYN,40.66168933736335,-73.96142952028545
32532043,2016-01-26T20:08:00.000,Snow,15S Re-Plow/Spread/Ice-Snow Cond.,Street,,,,,11378,Maspeth,QUEENS,05 QUEENS,40.71976517678094,-73.90062719019437
32532044,2016-01-26T20:25:00.000,Snow,E9 Snow / Icy Sidewalk,Sidewalk,1716 OCEAN AVENUE,OCEAN AVENUE,AVENUE L,AVENUE M,11230,BROOKLYN,BROOKLYN,14 BROOKLYN,40.62005421793135,-73.95533355542528
32532045,2016-01-26T12:41:00.000,Snow,E9 Snow / Icy Sidewalk,Sidewalk,934 SOUTHERN BOULEVARD,SOUTHERN BOULEVARD,BARRETTO STREET,EAST 163 STREET,10459,BRONX,BRONX,02 BRONX,40.82028915152411,-73.8921094332611
32532049,2016-01-26T12:58:00.000,Snow,E9 Snow / Icy Sidewalk,Sidewalk,,,,,11229,BROOKLYN,BROOKLYN,15 BROOKLYN,40.60379095736712,-73.95443331813115
32532050,2016-01-26T14:41:00.000,Snow,E9 Snow / Icy Sidewalk,Sidewalk,,,,,10035,NEW YORK,MANHATTAN,11 MANHATTAN,40.799257767181984,-73.93905037234582
32532051,2016-01-26T14:55:00.000,Snow,E9 Snow / Icy Sidewalk,Sidewalk,,,,,11373,Elmhurst,QUEENS,04 QUEENS,40.73093062466417,-73.8855935078766
32532052,2016-01-26T07:55:00.000,Snow,E9 Snow / Icy Sidewalk,Sidewalk,,,,,10312,STATEN ISLAND,STATEN ISLAND,03 STATEN ISLAND,40.528936265458945,-74.19067449627089
32532053,2016-01-26T08:03:00.000,Snow,E9 Snow / Icy Sidewalk,Sidewalk,1067 HUGUENOT AVENUE,HUGUENOT AVENUE,DEISIUS STREET,EYLANDT STREET,10312,STATEN ISLAND,STATEN ISLAND,03 STATEN ISLAND,40.52832666676323,-74.18916553149484
32532054,2016-01-26T15:19:00.000,Snow,E9 Snow / Icy Sidewalk,Sidewalk,315 MAUJER STREET,MAUJER STREET,WATERBURY STREET,MORGAN AVENUE,11206,BROOKLYN,BROOKLYN,01 BROOKLYN,40.71213285941835,-73.93685034655098
32532056,2016-01-26T07:00:00.000,Snow,E9 Snow / Icy Sidewalk,Sidewalk,,,,,11413,Springfield Gardens,QUEENS,12 QUEENS,40.670931154252656,-73.75987141980367
32532057,2016-01-26T08:00:00.000,Snow,E9 Snow / Icy Sidewalk,Sidewalk,408 WEST  129 STREET,WEST  129 STREET,ST NICHOLAS TERRACE,CONVENT AVENUE,10027,NEW YORK,MANHATTAN,09 MANHATTAN,40.8137779264397,-73.95184741884904
32532058,2016-01-26T18:13:00.000,Snow,E9 Snow / Icy Sidewalk,Sidewalk,21-15 24 ROAD,24 ROAD,21 STREET,23 STREET,11102,Astoria,QUEENS,01 QUEENS,40.775741376774754,-73.92167985235335
32532059,2016-01-26T18:07:00.000,Snow,E9 Snow / Icy Sidewalk,Sidewalk,2901 AVENUE Y,AVENUE Y,EAST 29 STREET,NOSTRAND AVENUE,11235,BROOKLYN,BROOKLYN,15 BROOKLYN,40.591595242220826,-73.94109062292378
32532063,2016-01-26T15:03:00.000,Snow,E9 Snow / Icy Sidewalk,Sidewalk,116 BEDFORD AVENUE,BEDFORD AVENUE,NORTH 11 STREET,NORTH 10 STREET,11249,BROOKLYN,BROOKLYN,01 BROOKLYN,40.71980499963305,-73.95562384905588
32532073,2016-01-26T14:16:00.000,Snow,E9 Snow / Icy Sidewalk,Sidewalk,954 EASTERN PARKWAY,EASTERN PARKWAY,ALBANY AVENUE,TROY AVENUE,11213,BROOKLYN,BROOKLYN,09 BROOKLYN,40.66911419845992,-73.9370749201305
32532078,2016-01-26T15:09:00.000,Snow,E9 Snow / Icy Sidewalk,Sidewalk,,,,,11216,BROOKLYN,BROOKLYN,08 BROOKLYN,40.67416149677965,-73.94731212095822
32532083,2016-01-26T15:01:00.000,Snow,E9 Snow / Icy Sidewalk,Sidewalk,,,,,11249,BROOKLYN,BROOKLYN,01 BROOKLYN,40.70194428186411,-73.9617488532033
32532091,2016-01-26T17:55:00.000,Snow,E9 Snow / Icy Sidewalk,Sidewalk,2025 EAST    9 STREET,EAST    9 STREET,AVENUE T,AVENUE U,11223,BROOKLYN,BROOKLYN,15 BROOKLYN,40.599737024256704,-73.96238357292657
32532092,2016-01-26T18:03:00.000,Snow,E9 Snow / Icy Sidewalk,Sidewalk,120-17 18 AVENUE,18 AVENUE,120 STREET,121 STREET,11356,College Point,QUEENS,07 QUEENS,40.783226010614634,-73.84743686909425
32532558,2016-01-26T19:36:00.000,Snow,E9 Snow / Icy Sidewalk,Sidewalk,2543 AMSTERDAM AVENUE,AMSTERDAM AVENUE,WEST 186 STREET,WEST 187 STREET,10033,NEW YORK,MANHATTAN,12 MANHATTAN,40.85133546722975,-73.92853460142642
32532564,2016-01-26T06:27:00.000,Snow,E9 Snow / Icy Sidewalk,Sidewalk,839 HUGUENOT AVENUE,HUGUENOT AVENUE,DRUMGOOLE ROAD EAST,WEST TERRACE,10312,STATEN ISLAND,STATEN ISLAND,03 STATEN ISLAND,40.53398313581327,-74.19282940840446
32532565,2016-01-26T13:57:00.000,Snow,E9 Snow / Icy Sidewalk,Sidewalk,135-22 233 STREET,233 STREET,135 AVENUE,137 AVENUE,11422,Rosedale,QUEENS,13 QUEENS,40.67271484810584,-73.73828551927069
32532569,2016-01-26T07:47:00.000,Snow,E9 Snow / Icy Sidewalk,Sidewalk,,,,,11385,Ridgewood,QUEENS,05 QUEENS,40.70189721477688,-73.89495546420537
32532570,2016-01-26T21:56:00.000,Snow,E9 Snow / Icy Sidewalk,Sidewalk,881 WINTHROP STREET,WINTHROP STREET,EAST 51 STREET,EAST 52 STREET,11203,BROOKLYN,BROOKLYN,17 BROOKLYN,40.65837523885504,-73.92993431163161
32532571,2016-01-26T22:09:00.000,Snow,E9 Snow / Icy Sidewalk,Sidewalk,,,,,11213,BROOKLYN,BROOKLYN,09 BROOKLYN,40.66642696944012,-73.93690803724391
32532572,2016-01-26T22:41:00.000,Snow,E9 Snow / Icy Sidewalk,Sidewalk,,,,,10314,STATEN ISLAND,STATEN ISLAND,02 STATEN ISLAND,40.60744020075878,-74.16040155315491
32532574,2016-01-26T22:56:00.000,Snow,E9 Snow / Icy Sidewalk,Sidewalk,3106 BEDFORD AVENUE,BEDFORD AVENUE,AVENUE I,AVENUE J,11210,BROOKLYN,BROOKLYN,14 BROOKLYN,40.62696964885327,-73.9517624461415
32532575,2016-01-26T14:11:00.000,Snow,E9 Snow / Icy Sidewalk,Sidewalk,,,,,10314,STATEN ISLAND,STATEN ISLAND,02 STATEN ISLAND,40.606357661544365,-74.12092042574687
32532578,2016-01-26T01:46:00.000,Snow,E9 Snow / Icy Sidewalk,Sidewalk,747 EAST GUN HILL ROAD,EAST GUN HILL ROAD,TILDEN STREET,WALLACE AVENUE,10467,BRONX,BRONX,12 BRONX,40.87664957558346,-73.86410578880445
32532579,2016-01-26T19:37:00.000,Snow,E9 Snow / Icy Sidewalk,Sidewalk,24-19 DITMARS BOULEVARD,DITMARS BOULEVARD,24 STREET,CRESCENT STREET,11105,Astoria,QUEENS,01 QUEENS,40.77913183274807,-73.91493100331911
32532580,2016-01-26T19:33:00.000,Snow,E9 Snow / Icy Sidewalk,Sidewalk,1432 DEKALB AVENUE,DEKALB AVENUE,WILSON AVENUE,KNICKERBOCKER AVENUE,11237,BROOKLYN,BROOKLYN,04 BROOKLYN,40.700404318563024,-73.92305586979958
32532581,2016-01-26T20:33:00.000,Snow,E9 Snow / Icy Sidewalk,Sidewalk,104-15 118 STREET,118 STREET,LIBERTY AVENUE,107 AVENUE,11419,South Richmond Hill,QUEENS,10 QUEENS,40.68573855963008,-73.82489721197474
32532585,2016-01-26T23:00:00.000,Snow,E9 Snow / Icy Sidewalk,Sidewalk,651 BUSHWICK AVENUE,BUSHWICK AVENUE,TROUTMAN STREET,MYRTLE AVENUE,11221,BROOKLYN,BROOKLYN,04 BROOKLYN,40.69770142280511,-73.93295114937354
32532586,2016-01-26T23:48:00.000,Snow,E9 Snow / Icy Sidewalk,Sidewalk,87-14 55 AVENUE,55 AVENUE,SEABURY STREET,QUEENS BOULEVARD,11373,Elmhurst,QUEENS,04 QUEENS,40.73504964369122,-73.87677844744474
32532588,2016-01-26T20:45:00.000,Snow,E9 Snow / Icy Sidewalk,Sidewalk,1-57 PARSONS BOULEVARD,PARSONS BOULEVARD,144 STREET,BEND,11357,Whitestone,QUEENS,07 QUEENS,40.79614699203153,-73.8271205241587
32532592,2016-01-26T21:03:00.000,Snow,E9 Snow / Icy Sidewalk,Sidewalk,774 NEW LOTS AVENUE,NEW LOTS AVENUE,CLEVELAND STREET,ELTON STREET,11208,BROOKLYN,BROOKLYN,05 BROOKLYN,40.66665004539564,-73.88204864565115
32532593,2016-01-26T06:42:00.000,Snow,E9 Snow / Icy Sidewalk,Sidewalk,96 4 PLACE,4 PLACE,CLINTON STREET,COURT STREET,11231,BROOKLYN,BROOKLYN,06 BROOKLYN,40.67798604330356,-73.99852905329129
32532594,2016-01-26T06:50:00.000,Snow,E9 Snow / Icy Sidewalk,Sidewalk,78-08 19 ROAD,19 ROAD,78 STREET,19 AVENUE,11370,East Elmhurst,QUEENS,01 QUEENS,40.77299455715103,-73.89195499055637
32532595,2016-01-26T06:46:00.000,Snow,E9 Snow / Icy Sidewalk,Sidewalk,,,,,11361,Bayside,QUEENS,11 QUEENS,40.76243697373459,-73.77236729866758
32532596,2016-01-26T07:32:00.000,Snow,E9 Snow / Icy Sidewalk,Sidewalk,435 EAST   46 STREET,EAST   46 STREET,CHURCH AVENUE,SNYDER AVENUE,11203,BROOKLYN,BROOKLYN,17 BROOKLYN,40.650975077426224,-73.93419457075821
32532597,2016-01-26T07:45:00.000,Snow,E9 Snow / Icy Sidewalk,Sidewalk,,,,,11421,Woodhaven,QUEENS,09 QUEENS,40.68957353810267,-73.85705892754495
32532598,2016-01-26T08:12:00.000,Snow,E9 Snow / Icy Sidewalk,Sidewalk,5400 FOSTER AVENUE,FOSTER AVENUE,EAST 54 STREET,EAST 55 STREET,11234,BROOKLYN,BROOKLYN,18 BROOKLYN,40.63706696036591,-73.92477189280591
32532599,2016-01-26T21:44:00.000,Snow,E9 Snow / Icy Sidewalk,Sidewalk,91-33 63 DRIVE,63 DRIVE,LONG ISLAND RAILROAD,AUSTIN STREET,11374,Rego Park,QUEENS,06 QUEENS,40.72694967556035,-73.86440023869248
32532600,2016-01-26T21:48:00.000,Snow,15S Re-Plow/Spread/Ice-Snow Cond.,Street,323 GUN HILL ROAD,GUN HILL ROAD,PERRY AVENUE,HULL AVENUE,10467,BRONX,BRONX,07 BRONX,40.878913881658384,-73.8737129159977
32532601,2016-01-26T09:12:00.000,Snow,E9 Snow / Icy Sidewalk,Sidewalk,,,,,11693,Far Rockaway,QUEENS,14 QUEENS,40.587752166542224,-73.81436734752963
32532603,2016-01-26T09:56:00.000,Snow,E9 Snow / Icy Sidewalk,Sidewalk,53 CAROLINE STREET,CAROLINE STREET,CASTLETON AVENUE,CARY AVENUE,10310,STATEN ISLAND,STATEN ISLAND,01 STATEN ISLAND,40.63312111098804,-74.11928999564546
32532604,2016-01-26T14:00:00.000,Snow,E9 Snow / Icy Sidewalk,Sidewalk,,,,,11358,Flushing,QUEENS,11 QUEENS,40.76614227548946,-73.78963591936582
32532607,2016-01-26T08:54:00.000,Snow,E9 Snow / Icy Sidewalk,Sidewalk,580 11 AVENUE,11 AVENUE,WEST 43 STREET,WEST 44 STREET,10036,NEW YORK,MANHATTAN,04 MANHATTAN,40.76181096473171,-73.99759226416688
32532609,2016-01-26T09:43:00.000,Snow,E9 Snow / Icy Sidewalk,Sidewalk,116-18 QUEENS BOULEVARD,QUEENS BOULEVARD,77 AVENUE,78 AVENUE,11375,Forest Hills,QUEENS,06 QUEENS,40.715971054221534,-73.83335992817017
32532610,2016-01-26T09:35:00.000,Snow,E9 Snow / Icy Sidewalk,Sidewalk,111-35 77 AVENUE,77 AVENUE,AUSTIN STREET,KEW FOREST LANE,11375,Forest Hills,QUEENS,06 QUEENS,40.71537170073403,-73.83457347615888
32532612,2016-01-26T08:45:00.000,Snow,E9 Snow / Icy Sidewalk,Sidewalk,,,,,,,QUEENS,07 QUEENS,,
32532613,2016-01-26T08:44:00.000,Snow,E9 Snow / Icy Sidewalk,Sidewalk,,,,,11229,BROOKLYN,BROOKLYN,15 BROOKLYN,40.60913072508507,-73.95740454841642
32532614,2016-01-26T10:21:00.000,Snow,E9 Snow / Icy Sidewalk,Sidewalk,1538 2 AVENUE,2 AVENUE,EAST 80 STREET,EAST 81 STREET,10028,NEW YORK,MANHATTAN,08 MANHATTAN,40.774112159292095,-73.95447924691747
32532615,2016-01-26T10:15:00.000,Snow,E9 Snow / Icy Sidewalk,Sidewalk,,,,,,,BROOKLYN,04 BROOKLYN,,
32532616,2016-01-26T08:34:00.000,Snow,E9 Snow / Icy Sidewalk,Sidewalk,45 SAINT PAULS AVENUE,SAINT PAULS AVENUE,VAN DUZER STREET,HANNAH STREET,10301,STATEN ISLAND,STATEN ISLAND,01 STATEN ISLAND,40.63641732527339,-74.0780269191471
32532620,2016-01-26T10:47:00.000,Snow,E9 Snow / Icy Sidewalk,Sidewalk,253A MADISON STREET,MADISON STREET,NOSTRAND AVENUE,MARCY AVENUE,11216,BROOKLYN,BROOKLYN,03 BROOKLYN,40.68494086960996,-73.94874225354204
32532621,2016-01-26T10:46:00.000,Snow,E9 Snow / Icy Sidewalk,Sidewalk,149 WEST  130 STREET,WEST  130 STREET,LENOX AVENUE,7 AVENUE,10027,NEW YORK,MANHATTAN,10 MANHATTAN,40.811534953827945,-73.94454818643668
32532622,2016-01-26T11:02:00.000,Snow,E9 Snow / Icy Sidewalk,Sidewalk,1313 GRAND STREET,GRAND STREET,GARDNER AVENUE,BODY OF WATER,11211,BROOKLYN,BROOKLYN,01 BROOKLYN,40.715938139202954,-73.92487045363625
32532623,2016-01-26T09:49:00.000,Snow,E9 Snow / Icy Sidewalk,Sidewalk,140-19 BASCOM AVENUE,BASCOM AVENUE,140 STREET,142 STREET,11436,Jamaica,QUEENS,12 QUEENS,40.673491917870756,-73.79998618398518
32532627,2016-01-26T03:55:00.000,Snow,E9 Snow / Icy Sidewalk,Sidewalk,1569 ZEREGA AVENUE,ZEREGA AVENUE,GLEBE AVENUE,ST RAYMONDS AVENUE,10462,BRONX,BRONX,10 BRONX,40.838867360705,-73.84972702703635
32532628,2016-01-26T13:16:00.000,Snow,E9 Snow / Icy Sidewalk,Sidewalk,,,,,11232,BROOKLYN,BROOKLYN,07 BROOKLYN,40.65039248174532,-74.00849769073523
32532629,2016-01-26T13:38:00.000,Snow,E9 Snow / Icy Sidewalk,Sidewalk,42-24 189 STREET,189 STREET,42 AVENUE,NORTHERN BOULEVARD,11358,Flushing,QUEENS,11 QUEENS,40.758763687453474,-73.7922762145194
32532632,2016-01-26T09:32:00.000,Snow,E9 Snow / Icy Sidewalk,Sidewalk,953 METROPOLITAN AVENUE,METROPOLITAN AVENUE,OLIVE STREET,CATHERINE STREET,11211,BROOKLYN,BROOKLYN,01 BROOKLYN,40.714556894341264,-73.93760196320791
32532633,2016-01-26T13:34:00.000,Snow,E9 Snow / Icy Sidewalk,Sidewalk,1415 82 STREET,82 STREET,14 AVENUE,15 AVENUE,11228,BROOKLYN,BROOKLYN,11 BROOKLYN,40.614669044743685,-74.00875247577957
32532637,2016-01-26T03:30:00.000,Snow,E9 Snow / Icy Sidewalk,Sidewalk,1078 RHINELANDER AVENUE,RHINELANDER AVENUE,LURTING AVENUE,HAIGHT AVENUE,10461,BRONX,BRONX,11 BRONX,40.851233746930085,-73.85516444978298
32532638,2016-01-26T20:31:00.000,Snow,E9 Snow / Icy Sidewalk,Sidewalk,71-40 69 PLACE,69 PLACE,CENTRAL AVENUE,MYRTLE AVENUE,11385,Ridgewood,QUEENS,05 QUEENS,40.70317792220224,-73.88246369740128
32532639,2016-01-26T13:24:00.000,Snow,E9 Snow / Icy Sidewalk,Sidewalk,1735 MONTGOMERY PLACE,MONTGOMERY PLACE,MACLAY AVENUE,EAST TREMONT AVENUE,10461,BRONX,BRONX,10 BRONX,40.842648775501985,-73.8491149151927
32532640,2016-01-26T06:12:00.000,Snow,E9 Snow / Icy Sidewalk,Sidewalk,,,,,10031,NEW YORK,MANHATTAN,09 MANHATTAN,40.82682155097773,-73.94153638618958
32532641,2016-01-26T06:15:00.000,Snow,E9 Snow / Icy Sidewalk,Sidewalk,118-59 224 STREET,224 STREET,118 AVENUE,119 AVENUE,11411,Cambria Heights,QUEENS,13 QUEENS,40.69152679452026,-73.73793041061823
32532642,2016-01-26T10:17:00.000,Snow,E9 Snow / Icy Sidewalk,Sidewalk,1475 FIRST AVENUE,FIRST AVENUE,EAST 76 STREET,EAST 77 STREET,10075,NEW YORK,MANHATTAN,08 MANHATTAN,40.77087857302991,-73.95376661959637
32532643,2016-01-26T10:11:00.000,Snow,E9 Snow / Icy Sidewalk,Sidewalk,132 CEDARVIEW AVENUE,CEDARVIEW AVENUE,AMBOY ROAD,NORTH RAILROAD AVENUE,10306,STATEN ISLAND,STATEN ISLAND,03 STATEN ISLAND,40.56542569060684,-74.12735007179269
32532644,2016-01-26T10:11:00.000,Snow,E9 Snow / Icy Sidewalk,Sidewalk,6300 8 AVENUE,8 AVENUE,63 STREET,64 STREET,11220,BROOKLYN,BROOKLYN,10 BROOKLYN,40.6337149124609,-74.01142470027688
32532645,2016-01-26T21:54:00.000,Snow,E9 Snow / Icy Sidewalk,Sidewalk,,,,,10002,NEW YORK,MANHATTAN,03 MANHATTAN,40.71997982019537,-73.9836434445405
32532646,2016-01-26T22:05:00.000,Snow,E9 Snow / Icy Sidewalk,Sidewalk,252-29 NORTHERN BOULEVARD,NORTHERN BOULEVARD,BROWVALE LANE,LITTLE NECK PARKWAY,11362,Little Neck,QUEENS,11 QUEENS,40.77003650294242,-73.73602211799093
32532648,2016-01-26T07:33:00.000,Snow,E9 Snow / Icy Sidewalk,Sidewalk,642 TYSENS LANE,TYSENS LANE,FALCON AVENUE,MILL ROAD,10306,STATEN ISLAND,STATEN ISLAND,03 STATEN ISLAND,40.56223145997081,-74.11357054039524
32532649,2016-01-26T07:48:00.000,Snow,E9 Snow / Icy Sidewalk,Sidewalk,500 WEST   23 STREET,WEST   23 STREET,10 AVENUE,HIGH LINE,10011,NEW YORK,MANHATTAN,04 MANHATTAN,40.74771664154465,-74.00425866147211
32532650,2016-01-26T08:11:00.000,Snow,E9 Snow / Icy Sidewalk,Sidewalk,1421 AVENUE R,AVENUE R,EAST 14 STREET,EAST 15 STREET,11229,BROOKLYN,BROOKLYN,15 BROOKLYN,40.60573576987005,-73.95837908173473
32532651,2016-01-26T22:56:00.000,Snow,E9 Snow / Icy Sidewalk,Sidewalk,1338 PRESIDENT STREET,PRESIDENT STREET,NEW YORK AVENUE,BROOKLYN AVENUE,11213,BROOKLYN,BROOKLYN,09 BROOKLYN,40.667787327337855,-73.94559770892458
32532654,2016-01-26T14:14:00.000,Snow,E9 Snow / Icy Sidewalk,Sidewalk,74-44 64 LANE,64 LANE,74 AVENUE,COOPER AVENUE,11385,Ridgewood,QUEENS,05 QUEENS,40.700073240610145,-73.89045747771117
32532655,2016-01-26T23:29:00.000,Snow,E9 Snow / Icy Sidewalk,Sidewalk,308 BROOKLYN AVENUE,BROOKLYN AVENUE,UNION STREET,PRESIDENT STREET,11213,BROOKLYN,BROOKLYN,09 BROOKLYN,40.6685610990857,-73.94505996964271
32532659,2016-01-26T23:31:00.000,Snow,E9 Snow / Icy Sidewalk,Sidewalk,340 NEW YORK AVENUE,NEW YORK AVENUE,UNION STREET,PRESIDENT STREET,11213,BROOKLYN,BROOKLYN,09 BROOKLYN,40.66810678274534,-73.94789005551122
32532660,2016-01-26T13:50:00.000,Snow,E9 Snow / Icy Sidewalk,Sidewalk,79 UNDERHILL AVENUE,UNDERHILL AVENUE,BERGEN STREET,ST MARKS AVENUE,11238,BROOKLYN,BROOKLYN,08 BROOKLYN,40.6783761248903,-73.9654902337847
32532661,2016-01-26T14:13:00.000,Snow,E9 Snow / Icy Sidewalk,Sidewalk,,,,,11215,BROOKLYN,BROOKLYN,07 BROOKLYN,40.665508074036524,-73.99276919825392
32532662,2016-01-26T14:06:00.000,Snow,E9 Snow / Icy Sidewalk,Sidewalk,271 WILLIS AVENUE,WILLIS AVENUE,EAST 139 STREET,EAST 140 STREET,10454,BRONX,BRONX,01 BRONX,40.809960344786376,-73.92227898238497
32532663,2016-01-26T14:03:00.000,Snow,E9 Snow / Icy Sidewalk,Sidewalk,,,,,10065,NEW YORK,MANHATTAN,08 MANHATTAN,40.768023997074046,-73.97028136310426
32532667,2016-01-26T11:07:00.000,Snow,E9 Snow / Icy Sidewalk,Sidewalk,10-11 47 AVENUE,47 AVENUE,VERNON BOULEVARD,11 STREET,11101,Long Island City,QUEENS,02 QUEENS,40.74539865380464,-73.95265110407522
32532669,2016-01-26T09:28:00.000,Snow,E9 Snow / Icy Sidewalk,Sidewalk,299 BROADWAY,BROADWAY,READE STREET,DUANE STREET,10007,NEW YORK,MANHATTAN,01 MANHATTAN,40.715045767748755,-74.00559126247542
32532670,2016-01-26T08:56:00.000,Snow,E9 Snow / Icy Sidewalk,Sidewalk,70-11 KISSENA BOULEVARD,KISSENA BOULEVARD,JEWEL AVENUE,70 ROAD,11367,Flushing,QUEENS,08 QUEENS,40.73168412239764,-73.81492977019963
32532671,2016-01-26T08:53:00.000,Snow,E9 Snow / Icy Sidewalk,Sidewalk,38-18 QUEENS BOULEVARD,QUEENS BOULEVARD,38 STREET,39 STREET,11104,Sunnyside,QUEENS,02 QUEENS,40.74409509371763,-73.92680191081209
32532674,2016-01-26T08:45:00.000,Snow,E9 Snow / Icy Sidewalk,Sidewalk,295 19 STREET,19 STREET,5 AVENUE,6 AVENUE,11215,BROOKLYN,BROOKLYN,07 BROOKLYN,40.66140995290936,-73.99048087027383
32532680,2016-01-26T09:58:00.000,Snow,E9 Snow / Icy Sidewalk,Sidewalk,77 WEST   11 STREET,WEST   11 STREET,5 AVENUE,AVENUE OF THE AMERICAS,10011,NEW YORK,MANHATTAN,02 MANHATTAN,40.73498104326328,-73.9972793076123
32532684,2016-01-26T09:31:00.000,Snow,E9 Snow / Icy Sidewalk,Sidewalk,200-06 56 AVENUE,56 AVENUE,FRANCIS LEWIS BOULEVARD,201 STREET,11364,Oakland Gardens,QUEENS,11 QUEENS,40.747202251872,-73.77730235699934
32532687,2016-01-26T09:46:00.000,Snow,E9 Snow / Icy Sidewalk,Sidewalk,,,,,11220,BROOKLYN,BROOKLYN,10 BROOKLYN,40.634357258430654,-74.01074386128661
32532690,2016-01-26T10:26:00.000,Snow,E9 Snow / Icy Sidewalk,Sidewalk,,,,,10019,NEW YORK,MANHATTAN,04 MANHATTAN,40.767242007860716,-73.98620222365885
32532691,2016-01-26T10:13:00.000,Snow,E9 Snow / Icy Sidewalk,Sidewalk,79 KERMIT AVENUE,KERMIT AVENUE,PARKINSON AVENUE,DEAD END,10305,STATEN ISLAND,STATEN ISLAND,02 STATEN ISLAND,40.59696773944057,-74.08392228572862
32532692,2016-01-26T11:14:00.000,Snow,E9 Snow / Icy Sidewalk,Sidewalk,241-11 MAYDA ROAD,MAYDA ROAD,241 STREET,243 STREET,11422,Rosedale,QUEENS,13 QUEENS,40.65964045085242,-73.74150137678623
32532693,2016-01-26T10:10:00.000,Snow,E9 Snow / Icy Sidewalk,Sidewalk,3549 RICHMOND AVENUE,RICHMOND AVENUE,STAR COURT,GABRIELLE COURT,10312,STATEN ISLAND,STATEN ISLAND,03 STATEN ISLAND,40.5516386789192,-74.16779915206742
32532694,2016-01-26T10:05:00.000,Snow,E9 Snow / Icy Sidewalk,Sidewalk,548 PROSPECT AVENUE,PROSPECT AVENUE,FULLER PLACE,10 AVENUE,11215,BROOKLYN,BROOKLYN,07 BROOKLYN,40.65753840391079,-73.9796329115471
32532970,2016-01-26T12:10:00.000,Snow,E9 Snow / Icy Sidewalk,Sidewalk,14 ALBERT COURT,ALBERT COURT,WOODCREST ROAD,ROSECLIFF ROAD,10303,STATEN ISLAND,STATEN ISLAND,01 STATEN ISLAND,40.62465549117382,-74.1624134314224
32532971,2016-01-26T13:09:00.000,Snow,E9 Snow / Icy Sidewalk,Sidewalk,751 GERARD AVENUE,GERARD AVENUE,NYCTA SUBWAY,EAST 157 STREET,10451,BRONX,BRONX,04 BRONX,40.8246913486228,-73.9266048565888
32532972,2016-01-27T00:02:00.000,Snow,15S Re-Plow/Spread/Ice-Snow Cond.,Street,255 18 STREET,18 STREET,5 AVENUE,6 AVENUE,11215,BROOKLYN,BROOKLYN,07 BROOKLYN,40.66258749897371,-73.9909240470382
32532974,2016-01-26T12:12:00.000,Snow,E9 Snow / Icy Sidewalk,Sidewalk,1398 LINCOLN PLACE,LINCOLN PLACE,UTICA AVENUE,ROCHESTER AVENUE,11213,BROOKLYN,BROOKLYN,08 BROOKLYN,40.669678338173526,-73.93009546893222
32532976,2016-01-26T12:44:00.000,Snow,E9 Snow / Icy Sidewalk,Sidewalk,793 ARMSTRONG AVENUE,ARMSTRONG AVENUE,GENESEE AVENUE,EAST SCRANTON AVENUE,10308,STATEN ISLAND,STATEN ISLAND,03 STATEN ISLAND,40.55392199923693,-74.1603702336835
32532977,2016-01-26T12:38:00.000,Snow,E9 Snow / Icy Sidewalk,Sidewalk,,,,,10312,STATEN ISLAND,STATEN ISLAND,03 STATEN ISLAND,40.5432612518461,-74.19730690947104
32532978,2016-01-26T18:28:00.000,Snow,15S Re-Plow/Spread/Ice-Snow Cond.,Street,,,,,,,QUEENS,11 QUEENS,,
32532979,2016-01-26T19:08:00.000,Snow,E9 Snow / Icy Sidewalk,Sidewalk,85 NORTH BURGHER AVENUE,NORTH BURGHER AVENUE,SKINNER LANE,MARKHAM LANE,10310,STATEN ISLAND,STATEN ISLAND,01 STATEN ISLAND,40.63930638058692,-74.11536638587746
32533050,2016-01-26T13:16:00.000,Snow,E9 Snow / Icy Sidewalk,Sidewalk,,,,,,,QUEENS,08 QUEENS,,
32533051,2016-01-26T13:50:00.000,Snow,E9 Snow / Icy Sidewalk,Sidewalk,258 BOWERY,BOWERY,STANTON STREET,EAST HOUSTON STREET,10012,NEW YORK,MANHATTAN,02 MANHATTAN,40.72322232629938,-73.99295414493187
32533052,2016-01-26T14:15:00.000,Snow,E9 Snow / Icy Sidewalk,Sidewalk,,,,,10456,BRONX,BRONX,03 BRONX,40.83105772887428,-73.90584156017586
32533053,2016-01-26T14:39:00.000,Snow,E9 Snow / Icy Sidewalk,Sidewalk,36-04 192 STREET,192 STREET,CROCHERON AVENUE,37 AVENUE,11358,Flushing,QUEENS,11 QUEENS,40.763450777594734,-73.79024005351927
32533060,2016-01-26T21:06:00.000,Snow,15S Re-Plow/Spread/Ice-Snow Cond.,Street,,,,,11105,Astoria,QUEENS,01 QUEENS,40.76981669163943,-73.90176193503255
32533061,2016-01-26T22:53:00.000,Snow,E9 Snow / Icy Sidewalk,Sidewalk,249 SKILLMAN AVENUE,SKILLMAN AVENUE,WOODPOINT ROAD,KINGSLAND AVENUE,11211,BROOKLYN,BROOKLYN,01 BROOKLYN,40.71629060559211,-73.940951553742
32533075,2016-01-26T18:28:00.000,Snow,E9 Snow / Icy Sidewalk,Sidewalk,997 SUMMIT AVENUE,SUMMIT AVENUE,WEST 162 STREET,WEST 164 STREET,10452,BRONX,BRONX,04 BRONX,40.83300191057168,-73.93032860233616
32533077,2016-01-26T09:34:00.000,Snow,E9 Snow / Icy Sidewalk,Sidewalk,2412 EAST   70 STREET,EAST   70 STREET,AVENUE X,AVENUE Y,11234,BROOKLYN,BROOKLYN,18 BROOKLYN,40.614188777347756,-73.90240157260587
32533084,2016-01-26T20:37:00.000,Snow,E9 Snow / Icy Sidewalk,Sidewalk,70-45 57 ROAD,57 ROAD,71 STREET,DEAD END,11378,Maspeth,QUEENS,05 QUEENS,40.727242066149444,-73.89167920104948
32533085,2016-01-26T22:13:00.000,Snow,E9 Snow / Icy Sidewalk,Sidewalk,813 EAST  170 STREET,EAST  170 STREET,PROSPECT AVENUE,BRISTOW STREET,10459,BRONX,BRONX,03 BRONX,40.83317314877724,-73.89540950627489
32533104,2016-01-26T09:41:00.000,Snow,E9 Snow / Icy Sidewalk,Sidewalk,796B MAGENTA STREET,MAGENTA STREET,WALLACE AVENUE,BARNES AVENUE,10467,BRONX,BRONX,12 BRONX,40.874674742024894,-73.86292379973975
32533105,2016-01-26T09:32:00.000,Snow,E9 Snow / Icy Sidewalk,Sidewalk,607 WOODWARD AVENUE,WOODWARD AVENUE,GROVE STREET,LINDEN STREET,11385,Ridgewood,QUEENS,05 QUEENS,40.70606093340482,-73.90765198999651
32533113,2016-01-26T11:22:00.000,Snow,E9 Snow / Icy Sidewalk,Sidewalk,,,,,11354,Flushing,QUEENS,07 QUEENS,40.765182566556014,-73.81413273844576
32533297,2016-01-26T18:23:00.000,Snow,E9 Snow / Icy Sidewalk,Sidewalk,128 EAST   42 STREET,EAST   42 STREET,DE PEW PLACE,LEXINGTON AVENUE,10017,NEW YORK,MANHATTAN,05 MANHATTAN,40.7514827944408,-73.97617180262111
32533298,2016-01-26T11:18:00.000,Snow,E9 Snow / Icy Sidewalk,Sidewalk,204 4 AVENUE,4 AVENUE,SACKETT STREET,UNION STREET,11217,BROOKLYN,BROOKLYN,06 BROOKLYN,40.67795181403615,-73.98269475337365
32533302,2016-01-26T11:20:00.000,Snow,E9 Snow / Icy Sidewalk,Sidewalk,145 KELVIN AVENUE,KELVIN AVENUE,DURANT AVENUE,DEAD END,10306,STATEN ISLAND,STATEN ISLAND,03 STATEN ISLAND,40.553717630305705,-74.13345610396188
32533303,2016-01-26T11:42:00.000,Snow,E9 Snow / Icy Sidewalk,Sidewalk,1595 UNION STREET,UNION STREET,ALBANY AVENUE,TROY AVENUE,11213,BROOKLYN,BROOKLYN,09 BROOKLYN,40.66820612801909,-73.93790486559304
32533304,2016-01-26T18:30:00.000,Snow,E9 Snow / Icy Sidewalk,Sidewalk,1558 LINCOLN PLACE,LINCOLN PLACE,BUFFALO AVENUE,RALPH AVENUE,11233,BROOKLYN,BROOKLYN,08 BROOKLYN,40.66938400052664,-73.92472102387943
32533305,2016-01-26T18:53:00.000,Snow,E9 Snow / Icy Sidewalk,Sidewalk,272 CANAL STREET,CANAL STREET,CORTLANDT ALLEY,BROADWAY,10013,NEW YORK,MANHATTAN,01 MANHATTAN,40.718970903312886,-74.00129869227929
32533307,2016-01-26T11:30:00.000,Snow,E9 Snow / Icy Sidewalk,Sidewalk,14-61 155 STREET,155 STREET,14 AVENUE,CRYDERS LANE,11357,Whitestone,QUEENS,07 QUEENS,40.78810013841173,-73.80682823824499
32533308,2016-01-26T18:34:00.000,Snow,E9 Snow / Icy Sidewalk,Sidewalk,1858 EAST   21 STREET,EAST   21 STREET,QUENTIN ROAD,AVENUE R,11229,BROOKLYN,BROOKLYN,15 BROOKLYN,40.60754755369039,-73.95190613193681
32533313,2016-01-26T11:50:00.000,Snow,E9 Snow / Icy Sidewalk,Sidewalk,645 MEAD STREET,MEAD STREET,GARFIELD STREET,UNIONPORT ROAD,10460,BRONX,BRONX,11 BRONX,40.84279872933203,-73.86608685021159
32533314,2016-01-26T20:24:00.000,Snow,E9 Snow / Icy Sidewalk,Sidewalk,88-08 JUSTICE AVENUE,JUSTICE AVENUE,54 AVENUE,55 AVENUE,11373,Elmhurst,QUEENS,04 QUEENS,40.73688677185528,-73.87505381831023
32533315,2016-01-26T20:14:00.000,Snow,E9 Snow / Icy Sidewalk,Sidewalk,126-11 5 AVENUE,5 AVENUE,126 STREET,127 STREET,11356,College Point,QUEENS,07 QUEENS,40.79253361943472,-73.84148911666388
32533318,2016-01-26T12:38:00.000,Snow,E9 Snow / Icy Sidewalk,Sidewalk,3012 CORTELYOU ROAD,CORTELYOU ROAD,NOSTRAND AVENUE,EAST 31 STREET,11226,BROOKLYN,BROOKLYN,17 BROOKLYN,40.644425154287184,-73.94865806777709
32533319,2016-01-26T19:42:00.000,Snow,E9 Snow / Icy Sidewalk,Sidewalk,15 MANOR ROAD,MANOR ROAD,DELAFIELD AVENUE,FOREST AVENUE,10310,STATEN ISLAND,STATEN ISLAND,01 STATEN ISLAND,40.62783376666415,-74.12527519813986
32533321,2016-01-26T12:34:00.000,Snow,E9 Snow / Icy Sidewalk,Sidewalk,1116 SAINT LAWRENCE AVENUE,SAINT LAWRENCE AVENUE,WATSON AVENUE,GLEASON AVENUE,10472,BRONX,BRONX,09 BRONX,40.82824395060176,-73.8664666433473
32533322,2016-01-26T12:51:00.000,Snow,E9 Snow / Icy Sidewalk,Sidewalk,,,,,10309,STATEN ISLAND,STATEN ISLAND,03 STATEN ISLAND,40.51999976751181,-74.1951917014374
32533326,2016-01-26T12:59:00.000,Snow,E9 Snow / Icy Sidewalk,Sidewalk,51-01 SKILLMAN AVENUE,SKILLMAN AVENUE,51 STREET,52 STREET,11377,Woodside,QUEENS,02 QUEENS,40.746023462842786,-73.91323015914259
32533327,2016-01-26T12:53:00.000,Snow,E9 Snow / Icy Sidewalk,Sidewalk,5360 BROADWAY,BROADWAY,NYCTA SUBWAY,,10463,BRONX,BRONX,08 BRONX,40.876023136178674,-73.9079077083527
32533328,2016-01-26T01:47:00.000,Snow,E9 Snow / Icy Sidewalk,Sidewalk,336 BLAKE AVENUE,BLAKE AVENUE,OSBORN STREET,MOTHER GASTON BOULEVARD,11212,BROOKLYN,BROOKLYN,16 BROOKLYN,40.666008750725474,-73.90708023864774
32533329,2016-01-26T05:47:00.000,Snow,E9 Snow / Icy Sidewalk,Sidewalk,,,,,11436,Jamaica,QUEENS,12 QUEENS,40.67334931143748,-73.79848331816362
32533341,2016-01-26T08:01:00.000,Snow,E9 Snow / Icy Sidewalk,Sidewalk,,,,,11231,BROOKLYN,BROOKLYN,06 BROOKLYN,40.68106014649009,-73.99652797309054
32533356,2016-01-26T18:24:00.000,Snow,E9 Snow / Icy Sidewalk,Sidewalk,166-36 137 AVENUE,137 AVENUE,166 PLACE,167 STREET,11434,Jamaica,QUEENS,12 QUEENS,40.67216381233391,-73.7735297786974
32533357,2016-01-26T11:20:00.000,Snow,E9 Snow / Icy Sidewalk,Sidewalk,,,,,11221,BROOKLYN,BROOKLYN,03 BROOKLYN,40.68927488957983,-73.92397378688614
32533362,2016-01-26T11:30:00.000,Snow,E9 Snow / Icy Sidewalk,Sidewalk,142 WEST   19 STREET,WEST   19 STREET,AVENUE OF THE AMERICAS,7 AVENUE,10011,NEW YORK,MANHATTAN,04 MANHATTAN,40.7409755408076,-73.9958788988693
32533363,2016-01-26T11:59:00.000,Snow,E9 Snow / Icy Sidewalk,Sidewalk,3913 AVENUE J,AVENUE J,EAST 39 STREET,EAST 40 STREET,11210,BROOKLYN,BROOKLYN,18 BROOKLYN,40.627536820898854,-73.93820208680845
32533364,2016-01-26T17:40:00.000,Snow,E9 Snow / Icy Sidewalk,Sidewalk,5080 BROADWAY,BROADWAY,WEST 216 STREET,WEST 218 STREET,10034,NEW YORK,MANHATTAN,12 MANHATTAN,40.87046512976672,-73.91506364294965
32533365,2016-01-26T18:28:00.000,Snow,E9 Snow / Icy Sidewalk,Sidewalk,82-12 37 AVENUE,37 AVENUE,82 STREET,83 STREET,11372,Jackson Heights,QUEENS,03 QUEENS,40.74976087574555,-73.88408863671397
32533366,2016-01-26T19:27:00.000,Snow,E9 Snow / Icy Sidewalk,Sidewalk,1515 CHURCH AVENUE,CHURCH AVENUE,EAST 15 STREET,EAST 16 STREET,11226,BROOKLYN,BROOKLYN,14 BROOKLYN,40.64846903772478,-73.96556696515013
32533367,2016-01-26T12:16:00.000,Snow,E9 Snow / Icy Sidewalk,Sidewalk,146 MARBLE STREET,MARBLE STREET,DEMOREST AVENUE,O'CONNOR AVENUE,10314,STATEN ISLAND,STATEN ISLAND,01 STATEN ISLAND,40.614045989379704,-74.13785566627038
32533368,2016-01-26T12:43:00.000,Snow,E9 Snow / Icy Sidewalk,Sidewalk,111-10 115 STREET,115 STREET,111 AVENUE,LINDEN BOULEVARD,11420,South Ozone Park,QUEENS,10 QUEENS,40.67927411744045,-73.82457528373433
32533369,2016-01-26T19:41:00.000,Snow,E9 Snow / Icy Sidewalk,Sidewalk,,,,,,,QUEENS,07 QUEENS,,
32533373,2016-01-26T00:26:00.000,Snow,E9 Snow / Icy Sidewalk,Sidewalk,246-06 83 AVENUE,83 AVENUE,246 STREET,247 STREET,11426,Bellerose,QUEENS,13 QUEENS,40.736436759931344,-73.72154826279763
32533375,2016-01-26T12:33:00.000,Snow,E9 Snow / Icy Sidewalk,Sidewalk,30-12 BROOKHAVEN AVENUE,BROOKHAVEN AVENUE,BEACH 30 STREET,DEAD END,11691,Far Rockaway,QUEENS,14 QUEENS,40.597740377828686,-73.76348351455063
32533376,2016-01-26T12:56:00.000,Snow,E9 Snow / Icy Sidewalk,Sidewalk,110-33 72 DRIVE,72 DRIVE,BEND,112 STREET,11375,Forest Hills,QUEENS,06 QUEENS,40.720016607204855,-73.8389847927567
32533379,2016-01-26T18:21:00.000,Snow,E9 Snow / Icy Sidewalk,Sidewalk,263 FATHER CAPODANNO BOULEVARD,FATHER CAPODANNO BOULEVARD,SUNNYMEADE VILLAGE,SAND LANE,10305,STATEN ISLAND,STATEN ISLAND,02 STATEN ISLAND,40.590778853963485,-74.06612776807728
32533380,2016-01-26T11:32:00.000,Snow,E9 Snow / Icy Sidewalk,Sidewalk,39-44 47 AVENUE,47 AVENUE,39 PLACE,40 STREET,11104,Sunnyside,QUEENS,02 QUEENS,40.74186813802389,-73.92530313009529
32533381,2016-01-26T11:53:00.000,Snow,E9 Snow / Icy Sidewalk,Sidewalk,360 NOME AVENUE,NOME AVENUE,POI COURT,COUNTRY DRIVE WEST,10314,STATEN ISLAND,STATEN ISLAND,02 STATEN ISLAND,40.58863295827423,-74.1622538129661
32533382,2016-01-26T06:57:00.000,Snow,E9 Snow / Icy Sidewalk,Sidewalk,,,,,10028,NEW YORK,MANHATTAN,08 MANHATTAN,40.77882193224481,-73.95398496911395
32533388,2016-01-26T19:27:00.000,Snow,E9 Snow / Icy Sidewalk,Sidewalk,,,,,10462,BRONX,BRONX,09 BRONX,40.83778400764218,-73.85247967199932
32533389,2016-01-26T07:54:00.000,Snow,E9 Snow / Icy Sidewalk,Sidewalk,,,,,11432,Jamaica,QUEENS,12 QUEENS,40.706748762058126,-73.80222722833741
32533398,2016-01-26T12:17:00.000,Snow,E9 Snow / Icy Sidewalk,Sidewalk,899 FULTON STREET,FULTON STREET,VANDERBILT AVENUE,CLINTON AVENUE,11238,BROOKLYN,BROOKLYN,02 BROOKLYN,40.68359448068532,-73.96734800478697
32533399,2016-01-26T12:37:00.000,Snow,E9 Snow / Icy Sidewalk,Sidewalk,83 RUTGERS SLIP,RUTGERS SLIP,CHERRY STREET,SOUTH STREET,10002,NEW YORK,MANHATTAN,03 MANHATTAN,40.71032720701114,-73.98981019458509
32533400,2016-01-26T20:06:00.000,Snow,E9 Snow / Icy Sidewalk,Sidewalk,33 WEST   14 ROAD,WEST   14 ROAD,CROSS BAY BOULEVARD,BODY OF WATER,11693,Far Rockaway,QUEENS,14 QUEENS,40.60313660501799,-73.82117050650388
32533401,2016-01-26T19:58:00.000,Snow,E9 Snow / Icy Sidewalk,Sidewalk,484 NEW DORP LANE,NEW DORP LANE,MILLER FIELD BOUNDARY,SANCHEZ DRIVE,10306,STATEN ISLAND,STATEN ISLAND,02 STATEN ISLAND,40.5690858783595,-74.10720048112225
32533402,2016-01-26T08:43:00.000,Snow,E9 Snow / Icy Sidewalk,Sidewalk,,,,,10457,BRONX,BRONX,03 BRONX,40.838874763116046,-73.90264657791019
32533410,2016-01-26T06:29:00.000,Snow,E9 Snow / Icy Sidewalk,Sidewalk,1443 PACIFIC STREET,PACIFIC STREET,BROOKLYN AVENUE,KINGSTON AVENUE,11216,BROOKLYN,BROOKLYN,08 BROOKLYN,40.67732445559168,-73.94358542316222
32533417,2016-01-26T08:55:00.000,Snow,E9 Snow / Icy Sidewalk,Sidewalk,2012 HOMECREST AVENUE,HOMECREST AVENUE,AVENUE T,AVENUE U,11229,BROOKLYN,BROOKLYN,15 BROOKLYN,40.60024658380307,-73.9595204397999
32533443,2016-01-26T14:39:00.000,Snow,E9 Snow / Icy Sidewalk,Sidewalk,4197 PARK AVENUE,PARK AVENUE,EAST 176 STREET,EAST TREMONT AVENUE,10457,BRONX,BRONX,06 BRONX,40.84724916579033,-73.89978614477903
32533451,2016-01-26T14:34:00.000,Snow,E9 Snow / Icy Sidewalk,Sidewalk,40-09 209 STREET,209 STREET,DEAD END,42 AVENUE,11361,Bayside,QUEENS,11 QUEENS,40.76237326187681,-73.77627336470599
32533452,2016-01-26T15:05:00.000,Snow,E9 Snow / Icy Sidewalk,Sidewalk,88-81 62 DRIVE,62 DRIVE,BEND,ALDERTON STREET,11374,Rego Park,QUEENS,06 QUEENS,40.72674834601287,-73.86830079233214
32533464,2016-01-26T15:27:00.000,Snow,E9 Snow / Icy Sidewalk,Sidewalk,9060 FORT HAMILTON PARKWAY,FORT HAMILTON PARKWAY,90 STREET,92 STREET,11209,BROOKLYN,BROOKLYN,10 BROOKLYN,40.61718035907507,-74.0273318048573
32533472,2016-01-26T18:12:00.000,Snow,E9 Snow / Icy Sidewalk,Sidewalk,480 GATES AVENUE,GATES AVENUE,MARCY AVENUE,TOMPKINS AVENUE,11216,BROOKLYN,BROOKLYN,03 BROOKLYN,40.68664449680268,-73.94681187824506
32533473,2016-01-26T18:26:00.000,Snow,15S Re-Plow/Spread/Ice-Snow Cond.,Street,54-23 ARNOLD AVENUE,ARNOLD AVENUE,54 STREET,54 PLACE,11378,Maspeth,QUEENS,05 QUEENS,40.71371266837112,-73.91027824884026
32533486,2016-01-26T15:03:00.000,Snow,E9 Snow / Icy Sidewalk,Sidewalk,,,,,11415,Kew Gardens,QUEENS,09 QUEENS,40.71110992007056,-73.8313701627924
32533497,2016-01-26T15:01:00.000,Snow,E9 Snow / Icy Sidewalk,Sidewalk,,,,,10467,BRONX,BRONX,07 BRONX,40.88025935218736,-73.87678054259923
32533499,2016-01-26T17:54:00.000,Snow,E9 Snow / Icy Sidewalk,Sidewalk,4026 ELY AVENUE,ELY AVENUE,EAST 233 STREET,EDENWALD AVENUE,10466,BRONX,BRONX,12 BRONX,40.890484220168744,-73.84557762052671
32533500,2016-01-26T18:05:00.000,Snow,E9 Snow / Icy Sidewalk,Sidewalk,2461 BROADWAY,BROADWAY,WEST 91 STREET,WEST 92 STREET,10025,NEW YORK,MANHATTAN,07 MANHATTAN,40.79156650505102,-73.974048391333
32533822,2016-01-26T20:36:00.000,Snow,E9 Snow / Icy Sidewalk,Sidewalk,,,,,11211,BROOKLYN,BROOKLYN,01 BROOKLYN,40.71388608420146,-73.95979771726176
32533824,2016-01-26T13:44:00.000,Snow,E9 Snow / Icy Sidewalk,Sidewalk,1710 AVENUE Y,AVENUE Y,EAST 17 STREET,EAST 18 STREET,11235,BROOKLYN,BROOKLYN,15 BROOKLYN,40.59030778277413,-73.95264225429426
32533825,2016-01-26T13:31:00.000,Snow,E9 Snow / Icy Sidewalk,Sidewalk,1633 EAST    5 STREET,EAST    5 STREET,AVENUE O,AVENUE P,11230,BROOKLYN,BROOKLYN,12 BROOKLYN,40.61073199127652,-73.9693105147532
32533826,2016-01-26T21:14:00.000,Snow,E9 Snow / Icy Sidewalk,Sidewalk,352 LIVONIA AVENUE,LIVONIA AVENUE,MOTHER GASTON BOULEVARD,CHRISTOPHER AVENUE,11212,BROOKLYN,BROOKLYN,16 BROOKLYN,40.663185054576104,-73.90456104749359
32533828,2016-01-26T21:17:00.000,Snow,E9 Snow / Icy Sidewalk,Sidewalk,622 BEACH   66 STREET,BEACH   66 STREET,ALMEDA AVENUE,DE COSTA AVENUE,11692,Arverne,QUEENS,14 QUEENS,40.59746986969824,-73.79560112749132
32533829,2016-01-26T06:22:00.000,Snow,E9 Snow / Icy Sidewalk,Sidewalk,45-07 25 AVENUE,25 AVENUE,45 STREET,46 STREET,11103,Astoria,QUEENS,01 QUEENS,40.76602001422777,-73.90755080186953
32533834,2016-01-26T07:59:00.000,Snow,E9 Snow / Icy Sidewalk,Sidewalk,45 EAST  126 STREET,EAST  126 STREET,MADISON AVENUE,PARK AVENUE,10035,NEW YORK,MANHATTAN,11 MANHATTAN,40.806292926292166,-73.93986029016268
32533835,2016-01-26T21:54:00.000,Snow,15S Re-Plow/Spread/Ice-Snow Cond.,Street,,,,,10458,BRONX,BRONX,05 BRONX,40.860997164194245,-73.89642499760646
32533838,2016-01-26T13:08:00.000,Snow,E9 Snow / Icy Sidewalk,Sidewalk,59-44 MENAHAN STREET,MENAHAN STREET,FOREST AVENUE,BEND,11385,Ridgewood,QUEENS,05 QUEENS,40.71021887358405,-73.90383723015806
32533839,2016-01-26T14:08:00.000,Snow,E9 Snow / Icy Sidewalk,Sidewalk,40 VISTA AVENUE,VISTA AVENUE,OVERLOOK AVENUE,DUTCHESS AVENUE,10304,STATEN ISLAND,STATEN ISLAND,02 STATEN ISLAND,40.597304692857996,-74.09532318104482
32533840,2016-01-26T14:04:00.000,Snow,E9 Snow / Icy Sidewalk,Sidewalk,496 ARTHUR KILL ROAD,ARTHUR KILL ROAD,GIFFORDS LANE,ELVERTON AVENUE,10308,STATEN ISLAND,STATEN ISLAND,03 STATEN ISLAND,40.562575302604714,-74.15718786137678
32533841,2016-01-26T08:02:00.000,Snow,E9 Snow / Icy Sidewalk,Sidewalk,21-50 44 DRIVE,44 DRIVE,21 STREET,23 STREET,11101,Long Island City,QUEENS,02 QUEENS,40.748020144751074,-73.94693972033157
32533842,2016-01-26T08:24:00.000,Snow,E9 Snow / Icy Sidewalk,Sidewalk,92-04 158 AVENUE,158 AVENUE,92 STREET,CROSS BAY BOULEVARD,11414,Howard Beach,QUEENS,10 QUEENS,40.6607187411896,-73.84112832957271
32533843,2016-01-26T08:50:00.000,Snow,E9 Snow / Icy Sidewalk,Sidewalk,1345 EAST   95 STREET,EAST   95 STREET,AVENUE K,HOLMES LANE,11236,BROOKLYN,BROOKLYN,18 BROOKLYN,40.63881684710804,-73.89814626573335
32533847,2016-01-26T20:33:00.000,Snow,15S Re-Plow/Spread/Ice-Snow Cond.,Street,70-51 OLCOTT STREET,OLCOTT STREET,70 AVENUE,71 AVENUE,11375,Forest Hills,QUEENS,06 QUEENS,40.71112981902695,-73.85181492907725
32533848,2016-01-26T20:36:00.000,Snow,E9 Snow / Icy Sidewalk,Sidewalk,21 PENN STREET,PENN STREET,GOWER STREET,ELVIN STREET,10314,STATEN ISLAND,STATEN ISLAND,01 STATEN ISLAND,40.6104781346842,-74.12300602358364
32533849,2016-01-26T13:25:00.000,Snow,E9 Snow / Icy Sidewalk,Sidewalk,1470 RICHMOND TERRACE,RICHMOND TERRACE,NORTH BURGHER AVENUE,BEND,10310,STATEN ISLAND,STATEN ISLAND,01 STATEN ISLAND,40.64083619959074,-74.11712021396772
32533850,2016-01-26T13:39:00.000,Snow,E9 Snow / Icy Sidewalk,Sidewalk,,,,,11220,BROOKLYN,BROOKLYN,10 BROOKLYN,40.63461610971135,-74.02351985217783
32533851,2016-01-26T13:35:00.000,Snow,E9 Snow / Icy Sidewalk,Sidewalk,,,,,11434,Jamaica,QUEENS,12 QUEENS,40.680098205543715,-73.76359162115075
32533853,2016-01-26T08:47:00.000,Snow,E9 Snow / Icy Sidewalk,Sidewalk,,,,,11215,BROOKLYN,BROOKLYN,07 BROOKLYN,40.65981773181019,-73.98783916049207
32533859,2016-01-26T07:23:00.000,Snow,E9 Snow / Icy Sidewalk,Sidewalk,1285 SHAKESPEARE AVENUE,SHAKESPEARE AVENUE,WEST 169 STREET,CORPORAL IRWIN FISCHER PLACE,10452,BRONX,BRONX,04 BRONX,40.8395293518895,-73.92253355937194
32533860,2016-01-26T07:40:00.000,Snow,E9 Snow / Icy Sidewalk,Sidewalk,79 LEE AVENUE,LEE AVENUE,ROSS STREET,RODNEY STREET,11211,BROOKLYN,BROOKLYN,01 BROOKLYN,40.70542391419685,-73.95961166305254
32533861,2016-01-26T13:56:00.000,Snow,E9 Snow / Icy Sidewalk,Sidewalk,466 EAST   10 STREET,EAST   10 STREET,AVENUE D,F D R DRIVE,10009,NEW YORK,MANHATTAN,03 MANHATTAN,40.7243834794696,-73.97442811493946
32533862,2016-01-26T08:13:00.000,Snow,E9 Snow / Icy Sidewalk,Sidewalk,65 3 PLACE,3 PLACE,CLINTON STREET,COURT STREET,11231,BROOKLYN,BROOKLYN,06 BROOKLYN,40.67901259210625,-73.99882827196296
32533863,2016-01-26T08:45:00.000,Snow,E9 Snow / Icy Sidewalk,Sidewalk,110 MALCOLM X BOULEVARD,MALCOLM X BOULEVARD,LEXINGTON AVENUE,QUINCY STREET,11221,BROOKLYN,BROOKLYN,03 BROOKLYN,40.68986362160879,-73.93044932100086
32533864,2016-01-26T08:31:00.000,Snow,E9 Snow / Icy Sidewalk,Sidewalk,81 WATCHOGUE ROAD,WATCHOGUE ROAD,MARBLE STREET,FREDERICK STREET,10314,STATEN ISLAND,STATEN ISLAND,01 STATEN ISLAND,40.6142246356226,-74.13299717704345
32533865,2016-01-26T09:15:00.000,Snow,E9 Snow / Icy Sidewalk,Sidewalk,,,,,11215,BROOKLYN,BROOKLYN,06 BROOKLYN,40.66702341033697,-73.97483220071042
32533869,2016-01-26T21:31:00.000,Snow,E9 Snow / Icy Sidewalk,Sidewalk,,,,,11105,Astoria,QUEENS,01 QUEENS,40.782282541545804,-73.91459477419642
32533870,2016-01-26T14:01:00.000,Snow,E9 Snow / Icy Sidewalk,Sidewalk,198-01 67 AVENUE,67 AVENUE,65 CRESCENT,198 STREET,11365,Fresh Meadows,QUEENS,08 QUEENS,40.739394599516956,-73.77649847630828
32533872,2016-01-26T09:10:00.000,Snow,E9 Snow / Icy Sidewalk,Sidewalk,,,,,11206,BROOKLYN,BROOKLYN,01 BROOKLYN,40.70659717757548,-73.94308455112181
32533875,2016-01-26T08:00:00.000,Snow,E9 Snow / Icy Sidewalk,Sidewalk,722 PRESIDENT STREET,PRESIDENT STREET,5 AVENUE,6 AVENUE,11215,BROOKLYN,BROOKLYN,06 BROOKLYN,40.67506920230332,-73.97909039739542
32533877,2016-01-26T08:43:00.000,Snow,E9 Snow / Icy Sidewalk,Sidewalk,,,,,11201,BROOKLYN,BROOKLYN,02 BROOKLYN,40.68878555813275,-73.98357176799574
32533881,2016-01-26T09:56:00.000,Snow,E9 Snow / Icy Sidewalk,Sidewalk,61 CANAL STREET,CANAL STREET,ORCHARD STREET,ALLEN STREET,10002,NEW YORK,MANHATTAN,03 MANHATTAN,40.71497976043563,-73.99213256039323
32533882,2016-01-26T09:50:00.000,Snow,E9 Snow / Icy Sidewalk,Sidewalk,415 4 AVENUE,4 AVENUE,7 STREET,8 STREET,11215,BROOKLYN,BROOKLYN,06 BROOKLYN,40.6711646639081,-73.98802815092601
32533884,2016-01-26T09:02:00.000,Snow,E9 Snow / Icy Sidewalk,Sidewalk,293 NORTH    7 STREET,NORTH    7 STREET,HAVEMEYER STREET,MEEKER AVENUE,11211,BROOKLYN,BROOKLYN,01 BROOKLYN,40.71497871842693,-73.95312001454633
32533888,2016-01-26T09:32:00.000,Snow,E9 Snow / Icy Sidewalk,Sidewalk,796 MAGENTA STREET,MAGENTA STREET,WALLACE AVENUE,BARNES AVENUE,10467,BRONX,BRONX,12 BRONX,40.874674742024894,-73.86292379973975
32533890,2016-01-26T10:08:00.000,Snow,E9 Snow / Icy Sidewalk,Sidewalk,84-60 123 STREET,123 STREET,METROPOLITAN AVENUE,85 AVENUE,11415,Kew Gardens,QUEENS,09 QUEENS,40.704392514815844,-73.82886246750769
32533891,2016-01-26T10:04:00.000,Snow,E9 Snow / Icy Sidewalk,Sidewalk,35-10 FRANCIS LEWIS BOULEVARD,FRANCIS LEWIS BOULEVARD,CROCHERON AVENUE,,11358,Flushing,QUEENS,11 QUEENS,40.76405569287837,-73.78782671449848
32533892,2016-01-26T10:23:00.000,Snow,E9 Snow / Icy Sidewalk,Sidewalk,253 EAST   62 STREET,EAST   62 STREET,3 AVENUE,2 AVENUE,10065,NEW YORK,MANHATTAN,08 MANHATTAN,40.762947190263276,-73.96403856937941
32533893,2016-01-26T10:19:00.000,Snow,E9 Snow / Icy Sidewalk,Sidewalk,33-06 213 STREET,213 STREET,33 AVENUE,33 ROAD,11361,Bayside,QUEENS,11 QUEENS,40.77162948628066,-73.7753396827486
32533894,2016-01-26T11:12:00.000,Snow,E9 Snow / Icy Sidewalk,Sidewalk,6902 16 AVENUE,16 AVENUE,BAY RIDGE AVENUE,70 STREET,11204,BROOKLYN,BROOKLYN,11 BROOKLYN,40.619626443809416,-73.9973884706949
32533895,2016-01-26T10:02:00.000,Snow,E9 Snow / Icy Sidewalk,Sidewalk,289 24 STREET,24 STREET,4 AVENUE,5 AVENUE,11232,BROOKLYN,BROOKLYN,07 BROOKLYN,40.66032884235639,-73.99624431184961
32533896,2016-01-26T10:01:00.000,Snow,E9 Snow / Icy Sidewalk,Sidewalk,197-23 53 AVENUE,53 AVENUE,197 STREET,198 STREET,11365,Fresh Meadows,QUEENS,11 QUEENS,40.748212579433044,-73.78029451063817
32533897,2016-01-26T11:11:00.000,Snow,E9 Snow / Icy Sidewalk,Sidewalk,301 AVENUE OF THE AMERICAS,AVENUE OF THE AMERICAS,CARMINE STREET,WEST 3 STREET,10014,NEW YORK,MANHATTAN,02 MANHATTAN,40.73065807548758,-74.0016525149548
32533898,2016-01-26T11:04:00.000,Snow,E9 Snow / Icy Sidewalk,Sidewalk,,,,,11432,Jamaica,QUEENS,08 QUEENS,40.71228492539034,-73.78535109179003
32533900,2016-01-26T10:49:00.000,Snow,E9 Snow / Icy Sidewalk,Sidewalk,440 19 STREET,19 STREET,8 AVENUE,PROSPECT PARK WEST,11215,BROOKLYN,BROOKLYN,07 BROOKLYN,40.658038768640864,-73.98492009610514
32533902,2016-01-26T13:13:00.000,Snow,E9 Snow / Icy Sidewalk,Sidewalk,1016 BRONX PARK SOUTH,BRONX PARK SOUTH,BRYANT AVENUE,BOSTON ROAD,10460,BRONX,BRONX,06 BRONX,40.84428834249766,-73.87775797042816
32533903,2016-01-26T13:07:00.000,Snow,E9 Snow / Icy Sidewalk,Sidewalk,32 WHITE PLACE,WHITE PLACE,DONGAN STREET,CLOVE ROAD,10310,STATEN ISLAND,STATEN ISLAND,01 STATEN ISLAND,40.63269834944895,-74.12452773797261
32533905,2016-01-26T13:27:00.000,Snow,E9 Snow / Icy Sidewalk,Sidewalk,58-11 192 STREET,192 STREET,58 AVENUE,LONG ISLAND EXPRESSWAY,11365,Fresh Meadows,QUEENS,11 QUEENS,40.74301675015208,-73.784653021237
32533906,2016-01-26T13:21:00.000,Snow,E9 Snow / Icy Sidewalk,Sidewalk,,,,,11375,Forest Hills,QUEENS,06 QUEENS,40.71432058659993,-73.84451401160644
32533908,2016-01-26T13:37:00.000,Snow,E9 Snow / Icy Sidewalk,Sidewalk,9422 RIDGE BOULEVARD,RIDGE BOULEVARD,94 STREET,95 STREET,11209,BROOKLYN,BROOKLYN,10 BROOKLYN,40.61811660474948,-74.03627242207887
32533909,2016-01-26T13:30:00.000,Snow,E9 Snow / Icy Sidewalk,Sidewalk,141 HARRISON AVENUE,HARRISON AVENUE,TREADWELL AVENUE,NICHOLAS AVENUE,10302,STATEN ISLAND,STATEN ISLAND,01 STATEN ISLAND,40.636853626977505,-74.13918186350716
32533910,2016-01-26T06:48:00.000,Snow,E9 Snow / Icy Sidewalk,Sidewalk,2919 PAULDING AVENUE,PAULDING AVENUE,BOSTON ROAD,ADEE AVENUE,10469,BRONX,BRONX,11 BRONX,40.868762915854475,-73.85858279275591
32533917,2016-01-26T07:51:00.000,Snow,E9 Snow / Icy Sidewalk,Sidewalk,,,,,11212,BROOKLYN,BROOKLYN,16 BROOKLYN,40.66157417316461,-73.91547740408284
32533918,2016-01-26T22:20:00.000,Snow,15S Re-Plow/Spread/Ice-Snow Cond.,Street,,,,,11385,Ridgewood,QUEENS,05 QUEENS,40.708265638229754,-73.89557663639876
32533919,2016-01-26T22:30:00.000,Snow,E9 Snow / Icy Sidewalk,Sidewalk,813 BERGEN STREET,BERGEN STREET,GRAND AVENUE,CLASSON AVENUE,11238,BROOKLYN,BROOKLYN,08 BROOKLYN,40.67788607119412,-73.9608541275689
32533920,2016-01-26T13:10:00.000,Snow,E9 Snow / Icy Sidewalk,Sidewalk,2467 EAST   65 STREET,EAST   65 STREET,MAYFAIR DRIVE,BASSETT WALK,11234,BROOKLYN,BROOKLYN,18 BROOKLYN,40.61064691377591,-73.90774436192905
32533921,2016-01-26T22:50:00.000,Snow,E9 Snow / Icy Sidewalk,Sidewalk,25-28 14 STREET,14 STREET,HOYT AVENUE,26 AVENUE,11102,Astoria,QUEENS,01 QUEENS,40.77564657694176,-73.9278215097163
32533923,2016-01-26T08:53:00.000,Snow,E9 Snow / Icy Sidewalk,Sidewalk,,,,,11102,Astoria,QUEENS,01 QUEENS,40.76674420670858,-73.92596475282176
32533925,2016-01-27T00:12:00.000,Snow,E9 Snow / Icy Sidewalk,Sidewalk,247-17 136 AVENUE,136 AVENUE,HOOK CREEK BOULEVARD,BOROUGH BOUNDARY,11422,Rosedale,QUEENS,13 QUEENS,40.668758479244126,-73.72832661851837
32533926,2016-01-26T03:56:00.000,Snow,E9 Snow / Icy Sidewalk,Sidewalk,576 PROSPECT AVENUE,PROSPECT AVENUE,EAST 149 STREET,EAST 150 STREET,10455,BRONX,BRONX,02 BRONX,40.81296320415743,-73.90421621294122
32533927,2016-01-26T20:53:00.000,Snow,E9 Snow / Icy Sidewalk,Sidewalk,503 BEVERLY ROAD,BEVERLY ROAD,EAST 5 STREET,OCEAN PARKWAY,11218,BROOKLYN,BROOKLYN,12 BROOKLYN,40.643179594009574,-73.97529161692934
32533928,2016-01-26T13:38:00.000,Snow,E9 Snow / Icy Sidewalk,Sidewalk,159-13 102 STREET,102 STREET,159 AVENUE,ARCADE PLACE,11414,Howard Beach,QUEENS,10 QUEENS,40.66008187767429,-73.83143427879554
32533929,2016-01-26T21:22:00.000,Snow,E9 Snow / Icy Sidewalk,Sidewalk,99-48 64 AVENUE,64 AVENUE,99 STREET,102 STREET,11374,Rego Park,QUEENS,06 QUEENS,40.731450063501846,-73.85456967249466
32533933,2016-01-26T09:24:00.000,Snow,E9 Snow / Icy Sidewalk,Sidewalk,74-11 METROPOLITAN AVENUE,METROPOLITAN AVENUE,74 STREET,75 STREET,11379,Middle Village,QUEENS,05 QUEENS,40.71286508396901,-73.87803506920525
32533941,2016-01-26T09:50:00.000,Snow,E9 Snow / Icy Sidewalk,Sidewalk,3428 EASTCHESTER ROAD,EASTCHESTER ROAD,BOSTON ROAD,CHESTER STREET,10469,BRONX,BRONX,12 BRONX,40.87737960711885,-73.84654462103289
32533942,2016-01-26T14:29:00.000,Snow,E9 Snow / Icy Sidewalk,Sidewalk,1531 UNION STREET,UNION STREET,KINGSTON AVENUE,ALBANY AVENUE,11213,BROOKLYN,BROOKLYN,09 BROOKLYN,40.66836119779853,-73.94048211187616
32533944,2016-01-26T08:23:00.000,Snow,E9 Snow / Icy Sidewalk,Sidewalk,,,,,11228,BROOKLYN,BROOKLYN,10 BROOKLYN,40.613340363275306,-74.01108624866866
32533953,2016-01-26T09:46:00.000,Snow,E9 Snow / Icy Sidewalk,Sidewalk,15 WEST   15 ROAD,WEST   15 ROAD,CROSS BAY BOULEVARD,BODY OF WATER,11693,Far Rockaway,QUEENS,14 QUEENS,40.602417082895165,-73.82092395170868
32533954,2016-01-26T09:44:00.000,Snow,E9 Snow / Icy Sidewalk,Sidewalk,11 VAN CORLEAR PLACE,VAN CORLEAR PLACE,BEND,BEND,10463,NEW YORK,MANHATTAN,08 BRONX,40.8762919277649,-73.91116898251258
32533955,2016-01-26T09:38:00.000,Snow,E9 Snow / Icy Sidewalk,Sidewalk,134 CEDARVIEW AVENUE,CEDARVIEW AVENUE,AMBOY ROAD,NORTH RAILROAD AVENUE,10306,STATEN ISLAND,STATEN ISLAND,03 STATEN ISLAND,40.56542026084415,-74.12729607358686
32533960,2016-01-26T10:22:00.000,Snow,E9 Snow / Icy Sidewalk,Sidewalk,47-55 58 STREET,58 STREET,47 AVENUE,48 AVENUE,11377,Woodside,QUEENS,02 QUEENS,40.73961045892599,-73.90806378141778
32533961,2016-01-26T08:36:00.000,Snow,E9 Snow / Icy Sidewalk,Sidewalk,77 VICTORY BOULEVARD,VICTORY BOULEVARD,VAN DUZER STREET,CORSON AVENUE,10301,STATEN ISLAND,STATEN ISLAND,01 STATEN ISLAND,40.638316304600586,-74.0786344637259
32533962,2016-01-26T08:31:00.000,Snow,E9 Snow / Icy Sidewalk,Sidewalk,80-10 MAIN STREET,MAIN STREET,UNION TURNPIKE,CHARTER ROAD,11435,Jamaica,QUEENS,08 QUEENS,40.71746410754042,-73.81702547645318
32533963,2016-01-26T09:07:00.000,Snow,E9 Snow / Icy Sidewalk,Sidewalk,,,,,10314,STATEN ISLAND,STATEN ISLAND,02 STATEN ISLAND,40.60388220826799,-74.13062855042412
32533968,2016-01-26T10:06:00.000,Snow,E9 Snow / Icy Sidewalk,Sidewalk,1056 MANHATTAN AVENUE,MANHATTAN AVENUE,FREEMAN STREET,EAGLE STREET,11222,BROOKLYN,BROOKLYN,01 BROOKLYN,40.73482681418426,-73.9550076441027
32533971,2016-01-26T09:55:00.000,Snow,E9 Snow / Icy Sidewalk,Sidewalk,645 64 STREET,64 STREET,6 AVENUE,7 AVENUE,11220,BROOKLYN,BROOKLYN,10 BROOKLYN,40.63528448327936,-74.01528013042754
32533978,2016-01-26T10:53:00.000,Snow,E9 Snow / Icy Sidewalk,Sidewalk,,,,,10461,BRONX,BRONX,11 BRONX,40.84933530398559,-73.84943228661685
32533980,2016-01-26T09:41:00.000,Snow,E9 Snow / Icy Sidewalk,Sidewalk,159 FREEMAN STREET,FREEMAN STREET,FRANKLIN STREET,MANHATTAN AVENUE,11222,BROOKLYN,BROOKLYN,01 BROOKLYN,40.73438792086343,-73.95569712836989
32533981,2016-01-26T09:40:00.000,Snow,E9 Snow / Icy Sidewalk,Sidewalk,116-16 QUEENS BOULEVARD,QUEENS BOULEVARD,77 AVENUE,78 AVENUE,11375,Forest Hills,QUEENS,06 QUEENS,40.71597105944294,-73.83336353547983
32533982,2016-01-26T09:38:00.000,Snow,E9 Snow / Icy Sidewalk,Sidewalk,77-09 KEW FOREST LANE,KEW FOREST LANE,77 AVENUE,77 ROAD,11375,Forest Hills,QUEENS,06 QUEENS,40.715296948707525,-73.83412635820545
32533983,2016-01-26T09:33:00.000,Snow,E9 Snow / Icy Sidewalk,Sidewalk,,,,,11212,BROOKLYN,BROOKLYN,17 BROOKLYN,40.664376884821884,-73.92374984780145
32534004,2016-01-26T10:06:00.000,Snow,E9 Snow / Icy Sidewalk,Sidewalk,2019 PAULDING AVENUE,PAULDING AVENUE,NEILL AVENUE,LYDIG AVENUE,10462,BRONX,BRONX,11 BRONX,40.85269294138475,-73.8587940819598
32534015,2016-01-26T10:54:00.000,Snow,E9 Snow / Icy Sidewalk,Sidewalk,1007 ELDER AVENUE,ELDER AVENUE,BRUCKNER BOULEVARD,WATSON AVENUE,10472,BRONX,BRONX,09 BRONX,40.824257858795896,-73.8781741526424
32534027,2016-01-26T10:49:00.000,Snow,E9 Snow / Icy Sidewalk,Sidewalk,1785 EAST   22 STREET,EAST   22 STREET,QUENTIN ROAD,AVENUE R,11229,BROOKLYN,BROOKLYN,15 BROOKLYN,40.60786831287946,-73.95100193050823
32534028,2016-01-26T11:12:00.000,Snow,E9 Snow / Icy Sidewalk,Sidewalk,3153 VICTORY BOULEVARD,VICTORY BOULEVARD,JONES STREET,TIMOTHY COURT,10314,STATEN ISLAND,STATEN ISLAND,02 STATEN ISLAND,40.6069677472343,-74.16453126120382
32534276,2016-01-26T11:43:00.000,Snow,E9 Snow / Icy Sidewalk,Sidewalk,,,,,10303,STATEN ISLAND,STATEN ISLAND,01 STATEN ISLAND,40.63115680195469,-74.14691226344247
32534277,2016-01-26T11:42:00.000,Snow,E9 Snow / Icy Sidewalk,Sidewalk,,,,,11223,BROOKLYN,BROOKLYN,15 BROOKLYN,40.60567542697827,-73.96696115309008
32534278,2016-01-26T12:06:00.000,Snow,E9 Snow / Icy Sidewalk,Sidewalk,99 PROSPECT PARK WEST,PROSPECT PARK WEST,5 STREET,6 STREET,11215,BROOKLYN,BROOKLYN,06 BROOKLYN,40.66685326794377,-73.97498726528676
32534282,2016-01-26T20:58:00.000,Snow,15S Re-Plow/Spread/Ice-Snow Cond.,Street,,,,,11218,BROOKLYN,BROOKLYN,12 BROOKLYN,40.64083499226838,-73.98966226346111
32534283,2016-01-26T11:35:00.000,Snow,E9 Snow / Icy Sidewalk,Sidewalk,1509 UNION STREET,UNION STREET,KINGSTON AVENUE,ALBANY AVENUE,11213,BROOKLYN,BROOKLYN,09 BROOKLYN,40.66839719345344,-73.94109128150329
32534284,2016-01-26T11:47:00.000,Snow,E9 Snow / Icy Sidewalk,Sidewalk,195 LINCOLN AVENUE,LINCOLN AVENUE,RIDGEWOOD AVENUE,FULTON STREET,11208,BROOKLYN,BROOKLYN,05 BROOKLYN,40.68525454228886,-73.86969520326788
32534292,2016-01-26T18:12:00.000,Snow,E9 Snow / Icy Sidewalk,Sidewalk,87-22 52 AVENUE,52 AVENUE,JUSTICE AVENUE,BEND,11373,Elmhurst,QUEENS,04 QUEENS,40.738026748267224,-73.87588885580851
32534293,2016-01-26T20:47:00.000,Snow,15S Re-Plow/Spread/Ice-Snow Cond.,Street,73-20 AUSTIN STREET,AUSTIN STREET,ASCAN AVENUE,73 ROAD,11375,Forest Hills,QUEENS,06 QUEENS,40.71803078280674,-73.83997802705545
32534294,2016-01-26T21:59:00.000,Snow,15S Re-Plow/Spread/Ice-Snow Cond.,Street,,,,,11223,BROOKLYN,BROOKLYN,13 BROOKLYN,40.58723333620363,-73.96770115055256
32534309,2016-01-26T11:28:00.000,Snow,E9 Snow / Icy Sidewalk,Sidewalk,300 EAST  111 STREET,EAST  111 STREET,2 AVENUE,1 AVENUE,10029,NEW YORK,MANHATTAN,11 MANHATTAN,40.79371659984304,-73.93988970881682
32534314,2016-01-26T09:52:00.000,Snow,E9 Snow / Icy Sidewalk,Sidewalk,2201 WEST STREET,WEST STREET,GRAVESEND NECK ROAD,AVENUE W,11223,BROOKLYN,BROOKLYN,15 BROOKLYN,40.59469183830662,-73.97100304465589
32534373,2016-01-26T11:57:00.000,Snow,E9 Snow / Icy Sidewalk,Sidewalk,147-27 JASMINE AVENUE,JASMINE AVENUE,PARSONS BOULEVARD,156 STREET,11355,Flushing,QUEENS,07 QUEENS,40.75362479435912,-73.81266710153778
32534374,2016-01-26T11:56:00.000,Snow,E9 Snow / Icy Sidewalk,Sidewalk,619 THROOP AVENUE,THROOP AVENUE,MAC DONOUGH STREET,DECATUR STREET,11216,BROOKLYN,BROOKLYN,03 BROOKLYN,40.68074837203447,-73.94048547804653
32534379,2016-01-26T13:36:00.000,Snow,E9 Snow / Icy Sidewalk,Sidewalk,,,,,11377,Woodside,QUEENS,02 QUEENS,40.7407772825994,-73.8986146956696
32534382,2016-01-26T19:24:00.000,Snow,15S Re-Plow/Spread/Ice-Snow Cond.,Street,,,,,11208,BROOKLYN,BROOKLYN,05 BROOKLYN,40.68457531839622,-73.8838954674581
32534385,2016-01-26T19:34:00.000,Snow,15S Re-Plow/Spread/Ice-Snow Cond.,Street,365 POWELL STREET,POWELL STREET,BLAKE AVENUE,DUMONT AVENUE,11212,BROOKLYN,BROOKLYN,16 BROOKLYN,40.665500261551514,-73.9029032285716
32534386,2016-01-26T21:48:00.000,Snow,15S Re-Plow/Spread/Ice-Snow Cond.,Street,427 PROSPECT AVENUE,PROSPECT AVENUE,LOIS PLACE,BRENTWOOD AVENUE,10301,STATEN ISLAND,STATEN ISLAND,01 STATEN ISLAND,40.6385613008617,-74.10217041999694
32534387,2016-01-26T13:35:00.000,Snow,E9 Snow / Icy Sidewalk,Sidewalk,2257 JOHNSON AVENUE,JOHNSON AVENUE,EDSALL AVENUE,BEND,10463,BRONX,BRONX,08 BRONX,40.877966639437545,-73.9192523599821
32534388,2016-01-26T11:50:00.000,Snow,E9 Snow / Icy Sidewalk,Sidewalk,85 LYNCH STREET,LYNCH STREET,BEDFORD AVENUE,LEE AVENUE,11206,BROOKLYN,BROOKLYN,01 BROOKLYN,40.7011817029415,-73.95541624805084
32534397,2016-01-26T15:14:00.000,Snow,15S Re-Plow/Spread/Ice-Snow Cond.,Street,,,,,11234,BROOKLYN,BROOKLYN,18 BROOKLYN,40.62135730327926,-73.92713463347043
32534398,2016-01-26T10:24:00.000,Snow,E9 Snow / Icy Sidewalk,Sidewalk,52-32 72 PLACE,72 PLACE,CALAMUS AVENUE,53 ROAD,11378,Maspeth,QUEENS,05 QUEENS,40.73271201265795,-73.89130227017775
32534399,2016-01-26T10:58:00.000,Snow,E9 Snow / Icy Sidewalk,Sidewalk,14-07 BURTON STREET,BURTON STREET,CRYDERS LANE,14 ROAD,11357,Whitestone,QUEENS,07 QUEENS,40.788476871078544,-73.79608366477949
32534401,2016-01-26T21:12:00.000,Snow,15S Re-Plow/Spread/Ice-Snow Cond.,Street,126 RIDGEWOOD AVENUE,RIDGEWOOD AVENUE,LINWOOD STREET,ESSEX STREET,11208,BROOKLYN,BROOKLYN,05 BROOKLYN,40.68289307260153,-73.88419404986091
32534402,2016-01-27T00:10:00.000,Snow,E9 Snow / Icy Sidewalk,Sidewalk,23-03 30 DRIVE,30 DRIVE,23 STREET,CRESCENT STREET,11102,Astoria,QUEENS,01 QUEENS,40.76749177436332,-73.92753431877918
32534426,2016-01-26T10:57:00.000,Snow,E9 Snow / Icy Sidewalk,Sidewalk,2450 8 AVENUE,8 AVENUE,WEST 131 STREET,WEST 132 STREET,10027,NEW YORK,MANHATTAN,10 MANHATTAN,40.8140316670376,-73.94833936971969
32534427,2016-01-26T11:29:00.000,Snow,E9 Snow / Icy Sidewalk,Sidewalk,259 JEFFERSON BOULEVARD,JEFFERSON BOULEVARD,DRUMGOOLE ROAD WEST,RATHBUN AVENUE,10312,STATEN ISLAND,STATEN ISLAND,03 STATEN ISLAND,40.545277527414974,-74.18309672986668
32534606,2016-01-26T11:17:00.000,Snow,E9 Snow / Icy Sidewalk,Sidewalk,2502 EAST    2 STREET,EAST    2 STREET,AVENUE Y,MANHATTAN COURT,11223,BROOKLYN,BROOKLYN,13 BROOKLYN,40.58848503575166,-73.96795257524582
32534611,2016-01-26T11:53:00.000,Snow,E9 Snow / Icy Sidewalk,Sidewalk,412 WEST BROADWAY,WEST BROADWAY,SPRING STREET,PRINCE STREET,10012,NEW YORK,MANHATTAN,02 MANHATTAN,40.72483919153402,-74.0017028798129
32534613,2016-01-26T12:17:00.000,Snow,E9 Snow / Icy Sidewalk,Sidewalk,290 STATE STREET,STATE STREET,SMITH STREET,HOYT STREET,11201,BROOKLYN,BROOKLYN,02 BROOKLYN,40.6890084456604,-73.98813672875069
32534614,2016-01-26T19:40:00.000,Snow,E9 Snow / Icy Sidewalk,Sidewalk,19 MANOR ROAD,MANOR ROAD,DELAFIELD AVENUE,FOREST AVENUE,10310,STATEN ISLAND,STATEN ISLAND,01 STATEN ISLAND,40.627767907482266,-74.12526066430897
32534618,2016-01-26T19:10:00.000,Snow,E9 Snow / Icy Sidewalk,Sidewalk,948 BERGEN STREET,BERGEN STREET,FRANKLIN AVENUE,BEDFORD AVENUE,11216,BROOKLYN,BROOKLYN,08 BROOKLYN,40.6767065375365,-73.95529561264702
32534623,2016-01-26T12:09:00.000,Snow,E9 Snow / Icy Sidewalk,Sidewalk,30-62 STEINWAY STREET,STEINWAY STREET,30 AVENUE,31 AVENUE,11103,Astoria,QUEENS,01 QUEENS,40.76239535395239,-73.91622665030329
32534624,2016-01-26T12:03:00.000,Snow,E9 Snow / Icy Sidewalk,Sidewalk,374 LAFAYETTE AVENUE,LAFAYETTE AVENUE,GRAND AVENUE,CLASSON AVENUE,11238,BROOKLYN,BROOKLYN,02 BROOKLYN,40.688793737779484,-73.96068185497941
32534625,2016-01-26T12:27:00.000,Snow,E9 Snow / Icy Sidewalk,Sidewalk,39-33 57 STREET,57 STREET,39 AVENUE,WOODSIDE AVENUE,11377,Woodside,QUEENS,02 QUEENS,40.747278134193216,-73.90662042163567
32534627,2016-01-26T20:02:00.000,Snow,E9 Snow / Icy Sidewalk,Sidewalk,60-40 BOOTH STREET,BOOTH STREET,BEND,ELIOT AVENUE,11373,Elmhurst,QUEENS,06 QUEENS,40.73144408912809,-73.87024352506141
32534628,2016-01-26T12:53:00.000,Snow,E9 Snow / Icy Sidewalk,Sidewalk,88-20 ELIOT AVENUE,ELIOT AVENUE,BOOTH STREET,SAUNDERS STREET,11374,Rego Park,QUEENS,06 QUEENS,40.73134137407526,-73.86921900983545
32534629,2016-01-26T07:28:00.000,Snow,E9 Snow / Icy Sidewalk,Sidewalk,195-02 69 AVENUE,69 AVENUE,195 LANE,197 STREET,11365,Fresh Meadows,QUEENS,08 QUEENS,40.73692170964843,-73.77798984917634
32534630,2016-01-26T07:53:00.000,Snow,E9 Snow / Icy Sidewalk,Sidewalk,142-15 HOOK CREEK BOULEVARD,HOOK CREEK BOULEVARD,253 STREET,139 AVENUE,11422,Rosedale,QUEENS,13 QUEENS,40.66181798953671,-73.7287874136491
32534631,2016-01-26T08:47:00.000,Snow,E9 Snow / Icy Sidewalk,Sidewalk,2001 EAST   12 STREET,EAST   12 STREET,AVENUE T,AVENUE U,11229,BROOKLYN,BROOKLYN,15 BROOKLYN,40.60035665573082,-73.9603234117134
32534632,2016-01-26T09:12:00.000,Snow,E9 Snow / Icy Sidewalk,Sidewalk,,,,,10452,BRONX,BRONX,04 BRONX,40.830346039682254,-73.92327418203564
32534641,2016-01-26T07:56:00.000,Snow,E9 Snow / Icy Sidewalk,Sidewalk,536 HOWARD AVENUE,HOWARD AVENUE,SIGNAL HILL ROAD,STRATFORD AVENUE,10301,STATEN ISLAND,STATEN ISLAND,01 STATEN ISLAND,40.61875192171878,-74.09271709815114
32534642,2016-01-26T09:25:00.000,Snow,E9 Snow / Icy Sidewalk,Sidewalk,,,,,11693,Far Rockaway,QUEENS,14 QUEENS,40.587752166542224,-73.81436734752963
32534643,2016-01-26T09:22:00.000,Snow,E9 Snow / Icy Sidewalk,Sidewalk,701 8 AVENUE,8 AVENUE,7 STREET,8 STREET,11215,BROOKLYN,BROOKLYN,06 BROOKLYN,40.66686766032023,-73.97827831511727
32534656,2016-01-26T14:20:00.000,Snow,E9 Snow / Icy Sidewalk,Sidewalk,40 PALADINO AVENUE,PALADINO AVENUE,BEND,BEND,10035,NEW YORK,MANHATTAN,11 MANHATTAN,40.79971387136929,-73.93021535678909
32534658,2016-01-26T14:16:00.000,Snow,E9 Snow / Icy Sidewalk,Sidewalk,740 WEST  254 STREET,WEST  254 STREET,SYCAMORE AVENUE,PALISADE AVENUE,10471,BRONX,BRONX,08 BRONX,40.90351186430904,-73.91232999277987
32534659,2016-01-26T14:39:00.000,Snow,E9 Snow / Icy Sidewalk,Sidewalk,1405 ATLANTIC AVENUE,ATLANTIC AVENUE,ST ANDREWS PLACE,KINGSTON AVENUE,11216,BROOKLYN,BROOKLYN,03 BROOKLYN,40.67810367445332,-73.94298268413583
32534660,2016-01-26T14:39:00.000,Snow,E9 Snow / Icy Sidewalk,Sidewalk,62 SUFFOLK AVENUE,SUFFOLK AVENUE,WESTWOOD AVENUE,HOLDEN BOULEVARD,10314,STATEN ISLAND,STATEN ISLAND,02 STATEN ISLAND,40.604423101566134,-74.12804027902025
32534662,2016-01-26T14:19:00.000,Snow,E9 Snow / Icy Sidewalk,Sidewalk,245 4 AVENUE,4 AVENUE,PRESIDENT STREET,CARROLL STREET,11215,BROOKLYN,BROOKLYN,06 BROOKLYN,40.67638744325875,-73.9837262394036
32534665,2016-01-26T14:15:00.000,Snow,E9 Snow / Icy Sidewalk,Sidewalk,,,,,11102,Astoria,QUEENS,01 QUEENS,40.77347374568659,-73.91707560732951
32534666,2016-01-26T18:19:00.000,Snow,E9 Snow / Icy Sidewalk,Sidewalk,155 WATER STREET,WATER STREET,ANCHORAGE PLACE,PEARL STREET,11201,BROOKLYN,BROOKLYN,02 BROOKLYN,40.70314671573154,-73.98786371611006
32534667,2016-01-26T18:47:00.000,Snow,E9 Snow / Icy Sidewalk,Sidewalk,68-12 JUNO STREET,JUNO STREET,68 AVENUE,69 AVENUE,11375,Forest Hills,QUEENS,06 QUEENS,40.71608768484909,-73.85461040718191
32534668,2016-01-26T11:56:00.000,Snow,E9 Snow / Icy Sidewalk,Sidewalk,61-39 71 STREET,71 STREET,ELIOT AVENUE,62 AVENUE,11379,Middle Village,QUEENS,05 QUEENS,40.72048506983231,-73.88660351874329
32534671,2016-01-26T15:00:00.000,Snow,E9 Snow / Icy Sidewalk,Sidewalk,61-41 ELIOT AVENUE,ELIOT AVENUE,FRESH POND ROAD,62 STREET,11379,Middle Village,QUEENS,05 QUEENS,40.71491240045188,-73.9005839235714
32534672,2016-01-26T17:50:00.000,Snow,E9 Snow / Icy Sidewalk,Sidewalk,2146 EAST   12 STREET,EAST   12 STREET,AVENUE U,AVENUE V,11229,BROOKLYN,BROOKLYN,15 BROOKLYN,40.597403140137274,-73.95999748385672
32534674,2016-01-26T18:01:00.000,Snow,E9 Snow / Icy Sidewalk,Sidewalk,67-16 73 PLACE,73 PLACE,METROPOLITAN AVENUE,67 ROAD,11379,Middle Village,QUEENS,05 QUEENS,40.712292733462576,-73.87927335884433
32534675,2016-01-26T17:49:00.000,Snow,E9 Snow / Icy Sidewalk,Sidewalk,1980 VICTORY BOULEVARD,VICTORY BOULEVARD,QUINLAN AVENUE,PERRY AVENUE,10314,STATEN ISLAND,STATEN ISLAND,01 STATEN ISLAND,40.61254860180433,-74.12968744835717
32534677,2016-01-26T19:00:00.000,Snow,E9 Snow / Icy Sidewalk,Sidewalk,74-16 62 STREET,62 STREET,74 AVENUE,75 AVENUE,11385,Ridgewood,QUEENS,05 QUEENS,40.69980134685866,-73.89320603480127
32534678,2016-01-26T19:18:00.000,Snow,E9 Snow / Icy Sidewalk,Sidewalk,68 MCCLEAN AVENUE,MCCLEAN AVENUE,LILY POND AVENUE,FLORIDA AVENUE,10305,STATEN ISLAND,STATEN ISLAND,02 STATEN ISLAND,40.59886077029432,-74.06396077427812
32534679,2016-01-26T12:22:00.000,Snow,E9 Snow / Icy Sidewalk,Sidewalk,130-01 95 AVENUE,95 AVENUE,130 STREET,131 STREET,11419,South Richmond Hill,QUEENS,09 QUEENS,40.69491503716956,-73.81826297571202
32534680,2016-01-26T12:37:00.000,Snow,E9 Snow / Icy Sidewalk,Sidewalk,,,,,11432,Jamaica,QUEENS,08 QUEENS,40.71228492539034,-73.78535109179003
32534683,2016-01-26T00:34:00.000,Snow,E9 Snow / Icy Sidewalk,Sidewalk,191 STATE STREET,STATE STREET,COURT STREET,BOERUM PLACE,11201,BROOKLYN,BROOKLYN,02 BROOKLYN,40.69019448815916,-73.99155853740068
32534684,2016-01-26T00:33:00.000,Snow,E9 Snow / Icy Sidewalk,Sidewalk,995 MCDONALD AVENUE,MCDONALD AVENUE,WEBSTER AVENUE,LAWRENCE AVENUE,11230,BROOKLYN,BROOKLYN,14 BROOKLYN,40.62945873878638,-73.97690707690768
32534685,2016-01-26T18:20:00.000,Snow,E9 Snow / Icy Sidewalk,Sidewalk,50-01 GRAND AVENUE,GRAND AVENUE,49 STREET,PAGE PLACE,11378,Maspeth,QUEENS,05 QUEENS,40.717698560436176,-73.91832101803534
32534686,2016-01-26T11:43:00.000,Snow,E9 Snow / Icy Sidewalk,Sidewalk,2120 RANDALL AVENUE,RANDALL AVENUE,OLMSTEAD AVENUE,CASTLE HILL AVENUE,10473,BRONX,BRONX,09 BRONX,40.81869187096104,-73.85044458325993
32534687,2016-01-26T11:43:00.000,Snow,E9 Snow / Icy Sidewalk,Sidewalk,1361 UNION STREET,UNION STREET,NEW YORK AVENUE,BROOKLYN AVENUE,11213,BROOKLYN,BROOKLYN,09 BROOKLYN,40.66872380413242,-73.94668197833461
32534692,2016-01-26T11:57:00.000,Snow,E9 Snow / Icy Sidewalk,Sidewalk,,,,,11101,Long Island City,QUEENS,02 QUEENS,40.74413093115641,-73.92704727270474
32534693,2016-01-26T18:45:00.000,Snow,E9 Snow / Icy Sidewalk,Sidewalk,175 LEFFERTS PLACE,LEFFERTS PLACE,CLASSON AVENUE,NYCTA SUBWAY,11238,BROOKLYN,BROOKLYN,03 BROOKLYN,40.6804784371736,-73.95681456155063
32534697,2016-01-26T08:11:00.000,Snow,E9 Snow / Icy Sidewalk,Sidewalk,700 HICKS STREET,HICKS STREET,LUQUER STREET,NELSON STREET,11231,BROOKLYN,BROOKLYN,06 BROOKLYN,40.67840044532978,-74.00396220705531
32534698,2016-01-26T09:20:00.000,Snow,E9 Snow / Icy Sidewalk,Sidewalk,316 CITY ISLAND AVENUE,CITY ISLAND AVENUE,FORDHAM STREET,BAY STREET,10464,BRONX,BRONX,10 BRONX,40.84749324128966,-73.7865738296341
32534699,2016-01-26T19:16:00.000,Snow,E9 Snow / Icy Sidewalk,Sidewalk,167 BORINQUEN PLACE,BORINQUEN PLACE,SOUTH 1 STREET,GRAND STREET,11211,BROOKLYN,BROOKLYN,01 BROOKLYN,40.71079012578115,-73.95291014525601
32534700,2016-01-26T20:22:00.000,Snow,E9 Snow / Icy Sidewalk,Sidewalk,40-35 149 PLACE,149 PLACE,LONG ISLAND RAILROAD,41 AVENUE,11354,Flushing,QUEENS,07 QUEENS,40.76261470258689,-73.81489075326927
32534707,2016-01-26T00:24:00.000,Snow,E9 Snow / Icy Sidewalk,Sidewalk,82-68 246 STREET,246 STREET,82 AVENUE,83 AVENUE,11426,Bellerose,QUEENS,13 QUEENS,40.73714877190452,-73.72201078128789
32534708,2016-01-26T13:14:00.000,Snow,E9 Snow / Icy Sidewalk,Sidewalk,701 TRAVIS AVENUE,TRAVIS AVENUE,STEINWAY AVENUE,RICHMOND AVENUE,10314,STATEN ISLAND,STATEN ISLAND,02 STATEN ISLAND,40.592750810995156,-74.16179573210883
32534709,2016-01-26T03:06:00.000,Snow,E9 Snow / Icy Sidewalk,Sidewalk,,,,,11377,Woodside,QUEENS,02 QUEENS,40.744862984756715,-73.89419120520024
32534714,2016-01-26T06:45:00.000,Snow,E9 Snow / Icy Sidewalk,Sidewalk,2044 CROPSEY AVENUE,CROPSEY AVENUE,BAY 25 STREET,BAY 26 STREET,11214,BROOKLYN,BROOKLYN,11 BROOKLYN,40.599413792468944,-74.00168527686257
32534736,2016-01-26T09:11:00.000,Snow,E9 Snow / Icy Sidewalk,Sidewalk,114-25 167 STREET,167 STREET,LINDEN BOULEVARD,115 AVENUE,11434,Jamaica,QUEENS,12 QUEENS,40.689818360136044,-73.78211679453744
32534737,2016-01-26T09:06:00.000,Snow,E9 Snow / Icy Sidewalk,Sidewalk,,,,,10065,NEW YORK,MANHATTAN,08 MANHATTAN,40.762488480960634,-73.96297391546207
32534747,2016-01-26T15:06:00.000,Snow,E9 Snow / Icy Sidewalk,Sidewalk,7032 RIDGE CREST TERRACE,RIDGE CREST TERRACE,70 STREET,71 STREET,11209,BROOKLYN,BROOKLYN,10 BROOKLYN,40.63596481150826,-74.03085241519236
32534761,2016-01-26T17:42:00.000,Snow,E9 Snow / Icy Sidewalk,Sidewalk,510 WEST  218 STREET,WEST  218 STREET,BROADWAY,PARK TERRACE EAST,10034,NEW YORK,MANHATTAN,12 MANHATTAN,40.87146121855882,-73.91474418432799
32534762,2016-01-26T18:14:00.000,Snow,E9 Snow / Icy Sidewalk,Sidewalk,24-03 QUEENS PLAZA NORTH,QUEENS PLAZA NORTH,24 STREET,CRESCENT STREET,11101,Long Island City,QUEENS,01 QUEENS,40.75127249553816,-73.94093859198789
32534789,2016-01-26T14:31:00.000,Snow,E9 Snow / Icy Sidewalk,Sidewalk,1262 RICHMOND TERRACE,RICHMOND TERRACE,PELTON AVENUE,BEND,10310,STATEN ISLAND,STATEN ISLAND,01 STATEN ISLAND,40.64394273665987,-74.1121781640549
32534790,2016-01-26T14:47:00.000,Snow,E9 Snow / Icy Sidewalk,Sidewalk,380 GRAND CONCOURSE,GRAND CONCOURSE,EAST 140 STREET,EAST 144 STREET,10451,BRONX,BRONX,01 BRONX,40.81579415652308,-73.92849328747062
32534791,2016-01-26T15:02:00.000,Snow,E9 Snow / Icy Sidewalk,Sidewalk,,,,,11693,Far Rockaway,QUEENS,14 QUEENS,40.60511609894621,-73.81972827201278
32535128,2016-01-26T13:07:00.000,Snow,E9 Snow / Icy Sidewalk,Sidewalk,215 PARK AVENUE SOUTH,PARK AVENUE SOUTH,EAST 17 STREET,EAST 18 STREET,10003,NEW YORK,MANHATTAN,05 MANHATTAN,40.73696223401367,-73.98871276013644
32535130,2016-01-26T05:04:00.000,Snow,E9 Snow / Icy Sidewalk,Sidewalk,810 FAIRVIEW AVENUE,FAIRVIEW AVENUE,PUTNAM AVENUE,67 AVENUE,11385,Ridgewood,QUEENS,05 QUEENS,40.70443680424698,-73.90194844971089
32535131,2016-01-26T20:55:00.000,Snow,E9 Snow / Icy Sidewalk,Sidewalk,244-03 GRAND CENTRAL PKW,GRAND CENTRAL PKW,244 STREET,73 AVENUE,11362,Little Neck,QUEENS,11 QUEENS,40.74689794270702,-73.72998931726069
32535132,2016-01-26T13:27:00.000,Snow,E9 Snow / Icy Sidewalk,Sidewalk,31-16 45 STREET,45 STREET,31 AVENUE,NEWTOWN ROAD,11103,Astoria,QUEENS,01 QUEENS,40.75905566846165,-73.91341893233232
32535133,2016-01-26T21:07:00.000,Snow,E9 Snow / Icy Sidewalk,Sidewalk,149-26 23 AVENUE,23 AVENUE,149 STREET,150 STREET,11357,Whitestone,QUEENS,07 QUEENS,40.77803724834351,-73.81649435347194
32535135,2016-01-26T06:46:00.000,Snow,E9 Snow / Icy Sidewalk,Sidewalk,140-28 184 STREET,184 STREET,EDGEWOOD AVENUE,141 AVENUE,11413,Springfield Gardens,QUEENS,12 QUEENS,40.671689205962814,-73.76010661625043
32535139,2016-01-26T07:31:00.000,Snow,E9 Snow / Icy Sidewalk,Sidewalk,3031 EMMONS AVENUE,EMMONS AVENUE,LINCOLN TERRACE,LAKE AVENUE,11235,BROOKLYN,BROOKLYN,15 BROOKLYN,40.583946372416285,-73.93757998831626
32535140,2016-01-26T14:10:00.000,Snow,E9 Snow / Icy Sidewalk,Sidewalk,1467 BEDFORD AVENUE,BEDFORD AVENUE,PARK PLACE,STERLING PLACE,11216,BROOKLYN,BROOKLYN,08 BROOKLYN,40.67300615613775,-73.95421659509665
32535142,2016-01-26T13:06:00.000,Snow,E9 Snow / Icy Sidewalk,Sidewalk,112-30 207 STREET,207 STREET,112 AVENUE,113 AVENUE,11429,Queens Village,QUEENS,13 QUEENS,40.704031294230525,-73.74868688258513
32535143,2016-01-26T13:04:00.000,Snow,E9 Snow / Icy Sidewalk,Sidewalk,198 FINGERBOARD ROAD,FINGERBOARD ROAD,TOMPKINS AVENUE,BEND,10305,STATEN ISLAND,STATEN ISLAND,01 STATEN ISLAND,40.60659333843252,-74.06791892612611
32535144,2016-01-26T14:28:00.000,Snow,E9 Snow / Icy Sidewalk,Sidewalk,1888 WESTCHESTER AVENUE,WESTCHESTER AVENUE,WHITE PLAINS ROAD,HUGH J GRANT CIRCLE,10472,BRONX,BRONX,09 BRONX,40.83291838397683,-73.86195825360423
32535146,2016-01-26T08:29:00.000,Snow,E9 Snow / Icy Sidewalk,Sidewalk,113 1 AVENUE,1 AVENUE,EAST 6 STREET,EAST 7 STREET,10003,NEW YORK,MANHATTAN,03 MANHATTAN,40.72689140796574,-73.98581010046152
32535150,2016-01-26T20:59:00.000,Snow,E9 Snow / Icy Sidewalk,Sidewalk,3000 HYLAN BOULEVARD,HYLAN BOULEVARD,GUYON AVENUE,ADELAIDE AVENUE,10306,STATEN ISLAND,STATEN ISLAND,03 STATEN ISLAND,40.5603171497149,-74.12012450893792
32535151,2016-01-26T13:28:00.000,Snow,E9 Snow / Icy Sidewalk,Sidewalk,94-33 114 STREET,114 STREET,ATLANTIC AVENUE,95 AVENUE,11419,South Richmond Hill,QUEENS,09 QUEENS,40.692245829066636,-73.83186141511668
32535152,2016-01-26T09:08:00.000,Snow,E9 Snow / Icy Sidewalk,Sidewalk,2015 LACOMBE AVENUE,LACOMBE AVENUE,PUGSLEY AVENUE,SCREVIN AVENUE,10473,BRONX,BRONX,09 BRONX,40.8161837181412,-73.85298637251422
32535155,2016-01-26T13:17:00.000,Snow,E9 Snow / Icy Sidewalk,Sidewalk,2502 EAST   66 STREET,EAST   66 STREET,BASSETT AVENUE,GAYLORD DRIVE,11234,BROOKLYN,BROOKLYN,18 BROOKLYN,40.60959795921514,-73.90719477125172
32535156,2016-01-26T13:31:00.000,Snow,E9 Snow / Icy Sidewalk,Sidewalk,509 CLEVELAND STREET,CLEVELAND STREET,BELMONT AVENUE,SUTTER AVENUE,11208,BROOKLYN,BROOKLYN,05 BROOKLYN,40.672009624092865,-73.88378756399372
32535159,2016-01-26T13:55:00.000,Snow,E9 Snow / Icy Sidewalk,Sidewalk,81 UNDERHILL AVENUE,UNDERHILL AVENUE,BERGEN STREET,ST MARKS AVENUE,11238,BROOKLYN,BROOKLYN,08 BROOKLYN,40.67832397959818,-73.9655082871687
32535160,2016-01-26T21:36:00.000,Snow,E9 Snow / Icy Sidewalk,Sidewalk,308 FRANKLIN AVENUE,FRANKLIN AVENUE,LAFAYETTE AVENUE,CLIFTON PLACE,11238,BROOKLYN,BROOKLYN,03 BROOKLYN,40.688767785320465,-73.95718059489081
32535162,2016-01-26T09:54:00.000,Snow,E9 Snow / Icy Sidewalk,Sidewalk,954 NEILL AVENUE,NEILL AVENUE,BOGART AVENUE,RADCLIFF AVENUE,10462,BRONX,BRONX,11 BRONX,40.85135584825101,-73.86070546262573
32535166,2016-01-26T09:49:00.000,Snow,E9 Snow / Icy Sidewalk,Sidewalk,3589 RICHMOND AVENUE,RICHMOND AVENUE,KATAN AVENUE,LAREDO AVENUE,10312,STATEN ISLAND,STATEN ISLAND,03 STATEN ISLAND,40.55047251002545,-74.16754073794836
32535167,2016-01-26T09:45:00.000,Snow,E9 Snow / Icy Sidewalk,Sidewalk,116-24 QUEENS BOULEVARD,QUEENS BOULEVARD,77 AVENUE,78 AVENUE,11375,Forest Hills,QUEENS,06 QUEENS,40.71596555948872,-73.83335633458552
32535172,2016-01-26T23:20:00.000,Snow,E9 Snow / Icy Sidewalk,Sidewalk,163-07 SANFORD AVENUE,SANFORD AVENUE,163 STREET,164 STREET,11358,Flushing,QUEENS,07 QUEENS,40.76010805467094,-73.80289180696644
32535173,2016-01-26T08:18:00.000,Snow,E9 Snow / Icy Sidewalk,Sidewalk,754 POST AVENUE,POST AVENUE,CARY AVENUE,GREENLEAF AVENUE,10310,STATEN ISLAND,STATEN ISLAND,01 STATEN ISLAND,40.631243849469,-74.12681996941916
32535174,2016-01-26T09:30:00.000,Snow,E9 Snow / Icy Sidewalk,Sidewalk,425 GRAND CONCOURSE,GRAND CONCOURSE,EAST 144 STREET,EAST 149 STREET,10451,BRONX,BRONX,01 BRONX,40.81696586823166,-73.92803681671782
32535183,2016-01-26T10:03:00.000,Snow,E9 Snow / Icy Sidewalk,Sidewalk,1165 THIRD AVENUE,THIRD AVENUE,EAST 67 STREET,EAST 68 STREET,10065,NEW YORK,MANHATTAN,08 MANHATTAN,40.76698973697927,-73.96259957477949
32535186,2016-01-26T09:06:00.000,Snow,E9 Snow / Icy Sidewalk,Sidewalk,,,,,11206,BROOKLYN,BROOKLYN,01 BROOKLYN,40.70659717757548,-73.94308455112181
32535189,2016-01-26T10:55:00.000,Snow,E9 Snow / Icy Sidewalk,Sidewalk,563 CONEY ISLAND AVENUE,CONEY ISLAND AVENUE,BEVERLEY ROAD,LEWIS PLACE,11218,BROOKLYN,BROOKLYN,14 BROOKLYN,40.64354888644247,-73.97001970450656
32535190,2016-01-26T11:12:00.000,Snow,E9 Snow / Icy Sidewalk,Sidewalk,78-32 138 STREET,138 STREET,78 ROAD,78 DRIVE,11367,Flushing,QUEENS,08 QUEENS,40.71877253523232,-73.82352976999043
32535192,2016-01-26T10:10:00.000,Snow,E9 Snow / Icy Sidewalk,Sidewalk,,,,,11229,BROOKLYN,BROOKLYN,15 BROOKLYN,40.599633623666044,-73.93395348796871
32535194,2016-01-26T10:47:00.000,Snow,E9 Snow / Icy Sidewalk,Sidewalk,90 LAWRENCE STREET,LAWRENCE STREET,MYRTLE AVENUE,METROTECH ROADWAY,11201,BROOKLYN,BROOKLYN,02 BROOKLYN,40.69369904136462,-73.98620662465042
32535195,2016-01-26T11:11:00.000,Snow,E9 Snow / Icy Sidewalk,Sidewalk,,,,,11432,Jamaica,QUEENS,12 QUEENS,40.71143348617324,-73.79101334398848
32535196,2016-01-26T11:09:00.000,Snow,E9 Snow / Icy Sidewalk,Sidewalk,,,,,11218,BROOKLYN,BROOKLYN,07 BROOKLYN,40.6517816582586,-73.97488480044633
32535197,2016-01-26T11:00:00.000,Snow,E9 Snow / Icy Sidewalk,Sidewalk,1247 METROPOLITAN AVENUE,METROPOLITAN AVENUE,STEWART AVENUE,GARDNER AVENUE,11237,BROOKLYN,BROOKLYN,01 BROOKLYN,40.71414741745237,-73.92737588190886
32535199,2016-01-26T13:09:00.000,Snow,E9 Snow / Icy Sidewalk,Sidewalk,,,,,,,MANHATTAN,02 MANHATTAN,,
32535201,2016-01-26T19:37:00.000,Snow,E9 Snow / Icy Sidewalk,Sidewalk,49-01 GRAND AVENUE,GRAND AVENUE,49 STREET,PAGE PLACE,11378,Maspeth,QUEENS,05 QUEENS,40.71747680288781,-73.91912573982682
32535202,2016-01-26T19:31:00.000,Snow,E9 Snow / Icy Sidewalk,Sidewalk,160-50 82 DRIVE,82 DRIVE,160 STREET,161 STREET,11432,Jamaica,QUEENS,08 QUEENS,40.71719261619472,-73.8054537124722
32535203,2016-01-26T13:28:00.000,Snow,E9 Snow / Icy Sidewalk,Sidewalk,,,,,10303,STATEN ISLAND,STATEN ISLAND,01 STATEN ISLAND,40.635854345428314,-74.166187798588
32535204,2016-01-26T13:15:00.000,Snow,E9 Snow / Icy Sidewalk,Sidewalk,239 FINGERBOARD ROAD,FINGERBOARD ROAD,HARVEY STREET,LINCOLN PLACE,10305,STATEN ISLAND,STATEN ISLAND,01 STATEN ISLAND,40.60506126545785,-74.06872046293017
32535205,2016-01-26T13:33:00.000,Snow,E9 Snow / Icy Sidewalk,Sidewalk,134 VANDERBILT AVENUE,VANDERBILT AVENUE,PARK AVENUE,MYRTLE AVENUE,11205,BROOKLYN,BROOKLYN,02 BROOKLYN,40.69385515084273,-73.96998626572473
32535209,2016-01-26T22:37:00.000,Snow,E9 Snow / Icy Sidewalk,Sidewalk,30-77 36 STREET,36 STREET,30 AVENUE,31 AVENUE,11103,Astoria,QUEENS,01 QUEENS,40.7629984526772,-73.91902353696179
32535210,2016-01-26T13:09:00.000,Snow,E9 Snow / Icy Sidewalk,Sidewalk,293 3 AVENUE,3 AVENUE,CARROLL STREET,1 STREET,11215,BROOKLYN,BROOKLYN,06 BROOKLYN,40.676917536642335,-73.98644082853606
32535211,2016-01-26T13:08:00.000,Snow,E9 Snow / Icy Sidewalk,Sidewalk,,,,,11374,Rego Park,QUEENS,05 QUEENS,40.711845176752206,-73.85975977516979
32535217,2016-01-26T14:13:00.000,Snow,E9 Snow / Icy Sidewalk,Sidewalk,,,,,10001,NEW YORK,MANHATTAN,04 MANHATTAN,40.74905333423899,-73.99574847129311
32535218,2016-01-26T14:07:00.000,Snow,E9 Snow / Icy Sidewalk,Sidewalk,183-05 147 AVENUE,147 AVENUE,183 STREET,184 STREET,11413,Springfield Gardens,QUEENS,13 QUEENS,40.659765766799204,-73.76404933683828
32535219,2016-01-26T23:06:00.000,Snow,E9 Snow / Icy Sidewalk,Sidewalk,47-47 215 STREET,215 STREET,47 AVENUE,48 AVENUE,11361,Bayside,QUEENS,11 QUEENS,40.756474306343385,-73.76635255424905
32535220,2016-01-26T08:28:00.000,Snow,E9 Snow / Icy Sidewalk,Sidewalk,195 MANHATTAN AVENUE,MANHATTAN AVENUE,STAGG STREET,TEN EYCK STREET,11206,BROOKLYN,BROOKLYN,01 BROOKLYN,40.70994414459703,-73.94535409750478
32535221,2016-01-26T08:27:00.000,Snow,E9 Snow / Icy Sidewalk,Sidewalk,5124 10 AVENUE,10 AVENUE,51 STREET,52 STREET,11219,BROOKLYN,BROOKLYN,12 BROOKLYN,40.63772012460034,-74.00008287097987
32535222,2016-01-26T08:25:00.000,Snow,E9 Snow / Icy Sidewalk,Sidewalk,6411 21 AVENUE,21 AVENUE,64 STREET,65 STREET,11204,BROOKLYN,BROOKLYN,11 BROOKLYN,40.61557119421832,-73.98324760691862
32535223,2016-01-26T08:56:00.000,Snow,E9 Snow / Icy Sidewalk,Sidewalk,87-40 165 STREET,165 STREET,CLINTON TERRACE,HILLSIDE AVENUE,11432,Jamaica,QUEENS,08 QUEENS,40.7094834266287,-73.79798813357753
32535224,2016-01-26T08:54:00.000,Snow,E9 Snow / Icy Sidewalk,Sidewalk,340 EAST   74 STREET,EAST   74 STREET,2 AVENUE,1 AVENUE,10021,NEW YORK,MANHATTAN,08 MANHATTAN,40.76967739508274,-73.95637764666981
32535226,2016-01-26T19:36:00.000,Snow,E9 Snow / Icy Sidewalk,Sidewalk,57-50 PENROD STREET,PENROD STREET,MARTENSE AVENUE,OTIS AVENUE,11368,Corona,QUEENS,04 QUEENS,40.73952962562888,-73.85595578109468
32535227,2016-01-26T20:41:00.000,Snow,E9 Snow / Icy Sidewalk,Sidewalk,1 MCDONALD AVENUE,MCDONALD AVENUE,10 AVENUE,TERRACE PLACE,11218,BROOKLYN,BROOKLYN,07 BROOKLYN,40.654972386661825,-73.98173483739473
32535228,2016-01-26T13:20:00.000,Snow,E9 Snow / Icy Sidewalk,Sidewalk,150-29 NORTHERN BOULEVARD,NORTHERN BOULEVARD,150 PLACE,MURRAY STREET,11354,Flushing,QUEENS,07 QUEENS,40.76516851073307,-73.81392700830078
32535229,2016-01-26T13:36:00.000,Snow,E9 Snow / Icy Sidewalk,Sidewalk,,,,,11434,Jamaica,QUEENS,12 QUEENS,40.68499629310615,-73.76696717603893
32535231,2016-01-26T08:50:00.000,Snow,E9 Snow / Icy Sidewalk,Sidewalk,572 11 AVENUE,11 AVENUE,WEST 43 STREET,WEST 44 STREET,10036,NEW YORK,MANHATTAN,04 MANHATTAN,40.76159138835946,-73.99774388315632
32535233,2016-01-26T08:45:00.000,Snow,E9 Snow / Icy Sidewalk,Sidewalk,112 MALCOLM X BOULEVARD,MALCOLM X BOULEVARD,LEXINGTON AVENUE,QUINCY STREET,11221,BROOKLYN,BROOKLYN,03 BROOKLYN,40.6898059727417,-73.93043495752632
32535234,2016-01-26T07:26:00.000,Snow,E9 Snow / Icy Sidewalk,Sidewalk,106-18 OTIS AVENUE,OTIS AVENUE,WALDRON STREET,VAN DOREN STREET,11368,Corona,QUEENS,04 QUEENS,40.73999704452775,-73.85441749762337
32535235,2016-01-26T07:16:00.000,Snow,E9 Snow / Icy Sidewalk,Sidewalk,112 SULLIVAN STREET,SULLIVAN STREET,VAN BRUNT STREET,CONOVER STREET,11231,BROOKLYN,BROOKLYN,06 BROOKLYN,40.67833665090909,-74.01298622038978
32535239,2016-01-26T21:48:00.000,Snow,E9 Snow / Icy Sidewalk,Sidewalk,40 HARRISON STREET,HARRISON STREET,GREENWICH STREET,JOE DIMAGGIO HIGHWAY,10013,NEW YORK,MANHATTAN,01 MANHATTAN,40.71886609907703,-74.0108440635071
32535241,2016-01-26T13:51:00.000,Snow,E9 Snow / Icy Sidewalk,Sidewalk,54-06 31 AVENUE,31 AVENUE,54 STREET,55 STREET,11377,Woodside,QUEENS,01 QUEENS,40.756997749790045,-73.90719154138264
32535242,2016-01-26T14:14:00.000,Snow,E9 Snow / Icy Sidewalk,Sidewalk,,,,,11367,Flushing,QUEENS,08 QUEENS,40.7320037982969,-73.82451584786384
32535243,2016-01-26T14:01:00.000,Snow,E9 Snow / Icy Sidewalk,Sidewalk,599 MORRIS AVENUE,MORRIS AVENUE,EAST 150 STREET,EAST 151 STREET,10451,BRONX,BRONX,01 BRONX,40.81849093324887,-73.92226901957618
32535244,2016-01-26T14:00:00.000,Snow,E9 Snow / Icy Sidewalk,Sidewalk,,,,,10024,NEW YORK,MANHATTAN,07 MANHATTAN,40.78314654981733,-73.97832704460738
32535247,2016-01-26T09:54:00.000,Snow,E9 Snow / Icy Sidewalk,Sidewalk,60 WEST   23 STREET,WEST   23 STREET,5 AVENUE,AVENUE OF THE AMERICAS,10010,NEW YORK,MANHATTAN,05 MANHATTAN,40.74232022359292,-73.99142923577988
32535248,2016-01-26T08:18:00.000,Snow,E9 Snow / Icy Sidewalk,Sidewalk,329 BEACH   59 STREET,BEACH   59 STREET,ARVERNE BOULEVARD,BEACH CHANNEL DRIVE,11692,Arverne,QUEENS,14 QUEENS,40.59336283169994,-73.78907842369219
32535249,2016-01-26T08:55:00.000,Snow,E9 Snow / Icy Sidewalk,Sidewalk,191-01 JAMAICA AVENUE,JAMAICA AVENUE,191 STREET,192 STREET,11423,Hollis,QUEENS,12 QUEENS,40.71255711784775,-73.76858782114077
32535252,2016-01-26T08:46:00.000,Snow,E9 Snow / Icy Sidewalk,Sidewalk,9-19 CORNAGA AVENUE,CORNAGA AVENUE,BEACH 9 STREET,BEACH 12 STREET,11691,Far Rockaway,QUEENS,14 QUEENS,40.60337899749464,-73.74584984084063
32535261,2016-01-26T09:39:00.000,Snow,E9 Snow / Icy Sidewalk,Sidewalk,550 RIVERSIDE DRIVE,RIVERSIDE DRIVE,TIEMANN PLACE,,10027,NEW YORK,MANHATTAN,09 MANHATTAN,40.8159604610631,-73.96031770662455
32535262,2016-01-26T09:33:00.000,Snow,E9 Snow / Icy Sidewalk,Sidewalk,,,,,11230,BROOKLYN,BROOKLYN,14 BROOKLYN,40.6353610256351,-73.96040708542088
32535263,2016-01-26T23:46:00.000,Snow,E9 Snow / Icy Sidewalk,Sidewalk,85-39 56 AVENUE,56 AVENUE,DEAD END,VAN HORN STREET,11373,Elmhurst,QUEENS,04 QUEENS,40.73244865014945,-73.87775025796105
32535264,2016-01-26T08:36:00.000,Snow,E9 Snow / Icy Sidewalk,Sidewalk,400 EAST   67 STREET,EAST   67 STREET,1 AVENUE,YORK AVENUE,10065,NEW YORK,MANHATTAN,08 MANHATTAN,40.764468475942785,-73.95799109304546
32535273,2016-01-26T10:11:00.000,Snow,E9 Snow / Icy Sidewalk,Sidewalk,54-02 102 STREET,102 STREET,LEWIS AVENUE,LARUE AVENUE,11368,Corona,QUEENS,04 QUEENS,40.74067478963693,-73.85865619050226
32535287,2016-01-26T10:11:00.000,Snow,E9 Snow / Icy Sidewalk,Sidewalk,308 SANILAC STREET,SANILAC STREET,GREELEY AVENUE,DEAD END,10306,STATEN ISLAND,STATEN ISLAND,02 STATEN ISLAND,40.57395349922605,-74.10302190160093
32535288,2016-01-26T10:01:00.000,Snow,E9 Snow / Icy Sidewalk,Sidewalk,149 SULLIVAN STREET,SULLIVAN STREET,CONOVER STREET,FERRIS STREET,11231,BROOKLYN,BROOKLYN,06 BROOKLYN,40.679080352100584,-74.01411122528161
32535289,2016-01-26T10:42:00.000,Snow,E9 Snow / Icy Sidewalk,Sidewalk,,,,,11369,East Elmhurst,QUEENS,03 QUEENS,40.76763146827619,-73.8809528331953
32535290,2016-01-26T09:42:00.000,Snow,E9 Snow / Icy Sidewalk,Sidewalk,6300 8 AVENUE,8 AVENUE,63 STREET,64 STREET,11220,BROOKLYN,BROOKLYN,10 BROOKLYN,40.6337149124609,-74.01142470027688
32535302,2016-01-26T10:45:00.000,Snow,E9 Snow / Icy Sidewalk,Sidewalk,398 SOUTH    1 STREET,SOUTH    1 STREET,MAUJER STREET,UNION AVENUE,11211,BROOKLYN,BROOKLYN,01 BROOKLYN,40.71006205171409,-73.95120094304536
32535311,2016-01-26T11:06:00.000,Snow,E9 Snow / Icy Sidewalk,Sidewalk,,,,,10452,BRONX,BRONX,04 BRONX,40.83231649412584,-73.93160131614948
32535312,2016-01-26T10:00:00.000,Snow,E9 Snow / Icy Sidewalk,Sidewalk,149-01 24 AVENUE,24 AVENUE,149 STREET,150 STREET,11357,Whitestone,QUEENS,07 QUEENS,40.777393189607764,-73.81709549649364
32535324,2016-01-26T11:13:00.000,Snow,E9 Snow / Icy Sidewalk,Sidewalk,25-54 37 STREET,37 STREET,ASTORIA BOULEVARD,28 AVENUE,11103,Astoria,QUEENS,01 QUEENS,40.76730164200794,-73.91444070048837
32535612,2016-01-26T18:12:00.000,Snow,E9 Snow / Icy Sidewalk,Sidewalk,236 ARLINGTON AVENUE,ARLINGTON AVENUE,CLEVELAND STREET,,11207,BROOKLYN,BROOKLYN,05 BROOKLYN,40.68062776040234,-73.88606919016905
32535614,2016-01-26T11:35:00.000,Snow,E9 Snow / Icy Sidewalk,Sidewalk,56 CAMBRIDGE PLACE,CAMBRIDGE PLACE,GREENE AVENUE,GATES AVENUE,11238,BROOKLYN,BROOKLYN,02 BROOKLYN,40.68552281292638,-73.96322938619966
32535616,2016-01-26T13:14:00.000,Snow,E9 Snow / Icy Sidewalk,Sidewalk,,,,,,,STATEN ISLAND,03 STATEN ISLAND,,
32535617,2016-01-26T13:02:00.000,Snow,E9 Snow / Icy Sidewalk,Sidewalk,146-39 60 AVENUE,60 AVENUE,146 STREET,148 STREET,11355,Flushing,QUEENS,07 QUEENS,40.74246401604562,-73.82268752633122
32535618,2016-01-26T13:19:00.000,Snow,E9 Snow / Icy Sidewalk,Sidewalk,,,,,10306,STATEN ISLAND,STATEN ISLAND,02 STATEN ISLAND,40.5721317831442,-74.10808725940342
32535620,2016-01-26T18:45:00.000,Snow,E9 Snow / Icy Sidewalk,Sidewalk,,,,,10024,NEW YORK,MANHATTAN,07 MANHATTAN,40.791467707749376,-73.97410621235743
32535621,2016-01-26T21:11:00.000,Snow,15S Re-Plow/Spread/Ice-Snow Cond.,Street,611 BLAKE AVENUE,BLAKE AVENUE,GEORGIA AVENUE,SHEFFIELD AVENUE,11207,BROOKLYN,BROOKLYN,05 BROOKLYN,40.667610795056255,-73.89637924831119
32535622,2016-01-26T21:48:00.000,Snow,15S Re-Plow/Spread/Ice-Snow Cond.,Street,8-12 MEEHAN AVENUE,MEEHAN AVENUE,DEAD END,BEACH 9 STREET,11691,Far Rockaway,QUEENS,14 QUEENS,40.598421273061064,-73.74434189593032
32535623,2016-01-26T16:07:00.000,Snow,E9 Snow / Icy Sidewalk,Sidewalk,25 STREET,25 STREET,49 AVENUE,BORDEN AVENUE,,,QUEENS,02 QUEENS,,
32535624,2016-01-27T00:14:00.000,Snow,15S Re-Plow/Spread/Ice-Snow Cond.,Street,422 JEROME STREET,JEROME STREET,BELMONT AVENUE,SUTTER AVENUE,11207,BROOKLYN,BROOKLYN,05 BROOKLYN,40.671402759333006,-73.88626519373658
32535628,2016-01-26T10:49:00.000,Snow,E9 Snow / Icy Sidewalk,Sidewalk,82-18 37 AVENUE,37 AVENUE,82 STREET,83 STREET,11372,Jackson Heights,QUEENS,03 QUEENS,40.749763580532814,-73.88404893136658
32535634,2016-01-26T11:44:00.000,Snow,E9 Snow / Icy Sidewalk,Sidewalk,1144 39 STREET,39 STREET,FT HAMILTON PARKWAY,12 AVENUE,11218,BROOKLYN,BROOKLYN,12 BROOKLYN,40.6425971366995,-73.98957551006666
32535635,2016-01-26T12:21:00.000,Snow,E9 Snow / Icy Sidewalk,Sidewalk,155 PROSPECT AVENUE,PROSPECT AVENUE,PENDLETON PLACE,SUMNER PLACE,10301,STATEN ISLAND,STATEN ISLAND,01 STATEN ISLAND,40.63951357383484,-74.09264865970196
32535636,2016-01-26T12:15:00.000,Snow,E9 Snow / Icy Sidewalk,Sidewalk,221 CENTRE STREET,CENTRE STREET,HOWARD STREET,GRAND STREET,10013,NEW YORK,MANHATTAN,02 MANHATTAN,40.7195473031071,-73.9987301565671
32535637,2016-01-26T13:21:00.000,Snow,E9 Snow / Icy Sidewalk,Sidewalk,43 HALSEY STREET,HALSEY STREET,BEDFORD AVENUE,ARLINGTON PLACE,11216,BROOKLYN,BROOKLYN,03 BROOKLYN,40.681566201671174,-73.95199336300888
32535642,2016-01-26T14:45:00.000,Snow,E9 Snow / Icy Sidewalk,Sidewalk,3109 AVENUE N,AVENUE N,EAST 31 STREET,KINGS HIGHWAY,11210,BROOKLYN,BROOKLYN,18 BROOKLYN,40.61736745587232,-73.94371894170327
32535645,2016-01-26T20:57:00.000,Snow,15S Re-Plow/Spread/Ice-Snow Cond.,Street,,,,,11208,BROOKLYN,BROOKLYN,05 BROOKLYN,40.66032754277711,-73.86823368861428
32535646,2016-01-26T21:03:00.000,Snow,15S Re-Plow/Spread/Ice-Snow Cond.,Street,,,,,11235,BROOKLYN,BROOKLYN,15 BROOKLYN,40.59063318594477,-73.94975078508689
32535665,2016-01-26T09:58:00.000,Snow,E9 Snow / Icy Sidewalk,Sidewalk,69-07 CENTRAL AVENUE,CENTRAL AVENUE,69 STREET,69 PLACE,11385,Ridgewood,QUEENS,05 QUEENS,40.7040737123761,-73.88344313377756
32535668,2016-01-26T11:14:00.000,Snow,E9 Snow / Icy Sidewalk,Sidewalk,130 DIKEMAN STREET,DIKEMAN STREET,VAN BRUNT STREET,CONOVER STREET,11231,BROOKLYN,BROOKLYN,06 BROOKLYN,40.67723585525138,-74.01418293942109
32535703,2016-01-26T12:36:00.000,Snow,E9 Snow / Icy Sidewalk,Sidewalk,9418 AVENUE L,AVENUE L,EAST 94 STREET,EAST 95 STREET,11236,BROOKLYN,BROOKLYN,18 BROOKLYN,40.6373202539047,-73.89737749371182
32535704,2016-01-26T14:28:00.000,Snow,E9 Snow / Icy Sidewalk,Sidewalk,,,,,10011,NEW YORK,MANHATTAN,04 MANHATTAN,40.74768919735952,-74.0041684338762
32535705,2016-01-26T18:29:00.000,Snow,E9 Snow / Icy Sidewalk,Sidewalk,,,,,11377,Woodside,QUEENS,02 QUEENS,40.7402725268642,-73.89585124979992
32535706,2016-01-26T12:04:00.000,Snow,E9 Snow / Icy Sidewalk,Sidewalk,700 EAST  212 STREET,EAST  212 STREET,WHITE PLAINS ROAD,HOLLAND AVENUE,10467,BRONX,BRONX,12 BRONX,40.878459909153676,-73.86545452362614
32535707,2016-01-26T12:34:00.000,Snow,E9 Snow / Icy Sidewalk,Sidewalk,,,,,11104,Sunnyside,QUEENS,02 QUEENS,40.74380799475082,-73.92425800481875
32535708,2016-01-26T13:05:00.000,Snow,E9 Snow / Icy Sidewalk,Sidewalk,,,,,11223,BROOKLYN,BROOKLYN,12 BROOKLYN,40.609556375910735,-73.96630014578295
32535712,2016-01-26T21:17:00.000,Snow,15S Re-Plow/Spread/Ice-Snow Cond.,Street,104-17 106 STREET,106 STREET,LIBERTY AVENUE,107 AVENUE,11417,Ozone Park,QUEENS,10 QUEENS,40.68258909380016,-73.83523168310245
32535726,2016-01-26T09:43:00.000,Snow,E9 Snow / Icy Sidewalk,Sidewalk,,,,,11379,Middle Village,QUEENS,05 QUEENS,40.72219310852041,-73.87416141348015
32535727,2016-01-26T10:07:00.000,Snow,E9 Snow / Icy Sidewalk,Sidewalk,2574 GERRITSEN AVENUE,GERRITSEN AVENUE,BIJOU AVENUE,CHANNEL AVENUE,11229,BROOKLYN,BROOKLYN,15 BROOKLYN,40.595510175772226,-73.92811345268163
32535728,2016-01-26T11:13:00.000,Snow,E9 Snow / Icy Sidewalk,Sidewalk,,,,,11211,BROOKLYN,BROOKLYN,01 BROOKLYN,40.716649303062,-73.94473534995365
32535748,2016-01-26T11:21:00.000,Snow,E9 Snow / Icy Sidewalk,Sidewalk,900 OGDEN AVENUE,OGDEN AVENUE,WEST 161 STREET,WEST 162 STREET,10452,BRONX,BRONX,04 BRONX,40.83072945697448,-73.93060922439322
32535908,2016-01-26T18:26:00.000,Snow,E9 Snow / Icy Sidewalk,Sidewalk,97-30 57 AVENUE,57 AVENUE,97 PLACE,98 STREET,11368,Corona,QUEENS,04 QUEENS,40.73745772233379,-73.86302206365444
32535916,2016-01-26T18:35:00.000,Snow,E9 Snow / Icy Sidewalk,Sidewalk,111 CORNELIA STREET,CORNELIA STREET,BUSHWICK AVENUE,EVERGREEN AVENUE,11221,BROOKLYN,BROOKLYN,04 BROOKLYN,40.69001297038486,-73.91571540376155
32535919,2016-01-26T19:38:00.000,Snow,15S Re-Plow/Spread/Ice-Snow Cond.,Street,185 32 STREET,32 STREET,4 AVENUE,5 AVENUE,11232,BROOKLYN,BROOKLYN,07 BROOKLYN,40.65587137641374,-74.00095507760085
32535925,2016-01-26T12:59:00.000,Snow,E9 Snow / Icy Sidewalk,Sidewalk,,,,,11211,BROOKLYN,BROOKLYN,01 BROOKLYN,40.712664821316665,-73.94104133707577
32535926,2016-01-26T12:55:00.000,Snow,E9 Snow / Icy Sidewalk,Sidewalk,,,,,10025,NEW YORK,MANHATTAN,07 MANHATTAN,40.79482771528886,-73.97623213154394
32535931,2016-01-26T08:51:00.000,Snow,E9 Snow / Icy Sidewalk,Sidewalk,,,,,10032,NEW YORK,MANHATTAN,12 MANHATTAN,40.838496680747866,-73.93982756478934
32535932,2016-01-26T08:46:00.000,Snow,E9 Snow / Icy Sidewalk,Sidewalk,87-89 191 STREET,191 STREET,FOOTHILL AVENUE,HILLSIDE AVENUE,11423,Hollis,QUEENS,08 QUEENS,40.716278925449934,-73.77128401537618
32535935,2016-01-26T18:26:00.000,Snow,E9 Snow / Icy Sidewalk,Sidewalk,493 MORNING STAR ROAD,MORNING STAR ROAD,WENLOCK STREET,WESTBROOK AVENUE,10303,STATEN ISLAND,STATEN ISLAND,01 STATEN ISLAND,40.6263569040008,-74.14846877572353
32535936,2016-01-26T18:25:00.000,Snow,E9 Snow / Icy Sidewalk,Sidewalk,108 OCEANSIDE AVENUE,OCEANSIDE AVENUE,SAND LANE,CRESTWATER COURT,10305,STATEN ISLAND,STATEN ISLAND,02 STATEN ISLAND,40.59111001379673,-74.06777715808369
32535937,2016-01-26T18:21:00.000,Snow,E9 Snow / Icy Sidewalk,Sidewalk,58-60 PAGE PLACE,PAGE PLACE,MASPETH AVENUE,GRAND AVENUE,11378,Maspeth,QUEENS,05 QUEENS,40.71920762989741,-73.9175507726395
32535940,2016-01-26T11:42:00.000,Snow,E9 Snow / Icy Sidewalk,Sidewalk,223 NORTH    5 STREET,NORTH    5 STREET,ROEBLING STREET,HAVEMEYER STREET,11211,BROOKLYN,BROOKLYN,01 BROOKLYN,40.71499636727087,-73.95611403118784
32535941,2016-01-26T18:37:00.000,Snow,E9 Snow / Icy Sidewalk,Sidewalk,,,,,10016,NEW YORK,MANHATTAN,05 MANHATTAN,40.74715313350962,-73.9854954103767
32535942,2016-01-26T18:58:00.000,Snow,E9 Snow / Icy Sidewalk,Sidewalk,92-19 68 AVENUE,68 AVENUE,KESSEL STREET,JUNO STREET,11375,Forest Hills,QUEENS,06 QUEENS,40.71584450516587,-73.85548751500768
32535943,2016-01-26T11:51:00.000,Snow,E9 Snow / Icy Sidewalk,Sidewalk,,,,,10312,STATEN ISLAND,STATEN ISLAND,03 STATEN ISLAND,40.543335225468695,-74.16427024861207
32535949,2016-01-26T12:19:00.000,Snow,E9 Snow / Icy Sidewalk,Sidewalk,30-17 30 AVENUE,30 AVENUE,30 STREET,31 STREET,11102,Astoria,QUEENS,01 QUEENS,40.76718623190122,-73.92198955064507
32535950,2016-01-26T12:38:00.000,Snow,E9 Snow / Icy Sidewalk,Sidewalk,3345 FULTON STREET,FULTON STREET,CRESCENT STREET,HEMLOCK STREET,11208,BROOKLYN,BROOKLYN,05 BROOKLYN,40.6837008844524,-73.87203825701505
32535951,2016-01-26T20:04:00.000,Snow,E9 Snow / Icy Sidewalk,Sidewalk,,,,,11377,Woodside,QUEENS,02 QUEENS,40.752566145855184,-73.90524869358502
32535959,2016-01-26T12:59:00.000,Snow,E9 Snow / Icy Sidewalk,Sidewalk,1813 TOMLINSON AVENUE,TOMLINSON AVENUE,MORRIS PARK AVENUE,RHINELANDER AVENUE,10461,BRONX,BRONX,11 BRONX,40.85036867438774,-73.852610804282
32535960,2016-01-26T12:56:00.000,Snow,E9 Snow / Icy Sidewalk,Sidewalk,4162 HILL AVENUE,HILL AVENUE,EDENWALD AVENUE,BUSSING AVENUE,10466,BRONX,BRONX,12 BRONX,40.89517925889976,-73.84071263556757
32535966,2016-01-26T14:17:00.000,Snow,E9 Snow / Icy Sidewalk,Sidewalk,2191 BOLTON STREET,BOLTON STREET,LYDIG AVENUE,PELHAM PARKWAY,10462,BRONX,BRONX,11 BRONX,40.85606136894564,-73.86865927316177
32535969,2016-01-26T14:37:00.000,Snow,E9 Snow / Icy Sidewalk,Sidewalk,138-01 QUEENS BOULEVARD,QUEENS BOULEVARD,84 DRIVE,86 AVENUE,11435,Jamaica,QUEENS,08 QUEENS,40.70871615028879,-73.8185175101631
32535970,2016-01-26T07:57:00.000,Snow,E9 Snow / Icy Sidewalk,Sidewalk,,,,,10312,STATEN ISLAND,STATEN ISLAND,03 STATEN ISLAND,40.52926151803792,-74.18985165435171
32535974,2016-01-26T18:29:00.000,Snow,E9 Snow / Icy Sidewalk,Sidewalk,487 MORNINGSTAR ROAD,MORNINGSTAR ROAD,WENLOCK STREET,WESTBROOK AVENUE,10303,STATEN ISLAND,STATEN ISLAND,01 STATEN ISLAND,40.62647223153049,-74.14843300743232
32535983,2016-01-26T11:25:00.000,Snow,E9 Snow / Icy Sidewalk,Sidewalk,61 AVENUE U,AVENUE U,WEST 11 STREET,WEST 10 STREET,11223,BROOKLYN,BROOKLYN,11 BROOKLYN,40.59601160213147,-73.98207504096592
32535984,2016-01-26T18:40:00.000,Snow,E9 Snow / Icy Sidewalk,Sidewalk,,,,,,,STATEN ISLAND,Unspecified STATEN ISLAND,,
32535985,2016-01-26T19:13:00.000,Snow,E9 Snow / Icy Sidewalk,Sidewalk,,,,,11213,BROOKLYN,BROOKLYN,08 BROOKLYN,40.66879788262019,-73.9311201452519
32535998,2016-01-26T12:09:00.000,Snow,E9 Snow / Icy Sidewalk,Sidewalk,95 DOSCHER STREET,DOSCHER STREET,PITKIN AVENUE,BELMONT AVENUE,11208,BROOKLYN,BROOKLYN,05 BROOKLYN,40.67478090844306,-73.87253124363231
32535999,2016-01-26T12:02:00.000,Snow,E9 Snow / Icy Sidewalk,Sidewalk,85-10 169 STREET,169 STREET,GOTHIC DRIVE,HIGHLAND AVENUE,11432,Jamaica,QUEENS,08 QUEENS,40.713789494116476,-73.79461677235801
32536000,2016-01-26T12:38:00.000,Snow,E9 Snow / Icy Sidewalk,Sidewalk,478 HALSEY STREET,HALSEY STREET,LEWIS AVENUE,,11233,BROOKLYN,BROOKLYN,03 BROOKLYN,40.68327331938264,-73.93496313013041
32536006,2016-01-26T20:06:00.000,Snow,E9 Snow / Icy Sidewalk,Sidewalk,,,,,11372,Jackson Heights,QUEENS,03 QUEENS,40.74861464350142,-73.8746312134739
32536007,2016-01-26T19:55:00.000,Snow,E9 Snow / Icy Sidewalk,Sidewalk,395 HOOPER STREET,HOOPER STREET,SOUTH 1 STREET,GRAND STREET,11211,BROOKLYN,BROOKLYN,01 BROOKLYN,40.71055912858866,-73.95185345045843
32536011,2016-01-26T12:56:00.000,Snow,E9 Snow / Icy Sidewalk,Sidewalk,88-18 ELIOT AVENUE,ELIOT AVENUE,BOOTH STREET,SAUNDERS STREET,11374,Rego Park,QUEENS,06 QUEENS,40.73133040326344,-73.86922624767031
32536014,2016-01-26T18:00:00.000,Snow,E9 Snow / Icy Sidewalk,Sidewalk,24 LENOX ROAD,LENOX ROAD,FLATBUSH AVENUE,BEDFORD AVENUE,11226,BROOKLYN,BROOKLYN,14 BROOKLYN,40.65362962073927,-73.95844290503098
32536015,2016-01-26T17:32:00.000,Snow,E9 Snow / Icy Sidewalk,Sidewalk,253 EAST    2 STREET,EAST    2 STREET,AVENUE B,AVENUE C,10009,NEW YORK,MANHATTAN,03 MANHATTAN,40.72122013838501,-73.9815723775236
32536016,2016-01-26T18:00:00.000,Snow,E9 Snow / Icy Sidewalk,Sidewalk,43 HAMILTON TERRACE,HAMILTON TERRACE,WEST 141 STREET,WEST 144 STREET,10031,NEW YORK,MANHATTAN,09 MANHATTAN,40.82279745357665,-73.94648265327851
32536026,2016-01-26T11:34:00.000,Snow,E9 Snow / Icy Sidewalk,Sidewalk,107-70 106 STREET,106 STREET,107 AVENUE,109 AVENUE,11417,Ozone Park,QUEENS,10 QUEENS,40.68075431547422,-73.83434928368457
32536027,2016-01-26T18:42:00.000,Snow,E9 Snow / Icy Sidewalk,Sidewalk,,,,,11207,BROOKLYN,BROOKLYN,05 BROOKLYN,40.67005923614186,-73.8905572395769
32536028,2016-01-26T18:41:00.000,Snow,E9 Snow / Icy Sidewalk,Sidewalk,2975 AVENUE U,AVENUE U,HARING STREET,BROWN STREET,11229,BROOKLYN,BROOKLYN,15 BROOKLYN,40.6006306121032,-73.94010675686262
32536029,2016-01-26T19:01:00.000,Snow,E9 Snow / Icy Sidewalk,Sidewalk,680 WEST END AVENUE,WEST END AVENUE,WEST 93 STREET,,10025,NEW YORK,MANHATTAN,07 MANHATTAN,40.7934796369363,-73.97429322865595
32536036,2016-01-26T20:29:00.000,Snow,15S Re-Plow/Spread/Ice-Snow Cond.,Street,,,,,11206,BROOKLYN,BROOKLYN,01 BROOKLYN,40.70205064873211,-73.95255205555416
32536037,2016-01-26T12:12:00.000,Snow,E9 Snow / Icy Sidewalk,Sidewalk,170 SKILLMAN AVENUE,SKILLMAN AVENUE,GRAHAM AVENUE,HUMBOLDT STREET,11211,BROOKLYN,BROOKLYN,01 BROOKLYN,40.71597926636193,-73.94408298107744
32536038,2016-01-26T12:05:00.000,Snow,E9 Snow / Icy Sidewalk,Sidewalk,,,,,11434,Jamaica,QUEENS,12 QUEENS,40.69165179668416,-73.77919714574149
32536039,2016-01-26T12:26:00.000,Snow,E9 Snow / Icy Sidewalk,Sidewalk,28 CRESCENT STREET,CRESCENT STREET,WHARTON PLACE,,11208,BROOKLYN,BROOKLYN,05 BROOKLYN,40.68856382810627,-73.87380299664481
32536040,2016-01-26T12:37:00.000,Snow,E9 Snow / Icy Sidewalk,Sidewalk,20-55 27 STREET,27 STREET,20 AVENUE,21 AVENUE,11105,Astoria,QUEENS,01 QUEENS,40.780390581971815,-73.90989231816634
32536041,2016-01-26T19:40:00.000,Snow,E9 Snow / Icy Sidewalk,Sidewalk,2000 52 STREET,52 STREET,20 AVENUE,DAHILL ROAD,11204,BROOKLYN,BROOKLYN,12 BROOKLYN,40.62374429764502,-73.97798615123548
32536047,2016-01-26T05:49:00.000,Snow,E9 Snow / Icy Sidewalk,Sidewalk,170 WEST   85 STREET,WEST   85 STREET,COLUMBUS AVENUE,AMSTERDAM AVENUE,10024,NEW YORK,MANHATTAN,07 MANHATTAN,40.786576688665875,-73.9745233958259
32536048,2016-01-26T06:15:00.000,Snow,E9 Snow / Icy Sidewalk,Sidewalk,155-30 JEWEL AVENUE,JEWEL AVENUE,DRIVEWAY,PARSONS BOULEVARD,11367,Flushing,QUEENS,08 QUEENS,40.732206627143746,-73.81215721889393
32536075,2016-01-26T14:44:00.000,Snow,E9 Snow / Icy Sidewalk,Sidewalk,1671 BRYANT AVENUE,BRYANT AVENUE,EAST 173 STREET,EAST 174 STREET,10460,BRONX,BRONX,03 BRONX,40.83506080024948,-73.88597096974094
32536076,2016-01-26T14:46:00.000,Snow,E9 Snow / Icy Sidewalk,Sidewalk,118-09 SUTTER AVENUE,SUTTER AVENUE,118 STREET,LEFFERTS BOULEVARD,11420,South Ozone Park,QUEENS,10 QUEENS,40.67431898822877,-73.82049656201559
32536084,2016-01-26T15:18:00.000,Snow,E9 Snow / Icy Sidewalk,Sidewalk,2031 BAY RIDGE AVENUE,BAY RIDGE AVENUE,20 AVENUE,21 AVENUE,11204,BROOKLYN,BROOKLYN,11 BROOKLYN,40.61376290800721,-73.98742253884728
32536098,2016-01-26T18:04:00.000,Snow,E9 Snow / Icy Sidewalk,Sidewalk,,,,,10314,STATEN ISLAND,STATEN ISLAND,02 STATEN ISLAND,40.58807715859182,-74.16126234877453
32536107,2016-01-26T14:23:00.000,Snow,E9 Snow / Icy Sidewalk,Sidewalk,,,,,11385,Ridgewood,QUEENS,05 QUEENS,40.69673923456575,-73.90050283408472
32536108,2016-01-26T14:23:00.000,Snow,E9 Snow / Icy Sidewalk,Sidewalk,325 LAFAYETTE AVENUE,LAFAYETTE AVENUE,ST JAMES PLACE,GRAND AVENUE,11238,BROOKLYN,BROOKLYN,02 BROOKLYN,40.68847630302409,-73.96359555204783
32536120,2016-01-26T14:51:00.000,Snow,E9 Snow / Icy Sidewalk,Sidewalk,110-06 72 AVENUE,72 AVENUE,110 STREET,112 STREET,11375,Forest Hills,QUEENS,06 QUEENS,40.721075466651044,-73.84051185635863
32536121,2016-01-26T14:48:00.000,Snow,E9 Snow / Icy Sidewalk,Sidewalk,5557 AVENUE I,AVENUE I,EAST 55 STREET,EAST 56 STREET,11234,BROOKLYN,BROOKLYN,18 BROOKLYN,40.630848688013515,-73.92277218913459
32536132,2016-01-26T17:55:00.000,Snow,E9 Snow / Icy Sidewalk,Sidewalk,2039 EAST    9 STREET,EAST    9 STREET,AVENUE T,AVENUE U,11223,BROOKLYN,BROOKLYN,15 BROOKLYN,40.59951193791207,-73.96234408846597
32536135,2016-01-26T18:05:00.000,Snow,E9 Snow / Icy Sidewalk,Sidewalk,26-13 23 AVENUE,23 AVENUE,26 STREET,27 STREET,11105,Astoria,QUEENS,01 QUEENS,40.77640965499527,-73.91575047465531
32536136,2016-01-26T18:00:00.000,Snow,E9 Snow / Icy Sidewalk,Sidewalk,47 HAMILTON TERRACE,HAMILTON TERRACE,WEST 141 STREET,WEST 144 STREET,10031,NEW YORK,MANHATTAN,09 MANHATTAN,40.82286879271227,-73.94643201234035
32536460,2016-01-26T13:01:00.000,Snow,E9 Snow / Icy Sidewalk,Sidewalk,49-15 SKILLMAN AVENUE,SKILLMAN AVENUE,49 STREET,50 STREET,11377,Woodside,QUEENS,02 QUEENS,40.74622789283599,-73.91499828143765
32536465,2016-01-26T03:31:00.000,Snow,E9 Snow / Icy Sidewalk,Sidewalk,1114 RHINELANDER AVENUE,RHINELANDER AVENUE,HAIGHT AVENUE,TOMLINSON AVENUE,10461,BRONX,BRONX,11 BRONX,40.8517537818432,-73.8540066181799
32536466,2016-01-26T05:17:00.000,Snow,E9 Snow / Icy Sidewalk,Sidewalk,,,,,11369,East Elmhurst,QUEENS,03 QUEENS,40.76025243850994,-73.86036535932563
32536467,2016-01-26T20:34:00.000,Snow,15S Re-Plow/Spread/Ice-Snow Cond.,Street,32-31 169 STREET,169 STREET,32 AVENUE,33 AVENUE,11358,Flushing,QUEENS,07 QUEENS,40.768319832453074,-73.7962861793808
32536468,2016-01-26T21:20:00.000,Snow,15S Re-Plow/Spread/Ice-Snow Cond.,Street,,,,,11225,BROOKLYN,BROOKLYN,09 BROOKLYN,40.66494777584249,-73.94261184661256
32536469,2016-01-26T21:29:00.000,Snow,E9 Snow / Icy Sidewalk,Sidewalk,331 CENTRAL AVENUE,CENTRAL AVENUE,MENAHAN STREET,GROVE STREET,11221,BROOKLYN,BROOKLYN,04 BROOKLYN,40.69481621440578,-73.9194020531074
32536470,2016-01-26T21:31:00.000,Snow,15S Re-Plow/Spread/Ice-Snow Cond.,Street,2155 PAULDING AVENUE,PAULDING AVENUE,WOODMANSTEN PLACE,BOGART AVENUE,10462,BRONX,BRONX,11 BRONX,40.855524845141545,-73.86053044648474
32536471,2016-01-26T05:35:00.000,Snow,E9 Snow / Icy Sidewalk,Sidewalk,68-07 FOREST AVENUE,FOREST AVENUE,68 AVENUE,68 ROAD,11385,Ridgewood,QUEENS,05 QUEENS,40.70341253309268,-73.90139453384607
32536474,2016-01-26T03:24:00.000,Snow,E9 Snow / Icy Sidewalk,Sidewalk,932 RHINELANDER AVENUE,RHINELANDER AVENUE,FOWLER AVENUE,BOGART AVENUE,10462,BRONX,BRONX,11 BRONX,40.8491233603855,-73.85984626224229
32536475,2016-01-26T19:35:00.000,Snow,E9 Snow / Icy Sidewalk,Sidewalk,209-39 34 ROAD,34 ROAD,CORPORAL KENNEDY STREET,210 STREET,11361,Bayside,QUEENS,11 QUEENS,40.768728536788856,-73.77830260047547
32536477,2016-01-26T13:57:00.000,Snow,E9 Snow / Icy Sidewalk,Sidewalk,79 ROBIN ROAD,ROBIN ROAD,LINDA AVENUE,JACKSON AVENUE,10305,STATEN ISLAND,STATEN ISLAND,02 STATEN ISLAND,40.594784282101735,-74.06478504667348
32536478,2016-01-26T13:57:00.000,Snow,E9 Snow / Icy Sidewalk,Sidewalk,3 HEMLOCK STREET,HEMLOCK STREET,CORRELL AVENUE,MASON BOULEVARD,10309,STATEN ISLAND,STATEN ISLAND,03 STATEN ISLAND,40.54597132312306,-74.21068563214558
32536479,2016-01-26T07:50:00.000,Snow,E9 Snow / Icy Sidewalk,Sidewalk,,,,,11210,BROOKLYN,BROOKLYN,14 BROOKLYN,40.61877424531461,-73.95307591787882
32536480,2016-01-26T22:10:00.000,Snow,15S Re-Plow/Spread/Ice-Snow Cond.,Street,935 EAST   87 STREET,EAST   87 STREET,FLATLANDS AVENUE,AVENUE J,11236,BROOKLYN,BROOKLYN,18 BROOKLYN,40.63806704612097,-73.90732092070806
32536484,2016-01-26T13:25:00.000,Snow,E9 Snow / Icy Sidewalk,Sidewalk,109 PEMBERTON AVENUE,PEMBERTON AVENUE,GURLEY AVENUE,DEAD END,10308,STATEN ISLAND,STATEN ISLAND,03 STATEN ISLAND,40.56215113010365,-74.15625471816425
32536485,2016-01-26T13:58:00.000,Snow,E9 Snow / Icy Sidewalk,Sidewalk,135-42 233 STREET,233 STREET,135 AVENUE,137 AVENUE,11422,Rosedale,QUEENS,13 QUEENS,40.67248461591005,-73.7384306219192
32536486,2016-01-26T21:32:00.000,Snow,15S Re-Plow/Spread/Ice-Snow Cond.,Street,120-21 84 AVENUE,84 AVENUE,120 STREET,121 STREET,11415,Kew Gardens,QUEENS,09 QUEENS,40.704720513105656,-73.83165322222871
32536487,2016-01-26T07:24:00.000,Snow,E9 Snow / Icy Sidewalk,Sidewalk,102-18 92 AVENUE,92 AVENUE,102 STREET,104 STREET,11418,Richmond Hill,QUEENS,09 QUEENS,40.691224249640364,-73.84315432573098
32536489,2016-01-26T13:55:00.000,Snow,E9 Snow / Icy Sidewalk,Sidewalk,,,,,,,QUEENS,Unspecified QUEENS,,
32536490,2016-01-26T22:29:00.000,Snow,E9 Snow / Icy Sidewalk,Sidewalk,53 QUENTIN ROAD,QUENTIN ROAD,WEST 12 STREET,WEST 11 STREET,11223,BROOKLYN,BROOKLYN,11 BROOKLYN,40.60535251668551,-73.9846258826398
32536493,2016-01-26T14:14:00.000,Snow,E9 Snow / Icy Sidewalk,Sidewalk,,,,,11230,BROOKLYN,BROOKLYN,12 BROOKLYN,40.62226459607244,-73.9657173691254
32536494,2016-01-26T14:12:00.000,Snow,E9 Snow / Icy Sidewalk,Sidewalk,262 DAHILL ROAD,DAHILL ROAD,CHURCH AVENUE,35 STREET,11218,BROOKLYN,BROOKLYN,12 BROOKLYN,40.64110273948031,-73.98018922833552
32536495,2016-01-26T14:11:00.000,Snow,E9 Snow / Icy Sidewalk,Sidewalk,65 MOTT STREET,MOTT STREET,BAYARD STREET,CANAL STREET,10013,NEW YORK,MANHATTAN,03 MANHATTAN,40.71607243047622,-73.9982324123791
32536496,2016-01-26T14:00:00.000,Snow,E9 Snow / Icy Sidewalk,Sidewalk,,,,,11435,Jamaica,QUEENS,08 QUEENS,40.714949770692364,-73.81522513711059
32536499,2016-01-26T23:17:00.000,Snow,E9 Snow / Icy Sidewalk,Sidewalk,90 4 AVENUE,4 AVENUE,ST MARKS PLACE,WARREN STREET,11217,BROOKLYN,BROOKLYN,02 BROOKLYN,40.68165136354744,-73.98018439332411
32536507,2016-01-26T08:48:00.000,Snow,E9 Snow / Icy Sidewalk,Sidewalk,241-11 MAYDA ROAD,MAYDA ROAD,241 STREET,243 STREET,11422,Rosedale,QUEENS,13 QUEENS,40.65964045085242,-73.74150137678623
32536509,2016-01-26T08:40:00.000,Snow,E9 Snow / Icy Sidewalk,Sidewalk,260 LAFAYETTE AVENUE,LAFAYETTE AVENUE,WASHINGTON AVENUE,ST JAMES PLACE,11238,BROOKLYN,BROOKLYN,02 BROOKLYN,40.68821893077546,-73.96566543043654
32536510,2016-01-26T09:11:00.000,Snow,E9 Snow / Icy Sidewalk,Sidewalk,356 WALTON AVENUE,WALTON AVENUE,EAST 140 STREET,EAST 144 STREET,10451,BRONX,BRONX,01 BRONX,40.81581944213329,-73.92943979543463
32536519,2016-01-26T08:33:00.000,Snow,E9 Snow / Icy Sidewalk,Sidewalk,71-11 AUSTIN STREET,AUSTIN STREET,71 AVENUE,71 ROAD,11375,Forest Hills,QUEENS,06 QUEENS,40.720018509602674,-73.84436002447596
32536520,2016-01-26T09:01:00.000,Snow,E9 Snow / Icy Sidewalk,Sidewalk,,,,,11222,BROOKLYN,BROOKLYN,01 BROOKLYN,40.728134410215944,-73.95327311856072
32536531,2016-01-26T09:39:00.000,Snow,E9 Snow / Icy Sidewalk,Sidewalk,46-01 QUEENS BOULEVARD,QUEENS BOULEVARD,46 STREET,47 STREET,11104,Sunnyside,QUEENS,02 QUEENS,40.74314810880159,-73.91855686820386
32536532,2016-01-26T10:25:00.000,Snow,E9 Snow / Icy Sidewalk,Sidewalk,113 AVENUE I,AVENUE I,20 AVENUE,EAST 2 STREET,11230,BROOKLYN,BROOKLYN,12 BROOKLYN,40.62600287189402,-73.97604368376552
32536534,2016-01-26T10:02:00.000,Snow,E9 Snow / Icy Sidewalk,Sidewalk,58-41 LAWRENCE STREET,LAWRENCE STREET,58 ROAD,59 AVENUE,11355,Flushing,QUEENS,07 QUEENS,40.74512877037699,-73.83344939747471
32536535,2016-01-26T10:40:00.000,Snow,E9 Snow / Icy Sidewalk,Sidewalk,1700 AVENUE Y,AVENUE Y,EAST 17 STREET,EAST 18 STREET,11235,BROOKLYN,BROOKLYN,15 BROOKLYN,40.59030232134923,-73.95271066820177
32536537,2016-01-26T11:10:00.000,Snow,E9 Snow / Icy Sidewalk,Sidewalk,215 4 AVENUE,4 AVENUE,UNION STREET,PRESIDENT STREET,11215,BROOKLYN,BROOKLYN,06 BROOKLYN,40.67726019631263,-73.9831347699675
32536538,2016-01-26T11:29:00.000,Snow,E9 Snow / Icy Sidewalk,Sidewalk,,,,,11432,Jamaica,QUEENS,12 QUEENS,40.70956728204409,-73.79114543922765
32536543,2016-01-26T13:00:00.000,Snow,E9 Snow / Icy Sidewalk,Sidewalk,,,,,11223,BROOKLYN,BROOKLYN,13 BROOKLYN,40.58381964426686,-73.97084575718101
32536544,2016-01-26T19:35:00.000,Snow,E9 Snow / Icy Sidewalk,Sidewalk,47-06 GRAND AVENUE,GRAND AVENUE,47 STREET,49 STREET,11378,Maspeth,QUEENS,05 QUEENS,40.716882626129255,-73.92119708947543
32536545,2016-01-26T17:06:00.000,Snow,E9 Snow / Icy Sidewalk,Sidewalk,,,,,10065,NEW YORK,MANHATTAN,08 MANHATTAN,40.76859696922497,-73.96775760076508
32536549,2016-01-26T19:31:00.000,Snow,E9 Snow / Icy Sidewalk,Sidewalk,901 BERGEN STREET,BERGEN STREET,CLASSON AVENUE,NYCTA SUBWAY,11238,BROOKLYN,BROOKLYN,08 BROOKLYN,40.67720697302204,-73.95763867010852
32536550,2016-01-26T13:58:00.000,Snow,E9 Snow / Icy Sidewalk,Sidewalk,,,,,11427,Queens Village,QUEENS,13 QUEENS,40.7310074575744,-73.74272190815432
32536551,2016-01-26T05:30:00.000,Snow,E9 Snow / Icy Sidewalk,Sidewalk,,,,,10308,STATEN ISLAND,STATEN ISLAND,03 STATEN ISLAND,40.56077523296102,-74.16272239827063
32536552,2016-01-26T06:29:00.000,Snow,E9 Snow / Icy Sidewalk,Sidewalk,801 NARROWS ROAD NORTH,NARROWS ROAD NORTH,RICHMOND ROAD,CLOVE ROAD,10304,STATEN ISLAND,STATEN ISLAND,01 STATEN ISLAND,40.61099809289874,-74.09580014294066
32536554,2016-01-26T07:20:00.000,Snow,E9 Snow / Icy Sidewalk,Sidewalk,67-49B 192 STREET,192 STREET,190 LANE,69 AVENUE,11365,Fresh Meadows,QUEENS,08 QUEENS,40.73690289277534,-73.78106432051572
32536555,2016-01-26T13:56:00.000,Snow,E9 Snow / Icy Sidewalk,Sidewalk,38-10 65 STREET,65 STREET,38 AVENUE,39 AVENUE,11377,Woodside,QUEENS,02 QUEENS,40.74678287438712,-73.89869938982226
32536560,2016-01-26T07:50:00.000,Snow,E9 Snow / Icy Sidewalk,Sidewalk,49-14 MARATHON PARKWAY,MARATHON PARKWAY,MORENCI LANE,DEEPDALE AVENUE,11362,Little Neck,QUEENS,11 QUEENS,40.76480633826572,-73.73540749172616
32536561,2016-01-26T22:05:00.000,Snow,15S Re-Plow/Spread/Ice-Snow Cond.,Street,,,,,11375,Forest Hills,QUEENS,06 QUEENS,40.715517518594694,-73.85303526225651
32536562,2016-01-26T13:46:00.000,Snow,E9 Snow / Icy Sidewalk,Sidewalk,90 4 AVENUE,4 AVENUE,ST MARKS PLACE,WARREN STREET,11217,BROOKLYN,BROOKLYN,02 BROOKLYN,40.68165136354744,-73.98018439332411
32536563,2016-01-26T14:08:00.000,Snow,E9 Snow / Icy Sidewalk,Sidewalk,,,,,10468,BRONX,BRONX,07 BRONX,40.87468661393303,-73.88649964214014
32536564,2016-01-26T13:03:00.000,Snow,E9 Snow / Icy Sidewalk,Sidewalk,,,,,11226,BROOKLYN,BROOKLYN,09 BROOKLYN,40.655424121152336,-73.95006599184083
32536565,2016-01-26T03:19:00.000,Snow,E9 Snow / Icy Sidewalk,Sidewalk,222-32 92 AVENUE,92 AVENUE,222 STREET,224 STREET,11428,Queens Village,QUEENS,13 QUEENS,40.72668518418678,-73.73458110556956
32536567,2016-01-26T23:25:00.000,Snow,E9 Snow / Icy Sidewalk,Sidewalk,1276 PRESIDENT STREET,PRESIDENT STREET,NEW YORK AVENUE,BROOKLYN AVENUE,11213,BROOKLYN,BROOKLYN,09 BROOKLYN,40.66787868211386,-73.9472666178719
32536568,2016-01-26T08:26:00.000,Snow,E9 Snow / Icy Sidewalk,Sidewalk,416 CLASSON AVENUE,CLASSON AVENUE,QUINCY STREET,GATES AVENUE,11238,BROOKLYN,BROOKLYN,02 BROOKLYN,40.68578227885465,-73.95940000734338
32536572,2016-01-26T08:47:00.000,Snow,E9 Snow / Icy Sidewalk,Sidewalk,1154 WILCOX AVENUE,WILCOX AVENUE,FAIRMOUNT AVENUE,WATERBURY AVENUE,10465,BRONX,BRONX,10 BRONX,40.83659112058711,-73.82033339537873
32536573,2016-01-26T21:18:00.000,Snow,E9 Snow / Icy Sidewalk,Sidewalk,605 OCEAN PARKWAY,OCEAN PARKWAY,AVENUE F,18 AVENUE,11218,BROOKLYN,BROOKLYN,12 BROOKLYN,40.63361331836523,-73.97224713545222
32536579,2016-01-26T23:36:00.000,Snow,E9 Snow / Icy Sidewalk,Sidewalk,1869 PALMETTO STREET,PALMETTO STREET,ONDERDONK AVENUE,WOODWARD AVENUE,11385,Ridgewood,QUEENS,05 QUEENS,40.704185161386995,-73.9062948699452
32536580,2016-01-26T08:42:00.000,Snow,E9 Snow / Icy Sidewalk,Sidewalk,253 HOLDEN BOULEVARD,HOLDEN BOULEVARD,GRAVES STREET,WELLBROOK AVENUE,10314,STATEN ISLAND,STATEN ISLAND,02 STATEN ISLAND,40.60394882639153,-74.12997325007714
32536581,2016-01-26T13:55:00.000,Snow,E9 Snow / Icy Sidewalk,Sidewalk,38-12 65 STREET,65 STREET,38 AVENUE,39 AVENUE,11377,Woodside,QUEENS,02 QUEENS,40.746774643319874,-73.89870301132463
32536582,2016-01-26T22:01:00.000,Snow,E9 Snow / Icy Sidewalk,Sidewalk,4302 4 AVENUE,4 AVENUE,43 STREET,44 STREET,11232,BROOKLYN,BROOKLYN,07 BROOKLYN,40.6503046409274,-74.0086021887531
32536583,2016-01-26T22:22:00.000,Snow,E9 Snow / Icy Sidewalk,Sidewalk,75-11 ROOSEVELT AVENUE,ROOSEVELT AVENUE,75 STREET,76 STREET,11372,Jackson Heights,QUEENS,03 QUEENS,40.74697279691881,-73.89029374593161
32536584,2016-01-26T14:00:00.000,Snow,E9 Snow / Icy Sidewalk,Sidewalk,,,,,11221,BROOKLYN,BROOKLYN,04 BROOKLYN,40.69620669155707,-73.91781722914831
32536586,2016-01-26T09:15:00.000,Snow,E9 Snow / Icy Sidewalk,Sidewalk,2574 BOUCK AVENUE,BOUCK AVENUE,BEND,ALLERTON AVENUE,10469,BRONX,BRONX,11 BRONX,40.86486268896023,-73.84988520923959
32536591,2016-01-26T09:55:00.000,Snow,E9 Snow / Icy Sidewalk,Sidewalk,744 EAST    5 STREET,EAST    5 STREET,AVENUE C,AVENUE D,10009,NEW YORK,MANHATTAN,03 MANHATTAN,40.72223510902026,-73.97819533148419
32536592,2016-01-26T08:58:00.000,Snow,E9 Snow / Icy Sidewalk,Sidewalk,502 WEST   45 STREET,WEST   45 STREET,10 AVENUE,AMTRAK RAILROAD,10036,NEW YORK,MANHATTAN,04 MANHATTAN,40.76165989033644,-73.9943470678193
32536593,2016-01-26T08:57:00.000,Snow,E9 Snow / Icy Sidewalk,Sidewalk,411 WEST   14 STREET,WEST   14 STREET,9 AVENUE,WASHINGTON STREET,10014,NEW YORK,MANHATTAN,04 MANHATTAN,40.74121699741184,-74.00597958784923
32536595,2016-01-26T23:46:00.000,Snow,E9 Snow / Icy Sidewalk,Sidewalk,46-40 FRANCIS LEWIS BOULEVARD,FRANCIS LEWIS BOULEVARD,46 ROAD,47 AVENUE,11361,Bayside,QUEENS,11 QUEENS,40.75387080554875,-73.78096884947244
32536600,2016-01-26T08:34:00.000,Snow,E9 Snow / Icy Sidewalk,Sidewalk,,,,,10458,BRONX,BRONX,07 BRONX,40.86831977489547,-73.8818825620839
32536601,2016-01-26T09:06:00.000,Snow,E9 Snow / Icy Sidewalk,Sidewalk,2111 VICTORY BOULEVARD,VICTORY BOULEVARD,MANN AVENUE,BYRNE AVENUE,10314,STATEN ISLAND,STATEN ISLAND,01 STATEN ISLAND,40.61234599402667,-74.13403072981536
32536607,2016-01-26T10:26:00.000,Snow,E9 Snow / Icy Sidewalk,Sidewalk,467 WEST  157 STREET,WEST  157 STREET,ST NICHOLAS AVENUE,AMSTERDAM AVENUE,10032,NEW YORK,MANHATTAN,12 MANHATTAN,40.832513905750616,-73.94117724800353
32536609,2016-01-26T09:53:00.000,Snow,E9 Snow / Icy Sidewalk,Sidewalk,515 NOSTRAND AVENUE,NOSTRAND AVENUE,FULTON STREET,HERKIMER STREET,11216,BROOKLYN,BROOKLYN,03 BROOKLYN,40.67974812431873,-73.94956826627376
32536618,2016-01-26T10:10:00.000,Snow,E9 Snow / Icy Sidewalk,Sidewalk,316 57 STREET,57 STREET,GOWANUS EXPWY EB EN BELT PKWY,4 AVENUE,11220,BROOKLYN,BROOKLYN,07 BROOKLYN,40.64335375962687,-74.01800974480979
32536619,2016-01-26T10:38:00.000,Snow,E9 Snow / Icy Sidewalk,Sidewalk,283 JEFFERSON AVENUE,JEFFERSON AVENUE,MARCY AVENUE,TOMPKINS AVENUE,11216,BROOKLYN,BROOKLYN,03 BROOKLYN,40.68374295017095,-73.94611831687962
32536620,2016-01-26T09:52:00.000,Snow,E9 Snow / Icy Sidewalk,Sidewalk,138-48 60 AVENUE,60 AVENUE,138 STREET,MAIN STREET,11355,Flushing,QUEENS,07 QUEENS,40.74332738998529,-73.82730088961144
32536621,2016-01-26T09:36:00.000,Snow,E9 Snow / Icy Sidewalk,Sidewalk,97-07 67 AVENUE,67 AVENUE,BURNS STREET,PEDESTRIAN OVERPASS,11374,Rego Park,QUEENS,06 QUEENS,40.72312732174691,-73.85625459558317
32536623,2016-01-26T10:59:00.000,Snow,E9 Snow / Icy Sidewalk,Sidewalk,1085 GRAND STREET,GRAND STREET,VANDERVOORT AVENUE,METROPOLITAN AVENUE,11211,BROOKLYN,BROOKLYN,01 BROOKLYN,40.71395297126619,-73.9325993311328
32536630,2016-01-26T11:09:00.000,Snow,E9 Snow / Icy Sidewalk,Sidewalk,170-12 FOCH BOULEVARD,FOCH BOULEVARD,170 STREET,171 STREET,11434,Jamaica,QUEENS,12 QUEENS,40.68642884090916,-73.7765389892434
32536631,2016-01-26T10:24:00.000,Snow,E9 Snow / Icy Sidewalk,Sidewalk,31 RONALD AVENUE,RONALD AVENUE,PULASKI AVENUE,GRANITE AVENUE,10303,STATEN ISLAND,STATEN ISLAND,01 STATEN ISLAND,40.627700640356565,-74.14940482550155
32536632,2016-01-26T10:18:00.000,Snow,E9 Snow / Icy Sidewalk,Sidewalk,,,,,11234,BROOKLYN,BROOKLYN,18 BROOKLYN,40.61656970170023,-73.90381005451543
32536633,2016-01-26T10:35:00.000,Snow,E9 Snow / Icy Sidewalk,Sidewalk,,,,,11220,BROOKLYN,BROOKLYN,07 BROOKLYN,40.64006586386926,-74.01556227591793
32536641,2016-01-26T10:47:00.000,Snow,E9 Snow / Icy Sidewalk,Sidewalk,1262 BUSHWICK AVENUE,BUSHWICK AVENUE,WEIRFIELD STREET,HALSEY STREET,11207,BROOKLYN,BROOKLYN,04 BROOKLYN,40.68716816562299,-73.91406395590575
32536899,2016-01-26T16:11:00.000,Snow,E9 Snow / Icy Sidewalk,Sidewalk,23-59 BORDEN AVENUE,BORDEN AVENUE,,,11101,Long Island City,QUEENS,02 QUEENS,40.73992323482334,-73.94716629392785
32536900,2016-01-26T11:54:00.000,Snow,E9 Snow / Icy Sidewalk,Sidewalk,1885 FLATBUSH AVENUE,FLATBUSH AVENUE,EAST 38 STREET,ALTON PLACE,11210,BROOKLYN,BROOKLYN,18 BROOKLYN,40.62385054340539,-73.93815866949348
32536901,2016-01-26T12:43:00.000,Snow,E9 Snow / Icy Sidewalk,Sidewalk,133 SUTTON STREET,SUTTON STREET,NASSAU AVENUE,NORMAN AVENUE,11222,BROOKLYN,BROOKLYN,01 BROOKLYN,40.7273108212134,-73.94096704448306
32536902,2016-01-26T13:06:00.000,Snow,E9 Snow / Icy Sidewalk,Sidewalk,61-27 78 STREET,78 STREET,ELIOT AVENUE,62 AVENUE,11379,Middle Village,QUEENS,05 QUEENS,40.7236159608664,-73.88030991249587
32536903,2016-01-26T18:07:00.000,Snow,15S Re-Plow/Spread/Ice-Snow Cond.,Street,,,,,11354,Flushing,QUEENS,07 QUEENS,40.76366774405114,-73.82302455739344
32536904,2016-01-26T18:00:00.000,Snow,E9 Snow / Icy Sidewalk,Sidewalk,,,,,11414,Howard Beach,QUEENS,10 QUEENS,40.662524219725704,-73.84070231096042
32536905,2016-01-26T21:10:00.000,Snow,E9 Snow / Icy Sidewalk,Sidewalk,,,,,11209,BROOKLYN,BROOKLYN,10 BROOKLYN,40.615859835148655,-74.03797489753336
32536915,2016-01-26T14:43:00.000,Snow,15S Re-Plow/Spread/Ice-Snow Cond.,Street,169 STREET,169 STREET,GOETHAL AVENUE,81 AVENUE,,,QUEENS,08 QUEENS,,
32536927,2016-01-26T12:06:00.000,Snow,E9 Snow / Icy Sidewalk,Sidewalk,143-24 FARMERS BOULEVARD,FARMERS BOULEVARD,143 ROAD,144 AVENUE,11434,Jamaica,QUEENS,12 QUEENS,40.669030613757805,-73.76597396315601
32536928,2016-01-26T12:23:00.000,Snow,E9 Snow / Icy Sidewalk,Sidewalk,,,,,11104,Sunnyside,QUEENS,02 QUEENS,40.74179910323182,-73.92466446477532
32536929,2016-01-26T12:32:00.000,Snow,E9 Snow / Icy Sidewalk,Sidewalk,121 3 AVENUE,3 AVENUE,EAST 13 STREET,EAST 14 STREET,10003,NEW YORK,MANHATTAN,03 MANHATTAN,40.73312492017333,-73.98728815342143
32536930,2016-01-26T13:12:00.000,Snow,E9 Snow / Icy Sidewalk,Sidewalk,,,,,10312,STATEN ISLAND,STATEN ISLAND,03 STATEN ISLAND,40.55200085634641,-74.16789362184363
32536936,2016-01-26T18:26:00.000,Snow,E9 Snow / Icy Sidewalk,Sidewalk,1909 DALY AVENUE,DALY AVENUE,CROSS BRONX EXPRESSWAY,ELSMERE PLACE,10460,BRONX,BRONX,06 BRONX,40.84069431518322,-73.88458434820105
32536937,2016-01-26T18:44:00.000,Snow,E9 Snow / Icy Sidewalk,Sidewalk,,,,,,,QUEENS,08 QUEENS,,
32536938,2016-01-26T18:53:00.000,Snow,15S Re-Plow/Spread/Ice-Snow Cond.,Street,163-55 MATHIAS AVENUE,MATHIAS AVENUE,GUY R BREWER BOULEVARD,166 STREET,11433,Jamaica,QUEENS,12 QUEENS,40.6911115480227,-73.78672461989734
32536939,2016-01-26T20:56:00.000,Snow,15S Re-Plow/Spread/Ice-Snow Cond.,Street,154-37 21 AVENUE,21 AVENUE,154 STREET,157 STREET,11357,Whitestone,QUEENS,07 QUEENS,40.7794158606496,-73.80852160356923
32536940,2016-01-26T20:46:00.000,Snow,E9 Snow / Icy Sidewalk,Sidewalk,,,,,11377,Woodside,QUEENS,02 QUEENS,40.74425182105249,-73.90140987565077
32536957,2016-01-26T10:12:00.000,Snow,E9 Snow / Icy Sidewalk,Sidewalk,89 EAST   54 STREET,EAST   54 STREET,WINTHROP STREET,CLARKSON AVENUE,11203,BROOKLYN,BROOKLYN,17 BROOKLYN,40.657154759687714,-73.92704507564957
32536958,2016-01-26T10:43:00.000,Snow,E9 Snow / Icy Sidewalk,Sidewalk,20-01 36 STREET,36 STREET,20 AVENUE,20 ROAD,11105,Astoria,QUEENS,01 QUEENS,40.777800256808106,-73.90397071772396
32536959,2016-01-26T11:03:00.000,Snow,E9 Snow / Icy Sidewalk,Sidewalk,20-68 26 STREET,26 STREET,20 AVENUE,21 AVENUE,11105,Astoria,QUEENS,01 QUEENS,40.78077001840999,-73.91074396023375
32537015,2016-01-26T18:33:00.000,Snow,E9 Snow / Icy Sidewalk,Sidewalk,,,,,11208,BROOKLYN,BROOKLYN,05 BROOKLYN,40.673621238485836,-73.88421375423444
32537018,2016-01-26T20:31:00.000,Snow,E9 Snow / Icy Sidewalk,Sidewalk,,,,,11230,BROOKLYN,BROOKLYN,14 BROOKLYN,40.62954388793678,-73.96608109965275
32537019,2016-01-26T11:38:00.000,Snow,E9 Snow / Icy Sidewalk,Sidewalk,,,,,10466,BRONX,BRONX,12 BRONX,40.89416852680063,-73.85695535152136
32537020,2016-01-26T11:52:00.000,Snow,E9 Snow / Icy Sidewalk,Sidewalk,11-16 124 STREET,124 STREET,11 AVENUE,13 AVENUE,11356,College Point,QUEENS,07 QUEENS,40.78778015356859,-73.84380438737158
32537021,2016-01-26T12:05:00.000,Snow,E9 Snow / Icy Sidewalk,Sidewalk,1279 REMSEN AVENUE,REMSEN AVENUE,FLATLANDS AVENUE,AVENUE J,11236,BROOKLYN,BROOKLYN,18 BROOKLYN,40.6388194576654,-73.90438331046876
32537031,2016-01-26T13:25:00.000,Snow,E9 Snow / Icy Sidewalk,Sidewalk,,,,,10308,STATEN ISLAND,STATEN ISLAND,03 STATEN ISLAND,40.55396240595671,-74.14870015224326
32537032,2016-01-26T18:59:00.000,Snow,15S Re-Plow/Spread/Ice-Snow Cond.,Street,,,,,10451,BRONX,BRONX,01 BRONX,40.81879549938849,-73.92212414817566
32537033,2016-01-26T20:19:00.000,Snow,15S Re-Plow/Spread/Ice-Snow Cond.,Street,,,,,11417,Ozone Park,QUEENS,10 QUEENS,40.68046187636432,-73.84307508173646
32537038,2016-01-26T09:38:00.000,Snow,E9 Snow / Icy Sidewalk,Sidewalk,258 UNION AVENUE,UNION AVENUE,CONTINENTAL PLACE,CONFEDERATION PLACE,10303,STATEN ISLAND,STATEN ISLAND,01 STATEN ISLAND,40.63005786860276,-74.15802770823498
32537039,2016-01-26T10:01:00.000,Snow,E9 Snow / Icy Sidewalk,Sidewalk,,,,,11693,Far Rockaway,QUEENS,14 QUEENS,40.60581311176616,-73.81962195016328
32537044,2016-01-25T11:33:00.000,Snow,E9 Snow / Icy Sidewalk,Sidewalk,84-46 90 STREET,90 STREET,PARK LANE SOUTH,85 ROAD,11421,Woodhaven,QUEENS,09 QUEENS,40.69653238919367,-73.8555437999469
32537062,2016-01-26T10:13:00.000,Snow,E9 Snow / Icy Sidewalk,Sidewalk,,,,,11377,Woodside,QUEENS,02 QUEENS,40.751932268600605,-73.90215645447127
32537248,2016-01-26T11:28:00.000,Snow,E9 Snow / Icy Sidewalk,Sidewalk,2348 BURNETT STREET,BURNETT STREET,AVENUE V,WHITNEY AVENUE,11229,BROOKLYN,BROOKLYN,15 BROOKLYN,40.60025486663188,-73.93084875509084
32537251,2016-01-26T11:36:00.000,Snow,E9 Snow / Icy Sidewalk,Sidewalk,12-52 150 STREET,150 STREET,12 ROAD,14 AVENUE,11357,Whitestone,QUEENS,07 QUEENS,40.78962999064995,-73.81413310227464
32537252,2016-01-26T18:43:00.000,Snow,E9 Snow / Icy Sidewalk,Sidewalk,1164 WHEELER AVENUE,WHEELER AVENUE,WATSON AVENUE,WESTCHESTER AVENUE,10472,BRONX,BRONX,09 BRONX,40.82749015983668,-73.87985928966023
32537253,2016-01-26T18:47:00.000,Snow,E9 Snow / Icy Sidewalk,Sidewalk,,,,,10305,STATEN ISLAND,STATEN ISLAND,01 STATEN ISLAND,40.6044500494814,-74.06724330422236
32537258,2016-01-26T20:23:00.000,Snow,E9 Snow / Icy Sidewalk,Sidewalk,2060 EAST    8 STREET,EAST    8 STREET,AVENUE T,AVENUE U,11223,BROOKLYN,BROOKLYN,15 BROOKLYN,40.59905384130048,-73.9632229907816
32537267,2016-01-26T11:19:00.000,Snow,E9 Snow / Icy Sidewalk,Sidewalk,50-01 GRAND AVENUE,GRAND AVENUE,49 STREET,PAGE PLACE,11378,Maspeth,QUEENS,05 QUEENS,40.717698560436176,-73.91832101803534
32537268,2016-01-26T11:30:00.000,Snow,E9 Snow / Icy Sidewalk,Sidewalk,39-38 47 AVENUE,47 AVENUE,39 PLACE,40 STREET,11104,Sunnyside,QUEENS,02 QUEENS,40.74187366261889,-73.92535725470061
32537269,2016-01-26T18:31:00.000,Snow,E9 Snow / Icy Sidewalk,Sidewalk,156-34 79 STREET,79 STREET,156 AVENUE,157 AVENUE,11414,Howard Beach,QUEENS,10 QUEENS,40.66162527435025,-73.85413078348473
32537270,2016-01-26T18:56:00.000,Snow,E9 Snow / Icy Sidewalk,Sidewalk,,,,,10039,NEW YORK,MANHATTAN,10 MANHATTAN,40.822933254577556,-73.938129021423
32537271,2016-01-26T18:49:00.000,Snow,E9 Snow / Icy Sidewalk,Sidewalk,,,,,10036,NEW YORK,MANHATTAN,04 MANHATTAN,40.762126605681814,-73.99738649324702
32537272,2016-01-26T11:55:00.000,Snow,E9 Snow / Icy Sidewalk,Sidewalk,284 RETFORD AVENUE,RETFORD AVENUE,SHIRLEY AVENUE,KING STREET,10312,STATEN ISLAND,STATEN ISLAND,03 STATEN ISLAND,40.53533611117726,-74.15892977779146
32537274,2016-01-26T20:19:00.000,Snow,15S Re-Plow/Spread/Ice-Snow Cond.,Street,,,,,11208,BROOKLYN,BROOKLYN,05 BROOKLYN,40.67733624369111,-73.86762324618435
32537275,2016-01-26T12:37:00.000,Snow,E9 Snow / Icy Sidewalk,Sidewalk,3188 TIBBETT AVENUE,TIBBETT AVENUE,WEST 231 STREET,WEST 232 STREET,10463,BRONX,BRONX,08 BRONX,40.881709812590756,-73.90750203711393
32537276,2016-01-26T20:11:00.000,Snow,E9 Snow / Icy Sidewalk,Sidewalk,377 2 STREET,2 STREET,5 AVENUE,6 AVENUE,11215,BROOKLYN,BROOKLYN,06 BROOKLYN,40.672953447124364,-73.98183806277432
32537277,2016-01-26T09:25:00.000,Snow,E9 Snow / Icy Sidewalk,Sidewalk,256 CITY ISLAND AVENUE,CITY ISLAND AVENUE,SCHOFIELD STREET,CAROLL STREET,10464,BRONX,BRONX,10 BRONX,40.84567771015429,-73.78588569738709
32537278,2016-01-26T09:02:00.000,Snow,E9 Snow / Icy Sidewalk,Sidewalk,360 ADAMS STREET,ADAMS STREET,JOHNSON STREET,WILLOUGHBY STREET,11201,BROOKLYN,BROOKLYN,02 BROOKLYN,40.69417966716749,-73.98890030972179
32537284,2016-01-26T20:01:00.000,Snow,E9 Snow / Icy Sidewalk,Sidewalk,84-32 ABINGDON ROAD,ABINGDON ROAD,LEFFERTS BOULEVARD,BREVOORT STREET,11415,Kew Gardens,QUEENS,09 QUEENS,40.70676679178024,-73.8307535619585
32537285,2016-01-26T19:56:00.000,Snow,E9 Snow / Icy Sidewalk,Sidewalk,,,,,11207,BROOKLYN,BROOKLYN,04 BROOKLYN,40.68708020361939,-73.91389099302951
32537286,2016-01-26T19:45:00.000,Snow,E9 Snow / Icy Sidewalk,Sidewalk,125 SEAMAN AVENUE,SEAMAN AVENUE,PAYSON AVENUE,WEST 207 STREET,10034,NEW YORK,MANHATTAN,12 MANHATTAN,40.86879375820452,-73.92310327414219
32537288,2016-01-26T12:35:00.000,Snow,E9 Snow / Icy Sidewalk,Sidewalk,86-38 57 AVENUE,57 AVENUE,VAN HORN STREET,SEABURY STREET,11373,Elmhurst,QUEENS,04 QUEENS,40.73281167160867,-73.87585166221601
32537295,2016-01-26T05:06:00.000,Snow,E9 Snow / Icy Sidewalk,Sidewalk,,,,,11414,Howard Beach,QUEENS,10 QUEENS,40.656300495577746,-73.84785328098738
32537299,2016-01-26T08:30:00.000,Snow,E9 Snow / Icy Sidewalk,Sidewalk,217-03 38 AVENUE,38 AVENUE,217 STREET,218 STREET,11361,Bayside,QUEENS,11 QUEENS,40.76756343068712,-73.76651220761943
32537305,2016-01-26T18:41:00.000,Snow,E9 Snow / Icy Sidewalk,Sidewalk,166 CHANDLER AVENUE,CHANDLER AVENUE,WESTCOTT BOULEVARD,JEWETT AVENUE,10314,STATEN ISLAND,STATEN ISLAND,01 STATEN ISLAND,40.61410037656984,-74.12882962927004
32537306,2016-01-26T14:16:00.000,Snow,E9 Snow / Icy Sidewalk,Sidewalk,148 NAGLE AVENUE,NAGLE AVENUE,THAYER STREET,HILLSIDE AVENUE,10040,NEW YORK,MANHATTAN,12 MANHATTAN,40.86128591285154,-73.92561728843486
32537307,2016-01-26T18:39:00.000,Snow,E9 Snow / Icy Sidewalk,Sidewalk,2115 EAST   70 STREET,EAST   70 STREET,AVENUE U,AVENUE V,11234,BROOKLYN,BROOKLYN,18 BROOKLYN,40.61887019135667,-73.90758531149783
32537309,2016-01-26T11:50:00.000,Snow,E9 Snow / Icy Sidewalk,Sidewalk,,,,,11229,BROOKLYN,BROOKLYN,14 BROOKLYN,40.61040199919937,-73.95859226925326
32537310,2016-01-26T14:32:00.000,Snow,E9 Snow / Icy Sidewalk,Sidewalk,118 LAFAYETTE AVENUE,LAFAYETTE AVENUE,SOUTH OXFORD STREET,CUMBERLAND STREET,11217,BROOKLYN,BROOKLYN,02 BROOKLYN,40.68739192475703,-73.97283052189522
32537311,2016-01-26T14:58:00.000,Snow,E9 Snow / Icy Sidewalk,Sidewalk,,,,,11413,Springfield Gardens,QUEENS,13 QUEENS,40.66640400481538,-73.74536818797739
32537312,2016-01-26T12:06:00.000,Snow,E9 Snow / Icy Sidewalk,Sidewalk,8807 AVENUE B,AVENUE B,EAST 88 STREET,EAST 89 STREET,11236,BROOKLYN,BROOKLYN,17 BROOKLYN,40.64866156196736,-73.91767038412374
32537313,2016-01-26T12:16:00.000,Snow,E9 Snow / Icy Sidewalk,Sidewalk,67-40 BURNS STREET,BURNS STREET,67 AVENUE,YELLOWSTONE BOULEVARD,11375,Forest Hills,QUEENS,06 QUEENS,40.72253829280061,-73.85493906410721
32537314,2016-01-26T15:19:00.000,Snow,E9 Snow / Icy Sidewalk,Sidewalk,1964 EAST   24 STREET,EAST   24 STREET,AVENUE S,AVENUE T,11229,BROOKLYN,BROOKLYN,15 BROOKLYN,40.60299232919977,-73.94820736676778
32537317,2016-01-26T19:47:00.000,Snow,E9 Snow / Icy Sidewalk,Sidewalk,192-08 CROCHERON AVENUE,CROCHERON AVENUE,192 STREET,193 STREET,11358,Flushing,QUEENS,11 QUEENS,40.76371909057396,-73.78987099740739
32537319,2016-01-26T18:26:00.000,Snow,E9 Snow / Icy Sidewalk,Sidewalk,288 POWERS STREET,POWERS STREET,JUDGE STREET,OLIVE STREET,11211,BROOKLYN,BROOKLYN,01 BROOKLYN,40.71305093855802,-73.9393203806992
32537325,2016-01-26T12:30:00.000,Snow,E9 Snow / Icy Sidewalk,Sidewalk,721 WILLOUGHBY AVENUE,WILLOUGHBY AVENUE,MARCUS GARVEY BOULEVARD,LEWIS AVENUE,11206,BROOKLYN,BROOKLYN,03 BROOKLYN,40.69496317326789,-73.93977679659866
32537326,2016-01-26T12:59:00.000,Snow,E9 Snow / Icy Sidewalk,Sidewalk,96-09 67 AVENUE,67 AVENUE,CLYDE STREET,BURNS STREET,11374,Rego Park,QUEENS,06 QUEENS,40.72253491811958,-73.85662746399012
32537327,2016-01-26T18:36:00.000,Snow,E9 Snow / Icy Sidewalk,Sidewalk,3940 BEDFORD AVENUE,BEDFORD AVENUE,AVENUE R,AVENUE S,11229,BROOKLYN,BROOKLYN,15 BROOKLYN,40.60589063788509,-73.94777295406573
32537328,2016-01-26T18:59:00.000,Snow,E9 Snow / Icy Sidewalk,Sidewalk,,,,,11201,BROOKLYN,BROOKLYN,02 BROOKLYN,40.68890317557533,-73.98092864957985
32537330,2016-01-26T14:42:00.000,Snow,E9 Snow / Icy Sidewalk,Sidewalk,82-39 209 STREET,209 STREET,82 AVENUE,85 AVENUE,11427,Queens Village,QUEENS,11 QUEENS,40.73058473220614,-73.76052240506795
32537331,2016-01-26T15:03:00.000,Snow,E9 Snow / Icy Sidewalk,Sidewalk,2301 WHITE PLAINS ROAD,WHITE PLAINS ROAD,BOSTON ROAD,WARING AVENUE,10467,BRONX,BRONX,11 BRONX,40.85980111830361,-73.8675384302275
32537332,2016-01-26T07:33:00.000,Snow,E9 Snow / Icy Sidewalk,Sidewalk,205-23 113 AVENUE,113 AVENUE,205 STREET,FRANCIS LEWIS BOULEVARD,11412,Saint Albans,QUEENS,12 QUEENS,40.702705966284746,-73.75013091745893
32537333,2016-01-26T07:48:00.000,Snow,E9 Snow / Icy Sidewalk,Sidewalk,789 POST AVENUE,POST AVENUE,GREENLEAF AVENUE,DRIPROCK STREET,10310,STATEN ISLAND,STATEN ISLAND,01 STATEN ISLAND,40.631166002494574,-74.12771690275885
32537334,2016-01-26T12:04:00.000,Snow,E9 Snow / Icy Sidewalk,Sidewalk,31-76 STEINWAY STREET,STEINWAY STREET,31 AVENUE,BROADWAY,11103,Astoria,QUEENS,01 QUEENS,40.759698844973116,-73.91842112114664
32537335,2016-01-26T12:27:00.000,Snow,E9 Snow / Icy Sidewalk,Sidewalk,93-14 175 STREET,175 STREET,93 AVENUE,DEAD END,11433,Jamaica,QUEENS,12 QUEENS,40.706234987858814,-73.78510366934164
32537336,2016-01-26T12:24:00.000,Snow,E9 Snow / Icy Sidewalk,Sidewalk,,,,,11223,BROOKLYN,BROOKLYN,15 BROOKLYN,40.5971705119265,-73.97148448858796
32537337,2016-01-26T12:40:00.000,Snow,E9 Snow / Icy Sidewalk,Sidewalk,480 HALSEY STREET,HALSEY STREET,LEWIS AVENUE,STUYVESANT AVENUE,11233,BROOKLYN,BROOKLYN,03 BROOKLYN,40.68354762493254,-73.93465999529074
32537338,2016-01-26T12:39:00.000,Snow,E9 Snow / Icy Sidewalk,Sidewalk,,,,,11355,Flushing,QUEENS,07 QUEENS,40.75364739727614,-73.81306406809013
32537341,2016-01-26T15:01:00.000,Snow,E9 Snow / Icy Sidewalk,Sidewalk,9411 SHORE ROAD,SHORE ROAD,94 STREET,RIDGE BOULEVARD,11209,BROOKLYN,BROOKLYN,10 BROOKLYN,40.61752284791016,-74.03896639258932
32537342,2016-01-26T15:15:00.000,Snow,E9 Snow / Icy Sidewalk,Sidewalk,27-08 HEALY AVENUE,HEALY AVENUE,BAY 25 STREET,HARTMAN LANE,11691,Far Rockaway,QUEENS,14 QUEENS,40.604224813444006,-73.76540884165094
32537343,2016-01-26T17:26:00.000,Snow,E9 Snow / Icy Sidewalk,Sidewalk,330 SAND LANE,SAND LANE,QUINCY AVENUE,OCEANSIDE AVENUE,10305,STATEN ISLAND,STATEN ISLAND,02 STATEN ISLAND,40.5918291298435,-74.06781389408383
32537344,2016-01-26T17:51:00.000,Snow,E9 Snow / Icy Sidewalk,Sidewalk,36-01 BROADWAY,BROADWAY,36 STREET,37 STREET,11106,Astoria,QUEENS,01 QUEENS,40.76008514233297,-73.92134451054882
32537349,2016-01-26T09:28:00.000,Snow,E9 Snow / Icy Sidewalk,Sidewalk,4335 HYLAN BOULEVARD,HYLAN BOULEVARD,SEACREST AVENUE,RIDGECREST AVENUE,10312,STATEN ISLAND,STATEN ISLAND,03 STATEN ISLAND,40.5349788608731,-74.15318363631644
32537351,2016-01-26T18:11:00.000,Snow,E9 Snow / Icy Sidewalk,Sidewalk,269 WEST   73 STREET,WEST   73 STREET,BROADWAY,WEST END AVENUE,10023,NEW YORK,MANHATTAN,07 MANHATTAN,40.78020501992653,-73.98328562509342
32537355,2016-01-26T07:08:00.000,Snow,E9 Snow / Icy Sidewalk,Sidewalk,1951 GLEASON AVENUE,GLEASON AVENUE,VIRGINIA AVENUE,PUGSLEY AVENUE,10472,BRONX,BRONX,09 BRONX,40.83084546514322,-73.85914398625485
32537386,2016-01-26T14:53:00.000,Snow,E9 Snow / Icy Sidewalk,Sidewalk,76 BUSHWICK AVENUE,BUSHWICK AVENUE,POWERS STREET,GRAND STREET,11211,BROOKLYN,BROOKLYN,01 BROOKLYN,40.71251108141751,-73.94097654472829
32537387,2016-01-26T14:49:00.000,Snow,E9 Snow / Icy Sidewalk,Sidewalk,350 ST ANNS AVENUE,ST ANNS AVENUE,EAST 141 STREET,EAST 142 STREET,10454,BRONX,BRONX,01 BRONX,40.80947817793993,-73.91575196452845
32537388,2016-01-26T14:46:00.000,Snow,E9 Snow / Icy Sidewalk,Sidewalk,,,,,11429,Queens Village,QUEENS,13 QUEENS,40.71211625164716,-73.73116906495804
32537407,2016-01-26T15:20:00.000,Snow,E9 Snow / Icy Sidewalk,Sidewalk,305 MAUJER STREET,MAUJER STREET,WATERBURY STREET,MORGAN AVENUE,11206,BROOKLYN,BROOKLYN,01 BROOKLYN,40.71205615812861,-73.93712816632242
32537408,2016-01-26T18:18:00.000,Snow,15S Re-Plow/Spread/Ice-Snow Cond.,Street,,,,,11368,Corona,QUEENS,04 QUEENS,40.74460424720612,-73.85561279313457
32537415,2016-01-26T14:41:00.000,Snow,E9 Snow / Icy Sidewalk,Sidewalk,195 GRAHAM AVENUE,GRAHAM AVENUE,SCHOLES STREET,STAGG STREET,11206,BROOKLYN,BROOKLYN,01 BROOKLYN,40.70887551927544,-73.94346494069258
32537416,2016-01-26T14:46:00.000,Snow,E9 Snow / Icy Sidewalk,Sidewalk,,,,,11205,BROOKLYN,BROOKLYN,02 BROOKLYN,40.6877507299809,-73.96978348340689
32537433,2016-01-26T15:21:00.000,Snow,E9 Snow / Icy Sidewalk,Sidewalk,27-08 HEALY AVENUE,HEALY AVENUE,BAY 25 STREET,HARTMAN LANE,11691,Far Rockaway,QUEENS,14 QUEENS,40.604224813444006,-73.76540884165094
32537434,2016-01-26T15:19:00.000,Snow,E9 Snow / Icy Sidewalk,Sidewalk,319 MAUJER STREET,MAUJER STREET,WATERBURY STREET,MORGAN AVENUE,11206,BROOKLYN,BROOKLYN,01 BROOKLYN,40.71216299039759,-73.93673849756254
32537435,2016-01-26T15:31:00.000,Snow,E9 Snow / Icy Sidewalk,Sidewalk,561 EAST    3 STREET,EAST    3 STREET,AVENUE C,CORTELYOU ROAD,11218,BROOKLYN,BROOKLYN,12 BROOKLYN,40.638618011184626,-73.97648954669586
32537773,2016-01-26T13:09:00.000,Snow,E9 Snow / Icy Sidewalk,Sidewalk,210 FINGERBOAR ROAD,FINGERBOAR ROAD,MERLE PLACE,HARVEY STREET,10305,STATEN ISLAND,STATEN ISLAND,01 STATEN ISLAND,40.60626927561795,-74.06821751180131
32537774,2016-01-26T13:03:00.000,Snow,E9 Snow / Icy Sidewalk,Sidewalk,,,,,11222,BROOKLYN,BROOKLYN,01 BROOKLYN,40.72653741066161,-73.95439268381736
32537775,2016-01-26T20:37:00.000,Snow,E9 Snow / Icy Sidewalk,Sidewalk,6583 NEW UTRECHT AVENUE,NEW UTRECHT AVENUE,65 STREET,66 STREET,11219,BROOKLYN,BROOKLYN,11 BROOKLYN,40.62305469821313,-73.99786744171388
32537780,2016-01-26T20:49:00.000,Snow,E9 Snow / Icy Sidewalk,Sidewalk,560 MADISON STREET,MADISON STREET,MARCUS GARVEY BOULEVARD,LEWIS AVENUE,11221,BROOKLYN,BROOKLYN,03 BROOKLYN,40.686370099244876,-73.93617163024199
32537781,2016-01-26T13:22:00.000,Snow,E9 Snow / Icy Sidewalk,Sidewalk,150-50 NORTHERN BOULEVARD,NORTHERN BOULEVARD,150 PLACE,MURRAY STREET,11354,Flushing,QUEENS,07 QUEENS,40.76513249665941,-73.8137213396566
32537782,2016-01-26T14:12:00.000,Snow,E9 Snow / Icy Sidewalk,Sidewalk,523 NOSTRAND AVENUE,NOSTRAND AVENUE,HERKIMER STREET,HERKIMER PLACE,11216,BROOKLYN,BROOKLYN,03 BROOKLYN,40.67941601785785,-73.94959375479831
32537783,2016-01-26T08:57:00.000,Snow,E9 Snow / Icy Sidewalk,Sidewalk,648 61 STREET,61 STREET,6 AVENUE,7 AVENUE,11220,BROOKLYN,BROOKLYN,07 BROOKLYN,40.63690962167888,-74.01348618745261
32537789,2016-01-26T13:11:00.000,Snow,E9 Snow / Icy Sidewalk,Sidewalk,,,,,10457,BRONX,BRONX,04 BRONX,40.84368761707669,-73.90765971926908
32537791,2016-01-26T02:13:00.000,Snow,E9 Snow / Icy Sidewalk,Sidewalk,238 ARLINGTON AVENUE,ARLINGTON AVENUE,ASHFORD STREET,CLEVELAND STREET,11207,BROOKLYN,BROOKLYN,05 BROOKLYN,40.68063593758136,-73.88601148967327
32537792,2016-01-26T05:41:00.000,Snow,E9 Snow / Icy Sidewalk,Sidewalk,77-30 MAIN STREET,MAIN STREET,77 ROAD,78 AVENUE,11367,Flushing,QUEENS,08 QUEENS,40.72055722885118,-73.81861513899287
32537793,2016-01-26T20:54:00.000,Snow,E9 Snow / Icy Sidewalk,Sidewalk,115 OCEAN AVENUE,OCEAN AVENUE,EAST LAKE DRIVE,EAST DRIVE,11225,BROOKLYN,BROOKLYN,09 BROOKLYN,40.66000721312775,-73.96272082878045
32537794,2016-01-26T20:48:00.000,Snow,E9 Snow / Icy Sidewalk,Sidewalk,279 MALCOLM X BOULEVARD,MALCOLM X BOULEVARD,MACON STREET,MAC DONOUGH STREET,11233,BROOKLYN,BROOKLYN,03 BROOKLYN,40.68281417553181,-73.92902167494073
32537795,2016-01-26T08:42:00.000,Snow,E9 Snow / Icy Sidewalk,Sidewalk,12-33 CORNAGA AVENUE,CORNAGA AVENUE,BEACH 12 STREET,GATEWAY BOULEVARD,11691,Far Rockaway,QUEENS,14 QUEENS,40.6031674071977,-73.74698503577811
32537796,2016-01-26T08:35:00.000,Snow,E9 Snow / Icy Sidewalk,Sidewalk,71-17 AUSTIN STREET,AUSTIN STREET,71 AVENUE,71 ROAD,11375,Forest Hills,QUEENS,06 QUEENS,40.7199606550637,-73.8442014279176
32537797,2016-01-26T09:12:00.000,Snow,E9 Snow / Icy Sidewalk,Sidewalk,21-16 JACKSON AVENUE,JACKSON AVENUE,ARCH STREET,46 ROAD,11101,Long Island City,QUEENS,02 QUEENS,40.74485869619742,-73.94804294690935
32537799,2016-01-26T13:36:00.000,Snow,E9 Snow / Icy Sidewalk,Sidewalk,117 HAWLEY AVENUE,HAWLEY AVENUE,BEND,WOODHULL AVENUE,10312,STATEN ISLAND,STATEN ISLAND,03 STATEN ISLAND,40.53061843841854,-74.19580547787638
32537800,2016-01-26T13:33:00.000,Snow,E9 Snow / Icy Sidewalk,Sidewalk,43-06 47 STREET,47 STREET,43 AVENUE,QUEENS BOULEVARD,11104,Sunnyside,QUEENS,02 QUEENS,40.744489533267895,-73.91749061411508
32537801,2016-01-26T13:55:00.000,Snow,E9 Snow / Icy Sidewalk,Sidewalk,251 MALDEN PLACE,MALDEN PLACE,HYLAN BOULEVARD,BEND,10306,STATEN ISLAND,STATEN ISLAND,03 STATEN ISLAND,40.56244204976058,-74.11706195670833
32537802,2016-01-26T09:57:00.000,Snow,E9 Snow / Icy Sidewalk,Sidewalk,613 BUSHWICK AVENUE,BUSHWICK AVENUE,MELROSE STREET,JEFFERSON STREET,11206,BROOKLYN,BROOKLYN,04 BROOKLYN,40.698407560246245,-73.93421988036695
32537808,2016-01-26T22:57:00.000,Snow,E9 Snow / Icy Sidewalk,Sidewalk,24-64 27 STREET,27 STREET,24 AVENUE,HOYT AVENUE,11102,Astoria,QUEENS,01 QUEENS,40.77275891044082,-73.91924634416988
32537809,2016-01-26T14:09:00.000,Snow,E9 Snow / Icy Sidewalk,Sidewalk,2501 86 STREET,86 STREET,25 AVENUE,BAY 40 STREET,11214,BROOKLYN,BROOKLYN,11 BROOKLYN,40.59786501220483,-73.98707624276909
32537810,2016-01-26T14:06:00.000,Snow,E9 Snow / Icy Sidewalk,Sidewalk,,,,,11234,BROOKLYN,BROOKLYN,18 BROOKLYN,40.630807873103464,-73.92330543807948
32537816,2016-01-26T23:20:00.000,Snow,E9 Snow / Icy Sidewalk,Sidewalk,1264 PRESIDENT STREET,PRESIDENT STREET,NOSTRAND AVENUE,NEW YORK AVENUE,11225,BROOKLYN,BROOKLYN,09 BROOKLYN,40.66792575125203,-73.94816415554173
32537817,2016-01-26T23:53:00.000,Snow,E9 Snow / Icy Sidewalk,Sidewalk,80-30 169 STREET,169 STREET,UNION TURNPIKE,81 AVENUE,11432,Jamaica,QUEENS,08 QUEENS,40.72268223929674,-73.79911340923361
32537819,2016-01-26T08:36:00.000,Snow,E9 Snow / Icy Sidewalk,Sidewalk,,,,,11364,Oakland Gardens,QUEENS,11 QUEENS,40.74615605296322,-73.75158477014712
32537820,2016-01-26T10:18:00.000,Snow,E9 Snow / Icy Sidewalk,Sidewalk,110-06 JAMAICA AVENUE,JAMAICA AVENUE,110 STREET,111 STREET,11418,Richmond Hill,QUEENS,09 QUEENS,40.6964455815476,-73.83777231276314
32537822,2016-01-26T09:00:00.000,Snow,E9 Snow / Icy Sidewalk,Sidewalk,566 PUGSLEY AVENUE,PUGSLEY AVENUE,CAESAR PLACE,RANDALL AVENUE,10473,BRONX,BRONX,09 BRONX,40.8175847718902,-73.85396596698477
32537823,2016-01-26T09:57:00.000,Snow,E9 Snow / Icy Sidewalk,Sidewalk,,,,,11238,BROOKLYN,BROOKLYN,02 BROOKLYN,40.6821623400272,-73.96059562768629
32537824,2016-01-26T10:34:00.000,Snow,E9 Snow / Icy Sidewalk,Sidewalk,2075 FIRST AVENUE,FIRST AVENUE,EAST 107 STREET,EAST 108 STREET,10029,NEW YORK,MANHATTAN,11 MANHATTAN,40.790376074849995,-73.93953159004569
32537827,2016-01-26T09:50:00.000,Snow,E9 Snow / Icy Sidewalk,Sidewalk,163 CLINTON AVENUE,CLINTON AVENUE,CASSIDY PLACE,HENDERSON AVENUE,10301,STATEN ISLAND,STATEN ISLAND,01 STATEN ISLAND,40.64067849003106,-74.09791462240895
32537828,2016-01-26T09:46:00.000,Snow,E9 Snow / Icy Sidewalk,Sidewalk,,,,,10002,NEW YORK,MANHATTAN,03 MANHATTAN,40.709805868775554,-73.99190953813475
32537829,2016-01-26T11:04:00.000,Snow,E9 Snow / Icy Sidewalk,Sidewalk,1093 SHEEPSHEAD BAY ROAD,SHEEPSHEAD BAY ROAD,AVENUE W,AVENUE X,11229,BROOKLYN,BROOKLYN,15 BROOKLYN,40.59325243091565,-73.95838326189866
32537830,2016-01-26T09:32:00.000,Snow,E9 Snow / Icy Sidewalk,Sidewalk,949 METROPOLITAN AVENUE,METROPOLITAN AVENUE,OLIVE STREET,CATHERINE STREET,11211,BROOKLYN,BROOKLYN,01 BROOKLYN,40.71455968404074,-73.93768492713282
32537833,2016-01-26T10:18:00.000,Snow,E9 Snow / Icy Sidewalk,Sidewalk,2024 EAST   21 STREET,EAST   21 STREET,AVENUE S,AVENUE T,11229,BROOKLYN,BROOKLYN,15 BROOKLYN,40.60321043029124,-73.951088177022
32537834,2016-01-26T10:04:00.000,Snow,E9 Snow / Icy Sidewalk,Sidewalk,94 CLAY STREET,CLAY STREET,MANHATTAN AVENUE,MC GUINNESS BOULEVARD,11222,BROOKLYN,BROOKLYN,01 BROOKLYN,40.73662177791506,-73.9547394078896
32537836,2016-01-26T13:04:00.000,Snow,E9 Snow / Icy Sidewalk,Sidewalk,867 GREENE AVENUE,GREENE AVENUE,STUYVESANT AVENUE,MALCOLM X BOULEVARD,11221,BROOKLYN,BROOKLYN,03 BROOKLYN,40.690518292449006,-73.93283216463001
32537837,2016-01-26T10:49:00.000,Snow,E9 Snow / Icy Sidewalk,Sidewalk,42-22 FORLEY STREET,FORLEY STREET,WHITNEY AVENUE,LAMONT AVENUE,11373,Elmhurst,QUEENS,04 QUEENS,40.74517608805704,-73.87520067270172
32537839,2016-01-26T19:40:00.000,Snow,E9 Snow / Icy Sidewalk,Sidewalk,,,,,11207,BROOKLYN,BROOKLYN,04 BROOKLYN,40.685128328920015,-73.9064226075785
32537840,2016-01-26T11:01:00.000,Snow,E9 Snow / Icy Sidewalk,Sidewalk,1200 GRAND STREET,GRAND STREET,STEWART AVENUE,GARDNER AVENUE,11211,BROOKLYN,BROOKLYN,01 BROOKLYN,40.71504825966287,-73.92826950269023
32537843,2016-01-26T07:39:00.000,Snow,E9 Snow / Icy Sidewalk,Sidewalk,,,,,10314,STATEN ISLAND,STATEN ISLAND,01 STATEN ISLAND,40.61578814421542,-74.1362167946834
32537844,2016-01-26T13:00:00.000,Snow,E9 Snow / Icy Sidewalk,Sidewalk,1592 FIRST AVENUE,FIRST AVENUE,EAST 82 STREET,EAST 83 STREET,10028,NEW YORK,MANHATTAN,08 MANHATTAN,40.77473101320093,-73.95092970264204
32537848,2016-01-26T13:55:00.000,Snow,E9 Snow / Icy Sidewalk,Sidewalk,,,,,10463,BRONX,BRONX,Unspecified BRONX,40.87880138304864,-73.91976483979569
32537849,2016-01-26T07:33:00.000,Snow,E9 Snow / Icy Sidewalk,Sidewalk,1900 SCHIEFFELIN AVENUE,SCHIEFFELIN AVENUE,EAST 226 DRIVE,EAST 229 STREET,10466,BRONX,BRONX,12 BRONX,40.884183456449705,-73.84431203291544
32537852,2016-01-26T03:06:00.000,Snow,E9 Snow / Icy Sidewalk,Sidewalk,1480 SHERIDAN EXPRESSWAY,SHERIDAN EXPRESSWAY,WESTCHESTER AVENUE,BEND,10459,BRONX,BRONX,09 BRONX,40.83009206126407,-73.8851592191569
32537853,2016-01-26T20:34:00.000,Snow,E9 Snow / Icy Sidewalk,Sidewalk,,,,,11235,BROOKLYN,BROOKLYN,15 BROOKLYN,40.58406512308079,-73.93396528425252
32537855,2016-01-26T14:13:00.000,Snow,E9 Snow / Icy Sidewalk,Sidewalk,3915 FLATLAND AVENUE,FLATLAND AVENUE,HARDEN STREET,EAST 43 STREET,11234,BROOKLYN,BROOKLYN,18 BROOKLYN,40.622039491771666,-73.93413664474258
32537856,2016-01-26T14:08:00.000,Snow,E9 Snow / Icy Sidewalk,Sidewalk,14 SAINT LUKES PLACE,SAINT LUKES PLACE,HUDSON STREET,LEROY STREET,10014,NEW YORK,MANHATTAN,02 MANHATTAN,40.73014192647105,-74.00581623029623
32537857,2016-01-26T14:27:00.000,Snow,E9 Snow / Icy Sidewalk,Sidewalk,103-24 170 STREET,170 STREET,LIBERTY AVENUE,104 AVENUE,11433,Jamaica,QUEENS,12 QUEENS,40.70310889656607,-73.78817577609277
32537858,2016-01-26T08:18:00.000,Snow,E9 Snow / Icy Sidewalk,Sidewalk,758 POST AVENUE,POST AVENUE,CARY AVENUE,GREENLEAF AVENUE,10310,STATEN ISLAND,STATEN ISLAND,01 STATEN ISLAND,40.63123555151668,-74.12687759748677
32537859,2016-01-26T08:56:00.000,Snow,E9 Snow / Icy Sidewalk,Sidewalk,340 74 STREET,74 STREET,3 AVENUE,4 AVENUE,11209,BROOKLYN,BROOKLYN,10 BROOKLYN,40.63186522309687,-74.02632904337993
32537861,2016-01-26T13:41:00.000,Snow,E9 Snow / Icy Sidewalk,Sidewalk,49 WYCKOFF AVENUE,WYCKOFF AVENUE,STARR STREET,WILLOUGHBY AVENUE,11237,BROOKLYN,BROOKLYN,04 BROOKLYN,40.7059204485787,-73.92179434556613
32537862,2016-01-26T07:29:00.000,Snow,E9 Snow / Icy Sidewalk,Sidewalk,,,,,11233,BROOKLYN,BROOKLYN,03 BROOKLYN,40.68349849847838,-73.93515400522416
32537863,2016-01-26T07:27:00.000,Snow,E9 Snow / Icy Sidewalk,Sidewalk,3696 SHORE PARKWAY,SHORE PARKWAY,NOSTRAND AVENUE,HARING STREET,11235,BROOKLYN,BROOKLYN,15 BROOKLYN,40.58545389963752,-73.93875226635407
32537865,2016-01-26T13:56:00.000,Snow,E9 Snow / Icy Sidewalk,Sidewalk,81-11 PETTIT AVENUE,PETTIT AVENUE,BEND,LAYTON STREET,11373,Elmhurst,QUEENS,04 QUEENS,40.74366173978019,-73.88379249837112
32537869,2016-01-26T23:16:00.000,Snow,E9 Snow / Icy Sidewalk,Sidewalk,1973 UNION STREET,UNION STREET,PORTAL STREET,RALPH AVENUE,11233,BROOKLYN,BROOKLYN,08 BROOKLYN,40.66739575798722,-73.92317325092529
32537870,2016-01-26T22:38:00.000,Snow,E9 Snow / Icy Sidewalk,Sidewalk,38-24 149 STREET,149 STREET,38 AVENUE,ROOSEVELT AVENUE,11354,Flushing,QUEENS,07 QUEENS,40.76405320048177,-73.81676391800593
32537873,2016-01-26T08:35:00.000,Snow,E9 Snow / Icy Sidewalk,Sidewalk,,,,,11223,BROOKLYN,BROOKLYN,15 BROOKLYN,40.59286870782657,-73.96877502396744
32537874,2016-01-26T09:29:00.000,Snow,E9 Snow / Icy Sidewalk,Sidewalk,6124 AVENUE T,AVENUE T,EAST 61 STREET,MILL AVENUE,11234,BROOKLYN,BROOKLYN,18 BROOKLYN,40.61671117056943,-73.91622578600102
32537879,2016-01-26T23:23:00.000,Snow,E9 Snow / Icy Sidewalk,Sidewalk,47-71 194 STREET,194 STREET,BEND,48 AVENUE,11358,Flushing,QUEENS,11 QUEENS,40.750894670550856,-73.78637802548609
32537880,2016-01-26T08:23:00.000,Snow,E9 Snow / Icy Sidewalk,Sidewalk,85-34 161 STREET,161 STREET,85 AVENUE,NORMAL ROAD,11432,Jamaica,QUEENS,08 QUEENS,40.71187023888494,-73.8036765164716
32537886,2016-01-26T09:40:00.000,Snow,E9 Snow / Icy Sidewalk,Sidewalk,34 VAN CORLEAR PLACE,VAN CORLEAR PLACE,BEND,BEND,10463,NEW YORK,MANHATTAN,08 BRONX,40.876519525157484,-73.91089386028452
32537887,2016-01-26T23:46:00.000,Snow,E9 Snow / Icy Sidewalk,Sidewalk,42-11 218 STREET,218 STREET,DEAD END,43 AVENUE,11361,Bayside,QUEENS,11 QUEENS,40.76267049848425,-73.76428763821346
32537888,2016-01-26T08:40:00.000,Snow,E9 Snow / Icy Sidewalk,Sidewalk,52-14 39 AVENUE,39 AVENUE,52 STREET,WOODSIDE AVENUE,11377,Woodside,QUEENS,02 QUEENS,40.74863223011338,-73.9112742454325
32537895,2016-01-26T08:38:00.000,Snow,E9 Snow / Icy Sidewalk,Sidewalk,388 STATE STREET,STATE STREET,HOYT STREET,BOND STREET,11217,BROOKLYN,BROOKLYN,02 BROOKLYN,40.68742971250874,-73.98407691014724
32537896,2016-01-26T08:34:00.000,Snow,E9 Snow / Icy Sidewalk,Sidewalk,1520 SILVER STREET,SILVER STREET,BEND,ROSELLE STREET,10461,BRONX,BRONX,10 BRONX,40.84342084826476,-73.8476421712844
32537908,2016-01-26T09:30:00.000,Snow,E9 Snow / Icy Sidewalk,Sidewalk,30-96 STEINWAY STREET,STEINWAY STREET,30 AVENUE,31 AVENUE,11103,Astoria,QUEENS,01 QUEENS,40.76178089299274,-73.91672557538874
32537909,2016-01-26T09:49:00.000,Snow,E9 Snow / Icy Sidewalk,Sidewalk,639 64 STREET,64 STREET,6 AVENUE,7 AVENUE,11220,BROOKLYN,BROOKLYN,10 BROOKLYN,40.63534211132638,-74.01537382052416
32537910,2016-01-26T09:35:00.000,Snow,E9 Snow / Icy Sidewalk,Sidewalk,111-39 77 AVENUE,77 AVENUE,KEW FOREST LANE,QUEENS BOULEVARD,11375,Forest Hills,QUEENS,06 QUEENS,40.71558538703864,-73.83429157626364
32537924,2016-01-26T10:55:00.000,Snow,E9 Snow / Icy Sidewalk,Sidewalk,144-22 182 PLACE,182 PLACE,144 AVENUE,DEAD END,11413,Springfield Gardens,QUEENS,12 QUEENS,40.66751504995909,-73.76174735272075
32537925,2016-01-26T11:04:00.000,Snow,E9 Snow / Icy Sidewalk,Sidewalk,1981 JEROME AVENUE,JEROME AVENUE,EAST TREMONT AVENUE,EAST 179 STREET,10453,BRONX,BRONX,05 BRONX,40.8522876677798,-73.90877195509643
32537935,2016-01-26T10:53:00.000,Snow,E9 Snow / Icy Sidewalk,Sidewalk,,,,,11223,BROOKLYN,BROOKLYN,11 BROOKLYN,40.595986920207835,-73.9822118792914
32537943,2016-01-26T11:07:00.000,Snow,E9 Snow / Icy Sidewalk,Sidewalk,130 MCGUINNESS BOULEVARD,MCGUINNESS BOULEVARD,NORMAN AVENUE,MESEROLE AVENUE,11222,BROOKLYN,BROOKLYN,01 BROOKLYN,40.72692785323566,-73.94946401177447
32537944,2016-01-26T11:06:00.000,Snow,E9 Snow / Icy Sidewalk,Sidewalk,190 PROSPECT PARK WEST,PROSPECT PARK WEST,14 STREET,BEND,11215,BROOKLYN,BROOKLYN,06 BROOKLYN,40.661301494541135,-73.97961734515027
32537946,2016-01-26T11:03:00.000,Snow,E9 Snow / Icy Sidewalk,Sidewalk,1020 GRAND CONCOURSE,GRAND CONCOURSE,EAST 164 STREET,EAST 165 STREET,10451,BRONX,BRONX,04 BRONX,40.830292216794476,-73.92079898592348
32537947,2016-01-26T11:03:00.000,Snow,E9 Snow / Icy Sidewalk,Sidewalk,462 WEST   23 STREET,WEST   23 STREET,9 AVENUE,10 AVENUE,10011,NEW YORK,MANHATTAN,04 MANHATTAN,40.74719517860273,-74.00301352075795
32538222,2016-01-26T12:42:00.000,Snow,E9 Snow / Icy Sidewalk,Sidewalk,,,,,11221,BROOKLYN,BROOKLYN,04 BROOKLYN,40.68992462445873,-73.92280833763239
32538224,2016-01-26T18:44:00.000,Snow,E9 Snow / Icy Sidewalk,Sidewalk,125-01 5 AVENUE,5 AVENUE,125 STREET,126 STREET,11356,College Point,QUEENS,07 QUEENS,40.79256517298204,-73.84248219641303
32538225,2016-01-26T18:42:00.000,Snow,E9 Snow / Icy Sidewalk,Sidewalk,709 MCDONOUGH STREET,MCDONOUGH STREET,HOWARD AVENUE,SARATOGA AVENUE,11233,BROOKLYN,BROOKLYN,03 BROOKLYN,40.68394883253269,-73.91822173926414
32538227,2016-01-26T12:30:00.000,Snow,E9 Snow / Icy Sidewalk,Sidewalk,1135 EAST   84 STREET,EAST   84 STREET,AVENUE K,AVENUE L,11236,BROOKLYN,BROOKLYN,18 BROOKLYN,40.63346843910984,-73.90598344085967
32538228,2016-01-26T14:40:00.000,Snow,E9 Snow / Icy Sidewalk,Sidewalk,207 BAINBRIDGE STREET,BAINBRIDGE STREET,STUYVESANT AVENUE,MALCOLM X BOULEVARD,11233,BROOKLYN,BROOKLYN,03 BROOKLYN,40.68118119624488,-73.92928300436417
32538230,2016-01-26T21:08:00.000,Snow,15S Re-Plow/Spread/Ice-Snow Cond.,Street,102-29 188 STREET,188 STREET,HENDERSON AVENUE,104 AVENUE,11423,Hollis,QUEENS,12 QUEENS,40.70773654732909,-73.76958202128267
32538231,2016-01-26T23:24:00.000,Snow,E9 Snow / Icy Sidewalk,Sidewalk,,,,,,,BROOKLYN,17 BROOKLYN,,
32538234,2016-01-26T20:54:00.000,Snow,15S Re-Plow/Spread/Ice-Snow Cond.,Street,7220 72 COURT,72 COURT,72 STREET,DEAD END,11209,BROOKLYN,BROOKLYN,10 BROOKLYN,40.63564474098704,-74.0365665844423
32538235,2016-01-26T21:41:00.000,Snow,15S Re-Plow/Spread/Ice-Snow Cond.,Street,60-60 75 STREET,75 STREET,BEND,DEAD END,11379,Middle Village,QUEENS,05 QUEENS,40.72342927619039,-73.8856713243105
32538236,2016-01-26T23:20:00.000,Snow,E9 Snow / Icy Sidewalk,Sidewalk,,,,,11203,BROOKLYN,BROOKLYN,17 BROOKLYN,40.64818115517354,-73.92999907169808
32538272,2016-01-26T11:25:00.000,Snow,E9 Snow / Icy Sidewalk,Sidewalk,,,,,11211,BROOKLYN,BROOKLYN,01 BROOKLYN,40.714532924457984,-73.94438720253557
32538273,2016-01-26T11:24:00.000,Snow,E9 Snow / Icy Sidewalk,Sidewalk,,,,,11211,BROOKLYN,BROOKLYN,01 BROOKLYN,40.71522740281586,-73.94449844865954
32538274,2016-01-26T11:20:00.000,Snow,E9 Snow / Icy Sidewalk,Sidewalk,,,,,11211,BROOKLYN,BROOKLYN,01 BROOKLYN,40.715938351298085,-73.94461329072944
32538317,2016-01-26T11:42:00.000,Snow,E9 Snow / Icy Sidewalk,Sidewalk,161 FILLMORE STREET,FILLMORE STREET,FRANKLIN AVENUE,LAFAYETTE AVENUE,10301,STATEN ISLAND,STATEN ISLAND,01 STATEN ISLAND,40.64375058539547,-74.09380763531244
32538318,2016-01-26T12:28:00.000,Snow,E9 Snow / Icy Sidewalk,Sidewalk,609 KAPPOCK STREET,KAPPOCK STREET,HENRY HUDSON PARKWAY ET 18 NB,HENRY HUDSON PARKWAY,10463,BRONX,BRONX,08 BRONX,40.87976003124861,-73.91694665976257
32538325,2016-01-26T13:30:00.000,Snow,E9 Snow / Icy Sidewalk,Sidewalk,108-14 ASTORIA BOULEVARD,ASTORIA BOULEVARD,108 STREET,110 STREET,11369,East Elmhurst,QUEENS,03 QUEENS,40.76031596084839,-73.86069010117349
32538336,2016-01-26T19:05:00.000,Snow,E9 Snow / Icy Sidewalk,Sidewalk,,,,,11226,BROOKLYN,BROOKLYN,17 BROOKLYN,40.640767549311825,-73.95140655947002
32538337,2016-01-26T19:46:00.000,Snow,15S Re-Plow/Spread/Ice-Snow Cond.,Street,,,,,10033,NEW YORK,MANHATTAN,12 MANHATTAN,40.84735682050765,-73.93517137747149
32538338,2016-01-26T20:58:00.000,Snow,E9 Snow / Icy Sidewalk,Sidewalk,,,,,10009,NEW YORK,MANHATTAN,03 MANHATTAN,40.723506132494684,-73.97928084059959
32538339,2016-01-26T21:00:00.000,Snow,15S Re-Plow/Spread/Ice-Snow Cond.,Street,50 RUXTON AVENUE,RUXTON AVENUE,WOODROW ROAD,VESPA AVENUE,10312,STATEN ISLAND,STATEN ISLAND,03 STATEN ISLAND,40.54965242333236,-74.19006431947196
32538340,2016-01-26T21:20:00.000,Snow,15S Re-Plow/Spread/Ice-Snow Cond.,Street,,,,,11361,Bayside,QUEENS,11 QUEENS,40.76970710258118,-73.78930695808828
32538344,2016-01-26T13:04:00.000,Snow,E9 Snow / Icy Sidewalk,Sidewalk,205 BAY   23 STREET,BAY   23 STREET,BATH AVENUE,CROPSEY AVENUE,11214,BROOKLYN,BROOKLYN,11 BROOKLYN,40.60101672237048,-74.00318337716448
32538345,2016-01-26T13:18:00.000,Snow,E9 Snow / Icy Sidewalk,Sidewalk,1311 55 STREET,55 STREET,NEW UTRECHT AVENUE,14 AVENUE,11219,BROOKLYN,BROOKLYN,12 BROOKLYN,40.631305447265404,-73.99499939721518
32538346,2016-01-26T13:49:00.000,Snow,E9 Snow / Icy Sidewalk,Sidewalk,,,,,10303,STATEN ISLAND,STATEN ISLAND,01 STATEN ISLAND,40.62590808624154,-74.15576274635283
32538347,2016-01-26T14:25:00.000,Snow,E9 Snow / Icy Sidewalk,Sidewalk,1535 EAST  172 STREET,EAST  172 STREET,ELDER AVENUE,BOYNTON AVENUE,10472,BRONX,BRONX,09 BRONX,40.831235939243854,-73.87913342581284
32538348,2016-01-26T14:43:00.000,Snow,E9 Snow / Icy Sidewalk,Sidewalk,404 AVENUE C,AVENUE C,EAST 4 STREET,EAST 5 STREET,11218,BROOKLYN,BROOKLYN,12 BROOKLYN,40.6406709637649,-73.97577898399487
32538349,2016-01-26T18:21:00.000,Snow,15S Re-Plow/Spread/Ice-Snow Cond.,Street,,,,,11354,Flushing,QUEENS,07 QUEENS,40.76366774405114,-73.82302455739344
32538358,2016-01-26T20:43:00.000,Snow,E9 Snow / Icy Sidewalk,Sidewalk,27-47 GILMORE STREET,GILMORE STREET,27 AVENUE,29 AVENUE,11369,East Elmhurst,QUEENS,03 QUEENS,40.76380074482565,-73.86676912232124
32538359,2016-01-26T12:10:00.000,Snow,15S Re-Plow/Spread/Ice-Snow Cond.,Street,149 29 STREET,29 STREET,3 AVENUE,4 AVENUE,11232,BROOKLYN,BROOKLYN,07 BROOKLYN,40.658712222985294,-74.00110649550902
32538372,2016-01-26T15:50:00.000,Snow,15S Re-Plow/Spread/Ice-Snow Cond.,Street,97-27 DREW STREET,DREW STREET,97 AVENUE,101 AVENUE,11416,Ozone Park,QUEENS,09 QUEENS,40.68025743521465,-73.86356499077104
32538379,2016-01-26T10:30:00.000,Snow,E9 Snow / Icy Sidewalk,Sidewalk,,,,,10065,NEW YORK,MANHATTAN,08 MANHATTAN,40.76734287488971,-73.96867156292758
32538381,2016-01-26T11:09:00.000,Snow,E9 Snow / Icy Sidewalk,Sidewalk,,,,,11237,BROOKLYN,BROOKLYN,01 BROOKLYN,40.707675732863365,-73.92385180828114
32538391,2016-01-25T18:30:00.000,Snow,E9 Snow / Icy Sidewalk,Sidewalk,366 NEAL DOW AVENUE,NEAL DOW AVENUE,SEWARD PLACE,DEAD END,10314,STATEN ISLAND,STATEN ISLAND,01 STATEN ISLAND,40.61463219880809,-74.1365422037019
32538392,2016-01-26T11:07:00.000,Snow,E9 Snow / Icy Sidewalk,Sidewalk,,,,,10458,BRONX,BRONX,06 BRONX,40.85752477316438,-73.88178966883191
32538589,2016-01-26T11:23:00.000,Snow,E9 Snow / Icy Sidewalk,Sidewalk,,,,,11385,Ridgewood,QUEENS,05 QUEENS,40.7134360405213,-73.9146685602304
32538590,2016-01-26T11:36:00.000,Snow,E9 Snow / Icy Sidewalk,Sidewalk,21-54 28 STREET,28 STREET,21 AVENUE,DITMARS BOULEVARD,11105,Astoria,QUEENS,01 QUEENS,40.77807250164319,-73.91146971244736
32538591,2016-01-26T18:58:00.000,Snow,15S Re-Plow/Spread/Ice-Snow Cond.,Street,,,,,11357,Whitestone,QUEENS,07 QUEENS,40.77944408096165,-73.80898731089363
32538593,2016-01-26T11:22:00.000,Snow,E9 Snow / Icy Sidewalk,Sidewalk,149 KELVIN AVENUE,KELVIN AVENUE,DURANT AVENUE,DEAD END,10306,STATEN ISLAND,STATEN ISLAND,03 STATEN ISLAND,40.55367103132183,-74.13340203251843
32538594,2016-01-26T11:35:00.000,Snow,E9 Snow / Icy Sidewalk,Sidewalk,97-07 133 AVENUE,133 AVENUE,97 STREET,HAWTREE STREET,11417,Ozone Park,QUEENS,10 QUEENS,40.67627702642902,-73.83977177278862
32538597,2016-01-26T18:52:00.000,Snow,E9 Snow / Icy Sidewalk,Sidewalk,43-07 20 ROAD,20 ROAD,43 STREET,45 STREET,11105,Astoria,QUEENS,01 QUEENS,40.77386967443655,-73.90059700008779
32538598,2016-01-26T18:47:00.000,Snow,E9 Snow / Icy Sidewalk,Sidewalk,101 FLUSHING AVENUE,FLUSHING AVENUE,CARLTON AVENUE,ADELPHI STREET,11205,BROOKLYN,BROOKLYN,02 BROOKLYN,40.69794289621948,-73.97316882451979
32538599,2016-01-26T18:45:00.000,Snow,E9 Snow / Icy Sidewalk,Sidewalk,179 ELIZABETH STREET,ELIZABETH STREET,DELAFIELD AVENUE,MYRTLE AVENUE,10310,STATEN ISLAND,STATEN ISLAND,01 STATEN ISLAND,40.62963216989159,-74.11958998492244
32538600,2016-01-26T11:50:00.000,Snow,E9 Snow / Icy Sidewalk,Sidewalk,1420 AVENUE H,AVENUE H,EAST 14 STREET,EAST 15 STREET,11230,BROOKLYN,BROOKLYN,14 BROOKLYN,40.6298722986961,-73.96295742419309
32538602,2016-01-26T19:15:00.000,Snow,E9 Snow / Icy Sidewalk,Sidewalk,144-49 167 STREET,167 STREET,144 AVENUE,144 DRIVE,11434,Jamaica,QUEENS,13 QUEENS,40.66526286669334,-73.77605118689871
32538605,2016-01-26T19:19:00.000,Snow,E9 Snow / Icy Sidewalk,Sidewalk,97-01 ATLANTIC AVENUE,ATLANTIC AVENUE,97 STREET,98 STREET,11421,Woodhaven,QUEENS,09 QUEENS,40.68903471538596,-73.84577372793304
32538606,2016-01-26T20:16:00.000,Snow,E9 Snow / Icy Sidewalk,Sidewalk,226 EAST   21 STREET,EAST   21 STREET,KENMORE TERRACE,ALBEMARLE TERRACE,11226,BROOKLYN,BROOKLYN,14 BROOKLYN,40.64891179905966,-73.95973596493002
32538608,2016-01-26T20:27:00.000,Snow,E9 Snow / Icy Sidewalk,Sidewalk,149-12 38 AVENUE,38 AVENUE,149 STREET,149 PLACE,11354,Flushing,QUEENS,07 QUEENS,40.764406736976845,-73.81642722024904
32538612,2016-01-26T12:30:00.000,Snow,E9 Snow / Icy Sidewalk,Sidewalk,250-03 87 DRIVE,87 DRIVE,250 STREET,251 STREET,11426,Bellerose,QUEENS,13 QUEENS,40.72888755121298,-73.71548583811126
32538613,2016-01-26T12:59:00.000,Snow,E9 Snow / Icy Sidewalk,Sidewalk,,,,,11372,Jackson Heights,QUEENS,03 QUEENS,40.75680390993968,-73.8736556649799
32538622,2016-01-26T07:50:00.000,Snow,E9 Snow / Icy Sidewalk,Sidewalk,142-11 HOOK CREEK BOULEVARD,HOOK CREEK BOULEVARD,253 STREET,139 AVENUE,11422,Rosedale,QUEENS,13 QUEENS,40.66191139655687,-73.72882307797553
32538624,2016-01-26T07:59:00.000,Snow,E9 Snow / Icy Sidewalk,Sidewalk,412 WEST  129 STREET,WEST  129 STREET,ST NICHOLAS TERRACE,CONVENT AVENUE,10027,NEW YORK,MANHATTAN,09 MANHATTAN,40.81383013037101,-73.95197743543
32538625,2016-01-26T07:57:00.000,Snow,E9 Snow / Icy Sidewalk,Sidewalk,,,,,11236,BROOKLYN,BROOKLYN,18 BROOKLYN,40.64211483928761,-73.90305977111639
32538626,2016-01-26T07:52:00.000,Snow,E9 Snow / Icy Sidewalk,Sidewalk,142-13 HOOK CREEK BOULEVARD,HOOK CREEK BOULEVARD,253 STREET,139 AVENUE,11422,Rosedale,QUEENS,13 QUEENS,40.6618646930483,-73.72880524579983
32538627,2016-01-26T07:50:00.000,Snow,E9 Snow / Icy Sidewalk,Sidewalk,,,,,10314,STATEN ISLAND,STATEN ISLAND,02 STATEN ISLAND,40.589039395629506,-74.15206908413988
32538630,2016-01-26T08:38:00.000,Snow,E9 Snow / Icy Sidewalk,Sidewalk,3210 RADCLIFF AVENUE,RADCLIFF AVENUE,BURKE AVENUE,DUNCAN STREET,10469,BRONX,BRONX,12 BRONX,40.87171286701444,-73.86034463031838
32538632,2016-01-26T14:20:00.000,Snow,E9 Snow / Icy Sidewalk,Sidewalk,178-29 107 AVENUE,107 AVENUE,RUSCOE STREET,DEAD END,11433,Jamaica,QUEENS,12 QUEENS,40.702031837041076,-73.77883096128564
32538633,2016-01-26T14:19:00.000,Snow,E9 Snow / Icy Sidewalk,Sidewalk,2084 BRONX PARK EAST,BRONX PARK EAST,BRADY AVENUE,MARAN PLACE,10462,BRONX,BRONX,11 BRONX,40.85311389123886,-73.86895427408103
32538635,2016-01-26T18:20:00.000,Snow,E9 Snow / Icy Sidewalk,Sidewalk,237 WEST  136 STREET,WEST  136 STREET,7 AVENUE,8 AVENUE,10030,NEW YORK,MANHATTAN,10 MANHATTAN,40.81648910943788,-73.94441038614615
32538637,2016-01-26T11:58:00.000,Snow,E9 Snow / Icy Sidewalk,Sidewalk,94-30 113 STREET,113 STREET,ATLANTIC AVENUE,95 AVENUE,11419,South Richmond Hill,QUEENS,09 QUEENS,40.69202474338398,-73.83271299506632
32538638,2016-01-26T18:38:00.000,Snow,E9 Snow / Icy Sidewalk,Sidewalk,308 EAST   52 STREET,EAST   52 STREET,2 AVENUE,1 AVENUE,10022,NEW YORK,MANHATTAN,06 MANHATTAN,40.7559160758023,-73.96711764194964
32538639,2016-01-26T19:07:00.000,Snow,E9 Snow / Icy Sidewalk,Sidewalk,41-14 72 STREET,72 STREET,41 AVENUE,WOODSIDE AVENUE,11377,Woodside,QUEENS,02 QUEENS,40.74443974835936,-73.89360002428833
32538642,2016-01-26T11:46:00.000,Snow,E9 Snow / Icy Sidewalk,Sidewalk,,,,,10037,NEW YORK,MANHATTAN,10 MANHATTAN,40.811566996819884,-73.94272023562813
32538643,2016-01-26T15:23:00.000,Snow,E9 Snow / Icy Sidewalk,Sidewalk,3881 RICHMOND AVENUE,RICHMOND AVENUE,MOSELY AVENUE,AMBOY ROAD,10312,STATEN ISLAND,STATEN ISLAND,03 STATEN ISLAND,40.543475009765245,-74.16441091465524
32538646,2016-01-26T14:41:00.000,Snow,E9 Snow / Icy Sidewalk,Sidewalk,566 HAMILTON AVENUE,HAMILTON AVENUE,15 STREET,17 STREET,11232,BROOKLYN,BROOKLYN,07 BROOKLYN,40.66774524102617,-73.99647459556756
32538647,2016-01-26T14:35:00.000,Snow,E9 Snow / Icy Sidewalk,Sidewalk,,,,,11358,Flushing,QUEENS,11 QUEENS,40.75930287436314,-73.79142986949529
32538649,2016-01-26T12:19:00.000,Snow,E9 Snow / Icy Sidewalk,Sidewalk,,,,,11236,BROOKLYN,BROOKLYN,18 BROOKLYN,40.633433366476915,-73.90340744768213
32538655,2016-01-26T12:54:00.000,Snow,E9 Snow / Icy Sidewalk,Sidewalk,485 LAFAYETTE AVENUE,LAFAYETTE AVENUE,SKILLMAN STREET,BEDFORD AVENUE,11205,BROOKLYN,BROOKLYN,03 BROOKLYN,40.6894285744715,-73.95533756551832
32538659,2016-01-26T08:37:00.000,Snow,E9 Snow / Icy Sidewalk,Sidewalk,,,,,11101,Long Island City,QUEENS,01 QUEENS,40.75333782241423,-73.9202768939001
32538670,2016-01-26T18:27:00.000,Snow,E9 Snow / Icy Sidewalk,Sidewalk,193 OXFORD STREET,OXFORD STREET,SHORE BOULEVARD,ORIENTAL BOULEVARD,11235,BROOKLYN,BROOKLYN,15 BROOKLYN,40.57852008887428,-73.93793424921506
32538681,2016-01-26T11:21:00.000,Snow,E9 Snow / Icy Sidewalk,Sidewalk,425 WEST   33 STREET,WEST   33 STREET,9 AVENUE,LINCOLN TUNNEL APPROACH,10001,NEW YORK,MANHATTAN,04 MANHATTAN,40.75309091173171,-73.99763950059123
32538692,2016-01-26T18:38:00.000,Snow,E9 Snow / Icy Sidewalk,Sidewalk,2618 AVENUE S,AVENUE S,EAST 26 STREET,EAST 27 STREET,11229,BROOKLYN,BROOKLYN,15 BROOKLYN,40.60467675449188,-73.94629016661958
32538693,2016-01-26T11:55:00.000,Snow,E9 Snow / Icy Sidewalk,Sidewalk,,,,,11379,Middle Village,QUEENS,05 QUEENS,40.721639385227924,-73.86986938305554
32538694,2016-01-26T19:29:00.000,Snow,E9 Snow / Icy Sidewalk,Sidewalk,1581 WASHINGTON AVENUE,WASHINGTON AVENUE,CLAREMONT PARKWAY,EAST 172 STREET,10457,BRONX,BRONX,03 BRONX,40.839256106471254,-73.90244363568164
32538701,2016-01-26T20:25:00.000,Snow,15S Re-Plow/Spread/Ice-Snow Cond.,Street,,,,,11378,Maspeth,QUEENS,05 QUEENS,40.715515095050016,-73.90244438820743
32538702,2016-01-26T12:25:00.000,Snow,E9 Snow / Icy Sidewalk,Sidewalk,202 FRONT STREET,FRONT STREET,BRIDGE STREET,GOLD STREET,11201,BROOKLYN,BROOKLYN,02 BROOKLYN,40.70232558323979,-73.98417794301572
32538703,2016-01-26T00:17:00.000,Snow,E9 Snow / Icy Sidewalk,Sidewalk,467 COURT STREET,COURT STREET,LUQUER STREET,NELSON STREET,11231,BROOKLYN,BROOKLYN,06 BROOKLYN,40.67703360572001,-73.99845336488731
32538721,2016-01-26T07:00:00.000,Snow,E9 Snow / Icy Sidewalk,Sidewalk,,,,,10128,NEW YORK,MANHATTAN,08 MANHATTAN,40.78200761898531,-73.95166096253715
32538780,2016-01-26T14:24:00.000,Snow,E9 Snow / Icy Sidewalk,Sidewalk,81 DEVOE STREET,DEVOE STREET,LORIMER STREET,LEONARD STREET,11211,BROOKLYN,BROOKLYN,01 BROOKLYN,40.71345588362353,-73.94791592393616
32538781,2016-01-26T14:43:00.000,Snow,E9 Snow / Icy Sidewalk,Sidewalk,169 GRAHAM AVENUE,GRAHAM AVENUE,MONTROSE AVENUE,MESEROLE STREET,11206,BROOKLYN,BROOKLYN,01 BROOKLYN,40.70776654461497,-73.94328193070712
32538782,2016-01-26T14:40:00.000,Snow,E9 Snow / Icy Sidewalk,Sidewalk,,,,,10467,BRONX,BRONX,12 BRONX,40.87779868838609,-73.86804860553718
32538793,2016-01-26T14:38:00.000,Snow,E9 Snow / Icy Sidewalk,Sidewalk,67-38A 190 LANE,190 LANE,192 STREET,BEND,11365,Fresh Meadows,QUEENS,08 QUEENS,40.736789878005894,-73.78225909030364
32538802,2016-01-26T15:28:00.000,Snow,E9 Snow / Icy Sidewalk,Sidewalk,529 92 STREET,92 STREET,GELSTON AVENUE,FT HAMILTON PARKWAY,11209,BROOKLYN,BROOKLYN,10 BROOKLYN,40.61738050598267,-74.02825399583169
32538803,2016-01-26T18:29:00.000,Snow,15S Re-Plow/Spread/Ice-Snow Cond.,Street,,,,,10308,STATEN ISLAND,STATEN ISLAND,03 STATEN ISLAND,40.55822292492742,-74.15245239115656
32539103,2016-01-26T13:10:00.000,Snow,E9 Snow / Icy Sidewalk,Sidewalk,1347 MORRIS AVENUE,MORRIS AVENUE,EAST 169 STREET,EAST 170 STREET,10456,BRONX,BRONX,04 BRONX,40.836648173779665,-73.91211815295803
32539104,2016-01-26T13:05:00.000,Snow,E9 Snow / Icy Sidewalk,Sidewalk,,,,,,,BROOKLYN,15 BROOKLYN,,
32539109,2016-01-26T01:37:00.000,Snow,E9 Snow / Icy Sidewalk,Sidewalk,771 EAST GUN HILL ROAD,EAST GUN HILL ROAD,WALLACE AVENUE,BARNES AVENUE,10467,BRONX,BRONX,12 BRONX,40.876307964673465,-73.86303252925585
32539110,2016-01-26T04:53:00.000,Snow,E9 Snow / Icy Sidewalk,Sidewalk,193-04 45 AVENUE,45 AVENUE,193 STREET,194 STREET,11358,Flushing,QUEENS,11 QUEENS,40.755775270446335,-73.78809492500021
32539111,2016-01-26T19:35:00.000,Snow,E9 Snow / Icy Sidewalk,Sidewalk,17 HARBOR ROAD,HARBOR ROAD,RICHMOND TERRACE,NYCTA SUBWAY,10303,STATEN ISLAND,STATEN ISLAND,01 STATEN ISLAND,40.63653534596,-74.1601796432358
32539114,2016-01-26T13:43:00.000,Snow,E9 Snow / Icy Sidewalk,Sidewalk,,,,,11217,BROOKLYN,BROOKLYN,02 BROOKLYN,40.687301537667985,-73.97364906746448
32539116,2016-01-26T05:55:00.000,Snow,E9 Snow / Icy Sidewalk,Sidewalk,191-45 114 DRIVE,114 DRIVE,FARMERS BOULEVARD,194 STREET,11412,Saint Albans,QUEENS,12 QUEENS,40.69673811577188,-73.76144097018195
32539117,2016-01-26T06:47:00.000,Snow,E9 Snow / Icy Sidewalk,Sidewalk,,,,,,,BROOKLYN,09 BROOKLYN,,
32539118,2016-01-26T06:46:00.000,Snow,E9 Snow / Icy Sidewalk,Sidewalk,28-45 CLEARVIEW EXPRESSWAY,CLEARVIEW EXPRESSWAY,28 AVENUE,32 AVENUE,11360,Bayside,QUEENS,11 QUEENS,40.773133326491774,-73.78380105373799
32539119,2016-01-26T07:40:00.000,Snow,E9 Snow / Icy Sidewalk,Sidewalk,462 AVENUE OF THE AMERICAS,AVENUE OF THE AMERICAS,WEST 11 STREET,WEST 12 STREET,10011,NEW YORK,MANHATTAN,02 MANHATTAN,40.73548335114243,-73.99819581372843
32539128,2016-01-26T13:54:00.000,Snow,E9 Snow / Icy Sidewalk,Sidewalk,133-31 227 STREET,227 STREET,133 AVENUE,MERRICK BOULEVARD,11413,Springfield Gardens,QUEENS,13 QUEENS,40.67779148822015,-73.74261354859239
32539129,2016-01-26T07:49:00.000,Snow,E9 Snow / Icy Sidewalk,Sidewalk,48 WINTHROP STREET,WINTHROP STREET,FLATBUSH AVENUE,BEDFORD AVENUE,11225,BROOKLYN,BROOKLYN,09 BROOKLYN,40.65658845030292,-73.95831852227558
32539130,2016-01-26T21:46:00.000,Snow,15S Re-Plow/Spread/Ice-Snow Cond.,Street,84-54 123 STREET,123 STREET,METROPOLITAN AVENUE,85 AVENUE,11415,Kew Gardens,QUEENS,09 QUEENS,40.70446666621864,-73.82889113075059
32539131,2016-01-26T22:10:00.000,Snow,15S Re-Plow/Spread/Ice-Snow Cond.,Street,1768 EAST TREMONT AVENUE,EAST TREMONT AVENUE,BRONX RIVER AVENUE,ST LAWRENCE AVENUE,10460,BRONX,BRONX,09 BRONX,40.8397826728563,-73.86880706069589
32539132,2016-01-26T22:56:00.000,Snow,E9 Snow / Icy Sidewalk,Sidewalk,44-14 31 AVENUE,31 AVENUE,44 STREET,45 STREET,11103,Astoria,QUEENS,01 QUEENS,40.75971736269414,-73.9136996278125
32539137,2016-01-26T14:01:00.000,Snow,E9 Snow / Icy Sidewalk,Sidewalk,,,,,11105,Astoria,QUEENS,01 QUEENS,40.774168234211544,-73.90309500033685
32539138,2016-01-26T23:27:00.000,Snow,E9 Snow / Icy Sidewalk,Sidewalk,1298 PRESIDENT STREET,PRESIDENT STREET,NEW YORK AVENUE,BROOKLYN AVENUE,11213,BROOKLYN,BROOKLYN,09 BROOKLYN,40.667845472288846,-73.9466754710178
32539139,2016-01-26T08:47:00.000,Snow,E9 Snow / Icy Sidewalk,Sidewalk,545 DUMONT AVENUE,DUMONT AVENUE,HINSDALE STREET,WILLIAMS AVENUE,11207,BROOKLYN,BROOKLYN,05 BROOKLYN,40.665672306137665,-73.89870362111806
32539146,2016-01-26T08:36:00.000,Snow,E9 Snow / Icy Sidewalk,Sidewalk,135-34 82 AVENUE,82 AVENUE,135 STREET,138 STREET,11435,Jamaica,QUEENS,08 QUEENS,40.71454699404271,-73.82265357489565
32539147,2016-01-26T08:35:00.000,Snow,E9 Snow / Icy Sidewalk,Sidewalk,3239 HERING AVENUE,HERING AVENUE,BURKE AVENUE,EAST GUN HILL ROAD,10469,BRONX,BRONX,11 BRONX,40.87206958488313,-73.85362574459478
32539149,2016-01-26T13:05:00.000,Snow,E9 Snow / Icy Sidewalk,Sidewalk,575 EAST  140 STREET,EAST  140 STREET,ST ANNS AVENUE,CYPRESS AVENUE,10454,BRONX,BRONX,01 BRONX,40.807900150004926,-73.91601043525816
32539150,2016-01-26T09:22:00.000,Snow,E9 Snow / Icy Sidewalk,Sidewalk,641 FRANKLIN AVENUE,FRANKLIN AVENUE,BERGEN STREET,ST MARKS AVENUE,11238,BROOKLYN,BROOKLYN,08 BROOKLYN,40.676484426605185,-73.95585456456018
32539151,2016-01-26T09:02:00.000,Snow,E9 Snow / Icy Sidewalk,Sidewalk,242 EAST   84 STREET,EAST   84 STREET,3 AVENUE,2 AVENUE,10028,NEW YORK,MANHATTAN,08 MANHATTAN,40.77707351812319,-73.95394284978427
32539156,2016-01-26T01:41:00.000,Snow,E9 Snow / Icy Sidewalk,Sidewalk,763 EAST GUN HILL ROAD,EAST GUN HILL ROAD,TILDEN STREET,WALLACE AVENUE,10467,BRONX,BRONX,12 BRONX,40.87645947946056,-73.86350230072654
32539157,2016-01-26T03:28:00.000,Snow,E9 Snow / Icy Sidewalk,Sidewalk,1032 RHINELANDER AVENUE,RHINELANDER AVENUE,PAULDING AVENUE,HONE AVENUE,10461,BRONX,BRONX,11 BRONX,40.85059052616613,-73.85659362597504
32539158,2016-01-26T04:48:00.000,Snow,E9 Snow / Icy Sidewalk,Sidewalk,2415 POPLAR STREET,POPLAR STREET,BRONXDALE AVENUE,PAULDING AVENUE,10461,BRONX,BRONX,11 BRONX,40.84284407752332,-73.85370812189967
32539159,2016-01-26T20:59:00.000,Snow,E9 Snow / Icy Sidewalk,Sidewalk,,,,,11249,BROOKLYN,BROOKLYN,01 BROOKLYN,40.71510575998477,-73.96277658637942
32539164,2016-01-26T09:55:00.000,Snow,E9 Snow / Icy Sidewalk,Sidewalk,283 HETT AVENUE,HETT AVENUE,JENNIFER LANE,NAVESINK PLACE,10306,STATEN ISLAND,STATEN ISLAND,03 STATEN ISLAND,40.55988875517325,-74.10641556082275
32539165,2016-01-26T09:44:00.000,Snow,E9 Snow / Icy Sidewalk,Sidewalk,116-22 QUEENS BOULEVARD,QUEENS BOULEVARD,77 AVENUE,78 AVENUE,11375,Forest Hills,QUEENS,06 QUEENS,40.71596830424436,-73.83335632772301
32539166,2016-01-26T13:59:00.000,Snow,E9 Snow / Icy Sidewalk,Sidewalk,,,,,11201,BROOKLYN,BROOKLYN,02 BROOKLYN,40.695870811829124,-73.99378646802555
32539169,2016-01-26T21:19:00.000,Snow,E9 Snow / Icy Sidewalk,Sidewalk,1276 46 STREET,46 STREET,12 AVENUE,13 AVENUE,11219,BROOKLYN,BROOKLYN,12 BROOKLYN,40.63710494437498,-73.99105361972076
32539170,2016-01-26T06:54:00.000,Snow,E9 Snow / Icy Sidewalk,Sidewalk,,,,,11367,Flushing,QUEENS,08 QUEENS,40.73001773405,-73.82346751751783
32539175,2016-01-26T09:35:00.000,Snow,E9 Snow / Icy Sidewalk,Sidewalk,,,,,10003,NEW YORK,MANHATTAN,02 MANHATTAN,40.731288980124575,-73.99039150873776
32539176,2016-01-26T21:59:00.000,Snow,E9 Snow / Icy Sidewalk,Sidewalk,,,,,11211,BROOKLYN,BROOKLYN,01 BROOKLYN,40.71437178334336,-73.94606830632374
32539177,2016-01-26T21:46:00.000,Snow,E9 Snow / Icy Sidewalk,Sidewalk,55-20 39 AVENUE,39 AVENUE,55 STREET,56 STREET,11377,Woodside,QUEENS,02 QUEENS,40.74851418928439,-73.90775915845484
32539178,2016-01-26T22:08:00.000,Snow,E9 Snow / Icy Sidewalk,Sidewalk,,,,,11417,Ozone Park,QUEENS,10 QUEENS,40.68006864103851,-73.84455781819288
32539179,2016-01-26T14:05:00.000,Snow,E9 Snow / Icy Sidewalk,Sidewalk,41 VISTA AVENUE,VISTA AVENUE,OVERLOOK AVENUE,DUTCHESS AVENUE,10304,STATEN ISLAND,STATEN ISLAND,02 STATEN ISLAND,40.597307470503374,-74.09528357502802
32539182,2016-01-26T10:16:00.000,Snow,E9 Snow / Icy Sidewalk,Sidewalk,,,,,11207,BROOKLYN,BROOKLYN,04 BROOKLYN,40.68322951461715,-73.90712474828433
32539183,2016-01-26T10:43:00.000,Snow,E9 Snow / Icy Sidewalk,Sidewalk,3205 EMMONS AVENUE,EMMONS AVENUE,BRAGG STREET,BRIGHAM STREET,11235,BROOKLYN,BROOKLYN,15 BROOKLYN,40.58419050491946,-73.93245307663842
32539187,2016-01-26T08:22:00.000,Snow,E9 Snow / Icy Sidewalk,Sidewalk,82-27 138 STREET,138 STREET,HOOVER AVENUE,82 DRIVE,11435,Jamaica,QUEENS,08 QUEENS,40.71398678583273,-73.82070356144963
32539188,2016-01-26T08:51:00.000,Snow,E9 Snow / Icy Sidewalk,Sidewalk,,,,,11237,BROOKLYN,BROOKLYN,04 BROOKLYN,40.70525307821023,-73.92533694479923
32539192,2016-01-26T08:47:00.000,Snow,E9 Snow / Icy Sidewalk,Sidewalk,149-03 11 AVENUE,11 AVENUE,149 STREET,150 STREET,11357,Whitestone,QUEENS,07 QUEENS,40.79110771562388,-73.81650527489353
32539194,2016-01-26T10:52:00.000,Snow,E9 Snow / Icy Sidewalk,Sidewalk,2600 EAST   21 STREET,EAST   21 STREET,AVENUE Y,AVENUE Z,11235,BROOKLYN,BROOKLYN,15 BROOKLYN,40.58909001504968,-73.9484125740912
32539195,2016-01-26T11:03:00.000,Snow,E9 Snow / Icy Sidewalk,Sidewalk,1020 HALSEY STREET,HALSEY STREET,BROADWAY,BUSHWICK AVENUE,11207,BROOKLYN,BROOKLYN,04 BROOKLYN,40.68675106020727,-73.91419790573097
32539196,2016-01-26T09:29:00.000,Snow,E9 Snow / Icy Sidewalk,Sidewalk,33 PAERDEGAT    9 STREET,PAERDEGAT    9 STREET,PAERDEGAT AVENUE NORTH,EAST 80 STREET,11236,BROOKLYN,BROOKLYN,18 BROOKLYN,40.6297135942118,-73.90601755166993
32539197,2016-01-26T09:16:00.000,Snow,E9 Snow / Icy Sidewalk,Sidewalk,270 GRAND STREET,GRAND STREET,ROEBLING STREET,HAVEMEYER STREET,11211,BROOKLYN,BROOKLYN,01 BROOKLYN,40.713185539284076,-73.95803062853338
32539198,2016-01-26T09:02:00.000,Snow,E9 Snow / Icy Sidewalk,Sidewalk,,,,,11427,Queens Village,QUEENS,13 QUEENS,40.73286634572275,-73.73218586605608
32539208,2016-01-26T03:09:00.000,Snow,E9 Snow / Icy Sidewalk,Sidewalk,1460 SHERIDAN EXPRESSWAY,SHERIDAN EXPRESSWAY,WESTCHESTER AVENUE,BEND,10459,BRONX,BRONX,09 BRONX,40.83184250818283,-73.88447684075105
32539209,2016-01-26T09:34:00.000,Snow,E9 Snow / Icy Sidewalk,Sidewalk,625 LYDIG AVENUE,LYDIG AVENUE,BOLTON STREET,WHITE PLAINS ROAD,10462,BRONX,BRONX,11 BRONX,40.85439521342842,-73.86855411848939
32539211,2016-01-26T13:20:00.000,Snow,E9 Snow / Icy Sidewalk,Sidewalk,126 FINGERBOARD ROAD,FINGERBOARD ROAD,EGBERT PLACE,WILTON COURT,10305,STATEN ISLAND,STATEN ISLAND,01 STATEN ISLAND,40.607335346007105,-74.06635665288537
32539216,2016-01-26T07:42:00.000,Snow,E9 Snow / Icy Sidewalk,Sidewalk,135 MENAHAN STREET,MENAHAN STREET,CENTRAL AVENUE,WILSON AVENUE,11221,BROOKLYN,BROOKLYN,04 BROOKLYN,40.69564797716503,-73.9195416901205
32539218,2016-01-26T10:25:00.000,Snow,E9 Snow / Icy Sidewalk,Sidewalk,,,,,11101,Long Island City,QUEENS,02 QUEENS,40.744658545026645,-73.94852308272634
32539221,2016-01-26T22:06:00.000,Snow,15S Re-Plow/Spread/Ice-Snow Cond.,Street,75-22 249 STREET,249 STREET,ELKMONT AVENUE,76 AVENUE,11426,Bellerose,QUEENS,13 QUEENS,40.74515293967224,-73.72219030876343
32539222,2016-01-26T22:53:00.000,Snow,E9 Snow / Icy Sidewalk,Sidewalk,,,,,10302,STATEN ISLAND,STATEN ISLAND,01 STATEN ISLAND,40.621627956915454,-74.14167887437652
32539223,2016-01-26T14:14:00.000,Snow,E9 Snow / Icy Sidewalk,Sidewalk,2569 EASTCHESTER ROAD,EASTCHESTER ROAD,HAWTHORNE STREET,ALLERTON AVENUE,10469,BRONX,BRONX,11 BRONX,40.86451096225935,-73.8433855516703
32539224,2016-01-26T14:12:00.000,Snow,E9 Snow / Icy Sidewalk,Sidewalk,150-20 72 ROAD,72 ROAD,150 STREET,KISSENA BOULEVARD,11367,Flushing,QUEENS,08 QUEENS,40.72751432736614,-73.81633041081045
32539226,2016-01-26T10:44:00.000,Snow,E9 Snow / Icy Sidewalk,Sidewalk,372 SOUTH    3 STREET,SOUTH    3 STREET,HOOPER STREET,HEWES STREET,11211,BROOKLYN,BROOKLYN,01 BROOKLYN,40.70878071916234,-73.9523272424908
32539230,2016-01-26T08:45:00.000,Snow,E9 Snow / Icy Sidewalk,Sidewalk,102-45 86 AVENUE,86 AVENUE,102 STREET,104 STREET,11418,Richmond Hill,QUEENS,09 QUEENS,40.6963052292551,-73.84548283397598
32539231,2016-01-26T23:18:00.000,Snow,E9 Snow / Icy Sidewalk,Sidewalk,1269 PRESIDENT STREET,PRESIDENT STREET,NEW YORK AVENUE,BROOKLYN AVENUE,11213,BROOKLYN,BROOKLYN,09 BROOKLYN,40.66789791702185,-73.94731346398457
32539235,2016-01-26T08:35:00.000,Snow,E9 Snow / Icy Sidewalk,Sidewalk,22 WEST   74 STREET,WEST   74 STREET,CENTRAL PARK WEST,COLUMBUS AVENUE,10023,NEW YORK,MANHATTAN,07 MANHATTAN,40.77787890827708,-73.97584100744169
32539236,2016-01-26T08:34:00.000,Snow,E9 Snow / Icy Sidewalk,Sidewalk,113-65 NORTH CONDUIT AVENUE,NORTH CONDUIT AVENUE,UNNAMED STREET,114 STREET,11420,South Ozone Park,QUEENS,10 QUEENS,40.666080285224446,-73.82843449055464
32539237,2016-01-26T11:29:00.000,Snow,E9 Snow / Icy Sidewalk,Sidewalk,207 AVENUE I,AVENUE I,EAST 2 STREET,EAST 3 STREET,11230,BROOKLYN,BROOKLYN,12 BROOKLYN,40.626139866977766,-73.9748980519757
32539242,2016-01-26T09:15:00.000,Snow,E9 Snow / Icy Sidewalk,Sidewalk,1101 PARK PLACE,PARK PLACE,KINGSTON AVENUE,HAMPTON PLACE,11213,BROOKLYN,BROOKLYN,08 BROOKLYN,40.67293983778313,-73.94116657895954
32539243,2016-01-26T09:13:00.000,Snow,E9 Snow / Icy Sidewalk,Sidewalk,3159 BAINBRIDGE AVENUE,BAINBRIDGE AVENUE,EAST 204 STREET,EAST 206 STREET,10467,BRONX,BRONX,07 BRONX,40.874778257419656,-73.87943394870518
32539244,2016-01-26T09:12:00.000,Snow,E9 Snow / Icy Sidewalk,Sidewalk,5415 FOSTER AVENUE,FOSTER AVENUE,EAST 54 STREET,EAST 55 STREET,11234,BROOKLYN,BROOKLYN,18 BROOKLYN,40.63712180419631,-73.92469256376636
32539246,2016-01-26T09:56:00.000,Snow,E9 Snow / Icy Sidewalk,Sidewalk,,,,,11420,South Ozone Park,QUEENS,10 QUEENS,40.67447098543734,-73.80269066343399
32539250,2016-01-26T09:47:00.000,Snow,E9 Snow / Icy Sidewalk,Sidewalk,64-29 MYRTLE AVENUE,MYRTLE AVENUE,64 PLACE,CYPRESS HILLS STREET,11385,Ridgewood,QUEENS,05 QUEENS,40.701073131392114,-73.89129615224836
32539251,2016-01-26T09:34:00.000,Snow,E9 Snow / Icy Sidewalk,Sidewalk,,,,,11238,BROOKLYN,BROOKLYN,02 BROOKLYN,40.68489115176402,-73.96210838196663
32539252,2016-01-26T09:33:00.000,Snow,E9 Snow / Icy Sidewalk,Sidewalk,111-07 77 AVENUE,77 AVENUE,AUSTIN STREET,KEW FOREST LANE,11375,Forest Hills,QUEENS,06 QUEENS,40.71488679977708,-73.83521677262146
32539258,2016-01-26T10:10:00.000,Snow,E9 Snow / Icy Sidewalk,Sidewalk,5005 BROADWAY,BROADWAY,WEST 213 STREET,WEST 214 STREET,10034,NEW YORK,MANHATTAN,12 MANHATTAN,40.869168333841,-73.91705027932953
32539259,2016-01-26T10:39:00.000,Snow,E9 Snow / Icy Sidewalk,Sidewalk,,,,,11372,Jackson Heights,QUEENS,03 QUEENS,40.752374242386345,-73.87910326811945
32539262,2016-01-26T10:57:00.000,Snow,E9 Snow / Icy Sidewalk,Sidewalk,1049 GRAND STREET,GRAND STREET,MORGAN AVENUE,VANDERVOORT AVENUE,11211,BROOKLYN,BROOKLYN,01 BROOKLYN,40.713742107454586,-73.93342919958003
32539263,2016-01-26T10:54:00.000,Snow,E9 Snow / Icy Sidewalk,Sidewalk,1407 EAST  180 STREET,EAST  180 STREET,VAN NEST AVENUE,BEND,10460,BRONX,BRONX,11 BRONX,40.84000450523456,-73.87080519049914
32539266,2016-01-26T23:14:00.000,Snow,E9 Snow / Icy Sidewalk,Sidewalk,,,,,11373,Elmhurst,QUEENS,04 QUEENS,40.73549748344107,-73.86970159179167
32539267,2016-01-26T11:00:00.000,Snow,E9 Snow / Icy Sidewalk,Sidewalk,,,,,11414,Howard Beach,QUEENS,10 QUEENS,40.66562907404992,-73.8471435242546
32539282,2016-01-26T13:22:00.000,Snow,E9 Snow / Icy Sidewalk,Sidewalk,,,,,11373,Elmhurst,QUEENS,04 QUEENS,40.73355831616067,-73.88381011846845
32539283,2016-01-26T13:17:00.000,Snow,E9 Snow / Icy Sidewalk,Sidewalk,176 THIRD AVENUE,THIRD AVENUE,EAST 16 STREET,EAST 17 STREET,10003,NEW YORK,MANHATTAN,06 MANHATTAN,40.73493905217377,-73.9859924121532
32539284,2016-01-26T13:35:00.000,Snow,E9 Snow / Icy Sidewalk,Sidewalk,25-28 21 STREET,21 STREET,25 ROAD,26 AVENUE,11102,Astoria,QUEENS,01 QUEENS,40.773940023670306,-73.92458838938805
32539285,2016-01-26T21:00:00.000,Snow,E9 Snow / Icy Sidewalk,Sidewalk,3524 3 AVENUE,3 AVENUE,EAST 168 STREET,EAST 169 STREET,10456,BRONX,BRONX,03 BRONX,40.83137049604584,-73.90568212026524
32539288,2016-01-26T06:44:00.000,Snow,E9 Snow / Icy Sidewalk,Sidewalk,1578 1 AVENUE,1 AVENUE,EAST 82 STREET,EAST 83 STREET,10028,NEW YORK,MANHATTAN,08 MANHATTAN,40.77438253891119,-73.95118269308499
32539289,2016-01-26T06:46:00.000,Snow,E9 Snow / Icy Sidewalk,Sidewalk,2105 PAULDING AVENUE,PAULDING AVENUE,LYDIG AVENUE,ESPLANADE,10462,BRONX,BRONX,11 BRONX,40.853745171350134,-73.85961963566668
32539291,2016-01-26T07:21:00.000,Snow,E9 Snow / Icy Sidewalk,Sidewalk,,,,,11418,Richmond Hill,QUEENS,09 QUEENS,40.69115326874472,-73.84343575908518
32539292,2016-01-26T07:38:00.000,Snow,E9 Snow / Icy Sidewalk,Sidewalk,308 FLATBUSH AVENUE,FLATBUSH AVENUE,PARK PLACE,CARLTON AVENUE,11238,BROOKLYN,BROOKLYN,06 BROOKLYN,40.677378945111954,-73.9726218926444
32539293,2016-01-26T13:56:00.000,Snow,E9 Snow / Icy Sidewalk,Sidewalk,135-23 233 STREET,233 STREET,135 AVENUE,137 AVENUE,11422,Rosedale,QUEENS,13 QUEENS,40.67270931757487,-73.73826751601078
32539301,2016-01-26T14:11:00.000,Snow,E9 Snow / Icy Sidewalk,Sidewalk,,,,,10023,NEW YORK,MANHATTAN,07 MANHATTAN,40.77387549830657,-73.98222574060378
32539303,2016-01-26T23:26:00.000,Snow,E9 Snow / Icy Sidewalk,Sidewalk,1294 PRESIDENT STREET,PRESIDENT STREET,NEW YORK AVENUE,BROOKLYN AVENUE,11213,BROOKLYN,BROOKLYN,09 BROOKLYN,40.66785101191767,-73.94678360802075
32539304,2016-01-26T08:27:00.000,Snow,E9 Snow / Icy Sidewalk,Sidewalk,1177 2 AVENUE,2 AVENUE,EAST 62 STREET,EAST 63 STREET,10065,NEW YORK,MANHATTAN,08 MANHATTAN,40.762587273111045,-73.96291610308265
32539316,2016-01-26T08:44:00.000,Snow,E9 Snow / Icy Sidewalk,Sidewalk,104 NIPPON AVENUE,NIPPON AVENUE,SHELDON AVENUE,RENSSELAER AVENUE,10312,STATEN ISLAND,STATEN ISLAND,03 STATEN ISLAND,40.5417054808719,-74.19376556241653
32539332,2016-01-26T09:47:00.000,Snow,E9 Snow / Icy Sidewalk,Sidewalk,265 LAFAYETTE AVENUE,LAFAYETTE AVENUE,WASHINGTON AVENUE,ST JAMES PLACE,11238,BROOKLYN,BROOKLYN,02 BROOKLYN,40.68823540047248,-73.96566902777195
32539333,2016-01-26T09:43:00.000,Snow,E9 Snow / Icy Sidewalk,Sidewalk,900 GRAND CONCOURSE,GRAND CONCOURSE,EAST 161 STREET,EAST 162 STREET,10451,BRONX,BRONX,04 BRONX,40.82745524997554,-73.92237056165858
32539350,2016-01-26T10:13:00.000,Snow,E9 Snow / Icy Sidewalk,Sidewalk,54-04 102 STREET,102 STREET,LEWIS AVENUE,LARUE AVENUE,11368,Corona,QUEENS,04 QUEENS,40.7406665421067,-73.85864538202495
32539351,2016-01-26T10:43:00.000,Snow,E9 Snow / Icy Sidewalk,Sidewalk,370 SOUTH    3 STREET,SOUTH    3 STREET,HOOPER STREET,HEWES STREET,11211,BROOKLYN,BROOKLYN,01 BROOKLYN,40.70880545188037,-73.9523993633815
32539364,2016-01-26T11:14:00.000,Snow,E9 Snow / Icy Sidewalk,Sidewalk,135-22 78 DRIVE,78 DRIVE,PARK DRIVE EAST,138 STREET,11367,Flushing,QUEENS,08 QUEENS,40.71802023751102,-73.82517675194069
32539365,2016-01-26T11:03:00.000,Snow,E9 Snow / Icy Sidewalk,Sidewalk,92 SULLIVAN STREET,SULLIVAN STREET,SPRING STREET,PRINCE STREET,10012,NEW YORK,MANHATTAN,02 MANHATTAN,40.72544300533507,-74.00323261469707
32539987,2016-01-27T23:32:00.000,Snow,E9 Snow / Icy Sidewalk,Sidewalk,388 17 STREET,17 STREET,7 AVENUE,8 AVENUE,11215,BROOKLYN,BROOKLYN,07 BROOKLYN,40.660542151620604,-73.9860584949373
32540019,2016-01-27T20:30:00.000,Snow,15S Re-Plow/Spread/Ice-Snow Cond.,Street,,,,,11414,Howard Beach,QUEENS,10 QUEENS,40.66786253528415,-73.85072149722266
32540020,2016-01-27T09:32:00.000,Snow,15S Re-Plow/Spread/Ice-Snow Cond.,Street,5716 AVENUE O,AVENUE O,EAST 57 STREET,EAST 58 STREET,11234,BROOKLYN,BROOKLYN,18 BROOKLYN,40.617040233514594,-73.91963283797142
32540021,2016-01-27T03:36:00.000,Snow,15S Re-Plow/Spread/Ice-Snow Cond.,Street,,,,,11418,Richmond Hill,QUEENS,09 QUEENS,40.70732819663412,-73.83555646747638
32540024,2016-01-27T13:04:00.000,Snow,15S Re-Plow/Spread/Ice-Snow Cond.,Street,,,,,11213,BROOKLYN,BROOKLYN,08 BROOKLYN,40.6737072368203,-73.93898125317006
32540025,2016-01-27T12:11:00.000,Snow,15S Re-Plow/Spread/Ice-Snow Cond.,Street,83-18 94 STREET,94 STREET,DEAD END,PARK LANE SOUTH,11421,Woodhaven,QUEENS,09 QUEENS,40.69813886637275,-73.851843803839
32540026,2016-01-27T11:22:00.000,Snow,15S Re-Plow/Spread/Ice-Snow Cond.,Street,335 BREHAUT AVENUE,BREHAUT AVENUE,AMBOY ROAD,TRUMAN STREET,10307,STATEN ISLAND,STATEN ISLAND,03 STATEN ISLAND,40.511255565373226,-74.23836111190803
32540028,2016-01-27T07:08:00.000,Snow,15S Re-Plow/Spread/Ice-Snow Cond.,Street,,,,,11435,Jamaica,QUEENS,12 QUEENS,40.6919834837542,-73.80803706269266
32540030,2016-01-27T16:10:00.000,Snow,15S Re-Plow/Spread/Ice-Snow Cond.,Street,,,,,11432,Jamaica,QUEENS,12 QUEENS,40.70798052513147,-73.80185567072522
32540031,2016-01-27T14:31:00.000,Snow,15S Re-Plow/Spread/Ice-Snow Cond.,Street,,,,,11420,South Ozone Park,QUEENS,10 QUEENS,40.67220300650358,-73.80872486237016
32540032,2016-01-27T13:20:00.000,Snow,15S Re-Plow/Spread/Ice-Snow Cond.,Street,152-04 10 AVENUE,10 AVENUE,152 STREET,154 STREET,11357,Whitestone,QUEENS,07 QUEENS,40.79353471214308,-73.81012785141482
32540033,2016-01-27T21:26:00.000,Snow,15S Re-Plow/Spread/Ice-Snow Cond.,Street,128 BROOKSIDE AVENUE,BROOKSIDE AVENUE,ALPINE COURT,BENEDICT AVENUE,10314,STATEN ISLAND,STATEN ISLAND,01 STATEN ISLAND,40.62390130500853,-74.1219536609551
32540034,2016-01-27T13:32:00.000,Snow,15S Re-Plow/Spread/Ice-Snow Cond.,Street,120-03 222 STREET,222 STREET,120 AVENUE,FRANCIS LEWIS BOULEVARD,11411,Cambria Heights,QUEENS,13 QUEENS,40.68947803187024,-73.74105756551671
32540038,2016-01-27T13:41:00.000,Snow,15S Re-Plow/Spread/Ice-Snow Cond.,Street,53 TILLARY STREET,TILLARY STREET,CADMAN PLAZA EAST,ADAMS STREET,11201,BROOKLYN,BROOKLYN,02 BROOKLYN,40.69621905010596,-73.98911273880236
32540039,2016-01-27T12:02:00.000,Snow,15S Re-Plow/Spread/Ice-Snow Cond.,Street,,,,,11357,Whitestone,QUEENS,07 QUEENS,40.78505824740151,-73.81646416974232
32540040,2016-01-27T09:27:00.000,Snow,15S Re-Plow/Spread/Ice-Snow Cond.,Street,,,,,10128,NEW YORK,MANHATTAN,08 MANHATTAN,40.78654777999216,-73.95255322912092
32540041,2016-01-27T08:03:00.000,Snow,15S Re-Plow/Spread/Ice-Snow Cond.,Street,,,,,,,BRONX,04 BRONX,,
32540059,2016-01-27T20:34:00.000,Snow,15S Re-Plow/Spread/Ice-Snow Cond.,Street,,,,,11375,Forest Hills,QUEENS,06 QUEENS,40.71717004378632,-73.83493696618532
32540060,2016-01-27T17:36:00.000,Snow,15S Re-Plow/Spread/Ice-Snow Cond.,Street,,,,,11236,BROOKLYN,BROOKLYN,17 BROOKLYN,40.647030187068474,-73.92018409963798
32540061,2016-01-27T01:30:00.000,Snow,15S Re-Plow/Spread/Ice-Snow Cond.,Street,473 CLEVELAND STREET,CLEVELAND STREET,PITKIN AVENUE,BELMONT AVENUE,11208,BROOKLYN,BROOKLYN,05 BROOKLYN,40.67304742118157,-73.88405613051532
32540064,2016-01-27T23:55:00.000,Snow,15S Re-Plow/Spread/Ice-Snow Cond.,Street,,,,,10040,NEW YORK,MANHATTAN,12 MANHATTAN,40.85650353983471,-73.93276214226914
32540065,2016-01-27T11:05:00.000,Snow,15S Re-Plow/Spread/Ice-Snow Cond.,Street,3190 MILES AVENUE,MILES AVENUE,LONGSTREET AVENUE,PENNYFIELD CAMP,10465,BRONX,BRONX,10 BRONX,40.821800784452726,-73.80732656441732
32540066,2016-01-27T10:23:00.000,Snow,15S Re-Plow/Spread/Ice-Snow Cond.,Street,1796 FULTON STREET,FULTON STREET,MALCOLM X BOULEVARD,ROCHESTER AVENUE,11233,BROOKLYN,BROOKLYN,03 BROOKLYN,40.67917078719135,-73.92730220647242
32540067,2016-01-27T01:09:00.000,Snow,15S Re-Plow/Spread/Ice-Snow Cond.,Street,,,,,11379,Middle Village,QUEENS,05 QUEENS,40.7212789316029,-73.88724071436076
32540068,2016-01-27T23:18:00.000,Snow,15S Re-Plow/Spread/Ice-Snow Cond.,Street,,,,,11375,Forest Hills,QUEENS,06 QUEENS,40.73228096720682,-73.85182201566276
32540069,2016-01-27T00:43:00.000,Snow,15S Re-Plow/Spread/Ice-Snow Cond.,Street,,,,,11433,Jamaica,QUEENS,12 QUEENS,40.70442391454814,-73.79284948963108
32540070,2016-01-27T16:17:00.000,Snow,15S Re-Plow/Spread/Ice-Snow Cond.,Street,255 MCKIBBIN STREET,MCKIBBIN STREET,MC KIBBIN COURT,SEIGEL COURT,11206,BROOKLYN,BROOKLYN,01 BROOKLYN,40.705655515547285,-73.9373974964492
32540071,2016-01-27T13:20:00.000,Snow,15S Re-Plow/Spread/Ice-Snow Cond.,Street,888 EAST   96 STREET,EAST   96 STREET,NOLANS LANE,FOSTER AVENUE,11236,BROOKLYN,BROOKLYN,18 BROOKLYN,40.64801656027839,-73.90690349197035
32540072,2016-01-27T09:25:00.000,Snow,15S Re-Plow/Spread/Ice-Snow Cond.,Street,78-13 85 STREET,85 STREET,78 AVENUE,MYRTLE AVENUE,11385,Ridgewood,QUEENS,05 QUEENS,40.70515857547638,-73.86404421693926
32540074,2016-01-27T04:37:00.000,Snow,15S Re-Plow/Spread/Ice-Snow Cond.,Street,,,,,11362,Little Neck,QUEENS,11 QUEENS,40.76879553532149,-73.73707399306159
32540075,2016-01-27T12:55:00.000,Snow,15S Re-Plow/Spread/Ice-Snow Cond.,Street,,,,,11372,Jackson Heights,QUEENS,03 QUEENS,40.74984524881936,-73.88338109579466
32540079,2016-01-27T11:40:00.000,Snow,15S Re-Plow/Spread/Ice-Snow Cond.,Street,,,,,10462,BRONX,BRONX,10 BRONX,40.83700981089172,-73.85233321943329
32540080,2016-01-27T09:48:00.000,Snow,15S Re-Plow/Spread/Ice-Snow Cond.,Street,41-29 170 STREET,170 STREET,41 AVENUE,NORTHERN BOULEVARD,11358,Flushing,QUEENS,07 QUEENS,40.75941360203493,-73.79655887649858
32540085,2016-01-27T01:36:00.000,Snow,15S Re-Plow/Spread/Ice-Snow Cond.,Street,55 ORANGE STREET,ORANGE STREET,HICKS STREET,HENRY STREET,11201,BROOKLYN,BROOKLYN,02 BROOKLYN,40.69905472422354,-73.99346880800643
32540086,2016-01-27T09:07:00.000,Snow,15S Re-Plow/Spread/Ice-Snow Cond.,Street,34 MILBURN STREET,MILBURN STREET,RICHMOND ROAD,DEAD END,10306,STATEN ISLAND,STATEN ISLAND,02 STATEN ISLAND,40.57719371770988,-74.12641135649076
32540104,2016-01-27T12:54:00.000,Snow,15S Re-Plow/Spread/Ice-Snow Cond.,Street,,,,,11364,Oakland Gardens,QUEENS,11 QUEENS,40.73382110080739,-73.75803548254423
32540106,2016-01-27T13:04:00.000,Snow,15S Re-Plow/Spread/Ice-Snow Cond.,Street,94-22 24 AVENUE,24 AVENUE,JACKSON MILL ROAD,95 STREET,11369,East Elmhurst,QUEENS,03 QUEENS,40.76609944886582,-73.87533474747937
32540108,2016-01-27T02:33:00.000,Snow,E9 Snow / Icy Sidewalk,Sidewalk,749 EASTERN PARKWAY,EASTERN PARKWAY,BROOKLYN AVENUE,KINGSTON AVENUE,11213,BROOKLYN,BROOKLYN,08 BROOKLYN,40.66948259322632,-73.94350914546955
32540110,2016-01-27T12:51:00.000,Snow,15S Re-Plow/Spread/Ice-Snow Cond.,Street,,,,,10023,NEW YORK,MANHATTAN,07 MANHATTAN,40.77387549830657,-73.98222574060378
32540126,2016-01-27T01:58:00.000,Snow,E9 Snow / Icy Sidewalk,Sidewalk,4424 VAN CORTLANDT PARK,VAN CORTLANDT PARK,WEST 251 STREET,WEST 252 STREET,10471,BRONX,BRONX,26 BRONX,40.89586469711286,-73.89229421538577
32540159,2016-01-27T01:18:00.000,Snow,E9 Snow / Icy Sidewalk,Sidewalk,5 SPENCER COURT,SPENCER COURT,DEKALB AVENUE,KOSCIUSZKO STREET,11205,BROOKLYN,BROOKLYN,03 BROOKLYN,40.69080883151549,-73.95441351640625
32540189,2016-01-27T19:00:00.000,Snow,E9 Snow / Icy Sidewalk,Sidewalk,2615 SCHURZ AVENUE,SCHURZ AVENUE,HOSMER AVENUE,ROBINSON AVENUE,10465,BRONX,BRONX,10 BRONX,40.8124286689323,-73.82525750540007
32540190,2016-01-27T18:35:00.000,Snow,E9 Snow / Icy Sidewalk,Sidewalk,1003 DEAN STREET,DEAN STREET,CLASSON AVENUE,NYCTA SUBWAY,11238,BROOKLYN,BROOKLYN,08 BROOKLYN,40.677917663656224,-73.95708300890561
32540197,2016-01-27T15:25:00.000,Snow,E9 Snow / Icy Sidewalk,Sidewalk,,,,,11432,Jamaica,QUEENS,12 QUEENS,40.70334174980328,-73.80020318978804
32540208,2016-01-27T10:52:00.000,Snow,E9 Snow / Icy Sidewalk,Sidewalk,22 OAKVILLE STREET,OAKVILLE STREET,BRADLEY AVENUE,SOREN STREET,10314,STATEN ISLAND,STATEN ISLAND,02 STATEN ISLAND,40.59887697229174,-74.13191151498958
32540213,2016-01-27T07:53:00.000,Snow,E9 Snow / Icy Sidewalk,Sidewalk,224-45 93 ROAD,93 ROAD,224 STREET,GETTYSBURG STREET,11428,Queens Village,QUEENS,13 QUEENS,40.72298027226839,-73.73125872689778
32540217,2016-01-27T17:00:00.000,Snow,E9 Snow / Icy Sidewalk,Sidewalk,,,,,11361,Bayside,QUEENS,11 QUEENS,40.765320774042614,-73.77189536218215
32540218,2016-01-27T21:51:00.000,Snow,E9 Snow / Icy Sidewalk,Sidewalk,,,,,11361,Bayside,QUEENS,11 QUEENS,40.76322401854506,-73.774804892718
32540221,2016-01-27T17:30:00.000,Snow,E9 Snow / Icy Sidewalk,Sidewalk,67-29 METROPOLITAN AVENUE,METROPOLITAN AVENUE,65 LANE,LONG ISLAND RAILROAD,11379,Middle Village,QUEENS,05 QUEENS,40.71234811782513,-73.89075473176915
32540228,2016-01-27T17:35:00.000,Snow,E9 Snow / Icy Sidewalk,Sidewalk,148-36 61 ROAD,61 ROAD,148 PLACE,149 STREET,11367,Flushing,QUEENS,08 QUEENS,40.74003510469728,-73.8210412393556
32540233,2016-01-27T16:44:00.000,Snow,E9 Snow / Icy Sidewalk,Sidewalk,24 STATION AVENUE,STATION AVENUE,AMBOY ROAD,CANTERBURY COURT,10309,STATEN ISLAND,STATEN ISLAND,03 STATEN ISLAND,40.52306718427205,-74.21730011075225
32540236,2016-01-27T15:31:00.000,Snow,E9 Snow / Icy Sidewalk,Sidewalk,84-27 BEVERLY ROAD,BEVERLY ROAD,LEFFERTS BOULEVARD,BREVOORT STREET,11415,Kew Gardens,QUEENS,09 QUEENS,40.707449737691384,-73.83041278298641
32540237,2016-01-27T14:23:00.000,Snow,E9 Snow / Icy Sidewalk,Sidewalk,,,,,11367,Flushing,QUEENS,08 QUEENS,40.72329111011422,-73.82578706069165
32540239,2016-01-27T23:26:00.000,Snow,E9 Snow / Icy Sidewalk,Sidewalk,,,,,10033,NEW YORK,MANHATTAN,12 MANHATTAN,40.851020393770675,-73.93409787298401
32540240,2016-01-27T22:29:00.000,Snow,E9 Snow / Icy Sidewalk,Sidewalk,34-27 148 STREET,148 STREET,34 AVENUE,35 AVENUE,11354,Flushing,QUEENS,07 QUEENS,40.76717945807504,-73.81849177370694
32540241,2016-01-27T21:47:00.000,Snow,E9 Snow / Icy Sidewalk,Sidewalk,302 SCHNECTADY AVENUE,SCHNECTADY AVENUE,EASTERN PARKWAY,UNION STREET,11213,BROOKLYN,BROOKLYN,09 BROOKLYN,40.668157278917974,-73.93397575401828
32540242,2016-01-27T16:32:00.000,Snow,E9 Snow / Icy Sidewalk,Sidewalk,188 BRINSMADE AVENUE,BRINSMADE AVENUE,SCHURZ AVENUE,HARDING AVENUE,10465,BRONX,BRONX,10 BRONX,40.81467105719928,-73.81987234696201
32540244,2016-01-27T01:45:00.000,Snow,E9 Snow / Icy Sidewalk,Sidewalk,42 ALBANY AVENUE,ALBANY AVENUE,FULTON STREET,HERKIMER STREET,11213,BROOKLYN,BROOKLYN,03 BROOKLYN,40.67941061351981,-73.9384821031822
32540245,2016-01-27T08:09:00.000,Snow,E9 Snow / Icy Sidewalk,Sidewalk,711 EAST  231 STREET,EAST  231 STREET,WHITE PLAINS ROAD,BARNES AVENUE,10466,BRONX,BRONX,12 BRONX,40.891849926049524,-73.85748840322964
32540250,2016-01-27T12:32:00.000,Snow,E9 Snow / Icy Sidewalk,Sidewalk,80-20 165 STREET,165 STREET,UNION TURNPIKE,81 AVENUE,11432,Jamaica,QUEENS,08 QUEENS,40.721689227073796,-73.80263023892155
32540252,2016-01-27T11:12:00.000,Snow,E9 Snow / Icy Sidewalk,Sidewalk,251 SKILLMAN AVENUE,SKILLMAN AVENUE,WOODPOINT ROAD,KINGSLAND AVENUE,11211,BROOKLYN,BROOKLYN,01 BROOKLYN,40.71629606549388,-73.9408938315513
32540253,2016-01-27T07:40:00.000,Snow,E9 Snow / Icy Sidewalk,Sidewalk,2481 BELMONT AVENUE,BELMONT AVENUE,EAST 189 STREET,EAST FORDHAM ROAD,10458,BRONX,BRONX,06 BRONX,40.8568797668236,-73.88449842169763
32540254,2016-01-27T02:35:00.000,Snow,E9 Snow / Icy Sidewalk,Sidewalk,2203 WEST STREET,WEST STREET,GRAVESEND NECK ROAD,AVENUE W,11223,BROOKLYN,BROOKLYN,15 BROOKLYN,40.59465889890545,-73.97099585743462
32540257,2016-01-27T09:56:00.000,Snow,E9 Snow / Icy Sidewalk,Sidewalk,,,,,10458,BRONX,BRONX,07 BRONX,40.87077790014159,-73.88622790368267
32540258,2016-01-27T08:44:00.000,Snow,E9 Snow / Icy Sidewalk,Sidewalk,141-29 11 AVENUE,11 AVENUE,141 STREET,143 PLACE,11357,Whitestone,QUEENS,07 QUEENS,40.78863412498041,-73.82860620399381
32540259,2016-01-27T08:26:00.000,Snow,E9 Snow / Icy Sidewalk,Sidewalk,86-60 85 STREET,85 STREET,JAMAICA AVENUE,87 AVENUE,11421,Woodhaven,QUEENS,09 QUEENS,40.69226032132679,-73.85900042811113
32540261,2016-01-27T22:19:00.000,Snow,E9 Snow / Icy Sidewalk,Sidewalk,,,,,,,QUEENS,07 QUEENS,,
32540262,2016-01-27T19:44:00.000,Snow,E9 Snow / Icy Sidewalk,Sidewalk,80 RAMAPO AVENUE,RAMAPO AVENUE,VERNON AVENUE,FOSTER ROAD,10309,STATEN ISLAND,STATEN ISLAND,03 STATEN ISLAND,40.54112084823734,-74.20482737017953
32540264,2016-01-27T02:17:00.000,Snow,E9 Snow / Icy Sidewalk,Sidewalk,207 POWERS STREET,POWERS STREET,HUMBOLDT STREET,BUSHWICK AVENUE,11211,BROOKLYN,BROOKLYN,01 BROOKLYN,40.71259113649871,-73.94187465022398
32540265,2016-01-27T02:28:00.000,Snow,E9 Snow / Icy Sidewalk,Sidewalk,249 MARION STREET,MARION STREET,HOWARD AVENUE,SARATOGA AVENUE,11233,BROOKLYN,BROOKLYN,03 BROOKLYN,40.68083696488625,-73.91922065049937
32540266,2016-01-27T08:02:00.000,Snow,E9 Snow / Icy Sidewalk,Sidewalk,,,,,11225,BROOKLYN,BROOKLYN,09 BROOKLYN,40.66318283448753,-73.96244871939491
32540267,2016-01-27T08:10:00.000,Snow,E9 Snow / Icy Sidewalk,Sidewalk,,,,,10308,STATEN ISLAND,STATEN ISLAND,03 STATEN ISLAND,40.56193579240383,-74.1591586112432
32540268,2016-01-27T07:47:00.000,Snow,E9 Snow / Icy Sidewalk,Sidewalk,5124 11 AVENUE,11 AVENUE,51 STREET,52 STREET,11219,BROOKLYN,BROOKLYN,12 BROOKLYN,40.63639162828172,-73.9978814275615
32540269,2016-01-27T00:49:00.000,Snow,E9 Snow / Icy Sidewalk,Sidewalk,,,,,11354,Flushing,QUEENS,07 QUEENS,40.76509314715722,-73.82906027279675
32540270,2016-01-27T01:28:00.000,Snow,E9 Snow / Icy Sidewalk,Sidewalk,725 METROPOLITAN AVENUE,METROPOLITAN AVENUE,MANHATTAN AVENUE,GRAHAM AVENUE,11211,BROOKLYN,BROOKLYN,01 BROOKLYN,40.71448653744234,-73.94495718461634
32540271,2016-01-27T02:03:00.000,Snow,E9 Snow / Icy Sidewalk,Sidewalk,295 NORTH    7 STREET,NORTH    7 STREET,HAVEMEYER STREET,MEEKER AVENUE,11211,BROOKLYN,BROOKLYN,01 BROOKLYN,40.71494576072392,-73.95306953607003
32540272,2016-01-27T15:38:00.000,Snow,E9 Snow / Icy Sidewalk,Sidewalk,,,,,11379,Middle Village,QUEENS,05 QUEENS,40.72508400770268,-73.88258741354696
32540273,2016-01-27T15:06:00.000,Snow,E9 Snow / Icy Sidewalk,Sidewalk,,,,,10016,NEW YORK,MANHATTAN,06 MANHATTAN,40.74478005822341,-73.9758818809488
32540274,2016-01-27T14:25:00.000,Snow,E9 Snow / Icy Sidewalk,Sidewalk,49 DUFFIELD STREET,DUFFIELD STREET,CONCORD STREET,TILLARY STREET,11201,BROOKLYN,BROOKLYN,02 BROOKLYN,40.69694582615169,-73.9840710311136
32540275,2016-01-27T12:49:00.000,Snow,E9 Snow / Icy Sidewalk,Sidewalk,180 RUSSEK DRIVE,RUSSEK DRIVE,AVON GREEN,STACK DRIVE,10312,STATEN ISLAND,STATEN ISLAND,03 STATEN ISLAND,40.54793794317319,-74.19917381955804
32540276,2016-01-27T12:56:00.000,Snow,E9 Snow / Icy Sidewalk,Sidewalk,,,,,11216,BROOKLYN,BROOKLYN,03 BROOKLYN,40.68804201434605,-73.94774827302898
32540277,2016-01-27T12:21:00.000,Snow,E9 Snow / Icy Sidewalk,Sidewalk,,,,,11223,BROOKLYN,BROOKLYN,11 BROOKLYN,40.595986920207835,-73.9822118792914
32540278,2016-01-27T11:45:00.000,Snow,E9 Snow / Icy Sidewalk,Sidewalk,1346 KEARNEY AVENUE,KEARNEY AVENUE,RAWLINS AVENUE,CONNELL PLACE,10465,BRONX,BRONX,10 BRONX,40.840434368338215,-73.82431656599763
32540279,2016-01-27T11:59:00.000,Snow,E9 Snow / Icy Sidewalk,Sidewalk,57-57 MAZEAU STREET,MAZEAU STREET,57 DRIVE,LONG ISLAND EXPRESSWAY,11378,Maspeth,QUEENS,05 QUEENS,40.72677151485815,-73.89041359173567
32540282,2016-01-27T10:04:00.000,Snow,E9 Snow / Icy Sidewalk,Sidewalk,156-05 LABURNUM AVENUE,LABURNUM AVENUE,156 STREET,157 STREET,11355,Flushing,QUEENS,07 QUEENS,40.75207337894179,-73.81060334721393
32540283,2016-01-27T09:21:00.000,Snow,E9 Snow / Icy Sidewalk,Sidewalk,,,,,11101,Long Island City,QUEENS,02 QUEENS,40.740597883628325,-73.93059483621838
32540284,2016-01-27T07:52:00.000,Snow,E9 Snow / Icy Sidewalk,Sidewalk,941 EAST   87 STREET,EAST   87 STREET,FLATLANDS AVENUE,AVENUE J,11236,BROOKLYN,BROOKLYN,18 BROOKLYN,40.63800111317772,-73.90724895021445
32540285,2016-01-27T06:38:00.000,Snow,E9 Snow / Icy Sidewalk,Sidewalk,,,,,10472,BRONX,BRONX,09 BRONX,40.8290495229988,-73.87252839688927
32540290,2016-01-27T22:18:00.000,Snow,E9 Snow / Icy Sidewalk,Sidewalk,,,,,10304,STATEN ISLAND,STATEN ISLAND,02 STATEN ISLAND,40.59387263869894,-74.09979758026232
32540291,2016-01-27T20:14:00.000,Snow,E9 Snow / Icy Sidewalk,Sidewalk,,,,,11233,BROOKLYN,BROOKLYN,16 BROOKLYN,40.67951621591268,-73.9110813791478
32540292,2016-01-27T18:03:00.000,Snow,E9 Snow / Icy Sidewalk,Sidewalk,71-20 CENTRAL AVENUE,CENTRAL AVENUE,71 STREET,71 PLACE,11385,Ridgewood,QUEENS,05 QUEENS,40.70474321372399,-73.88054938025005
32540293,2016-01-27T16:27:00.000,Snow,E9 Snow / Icy Sidewalk,Sidewalk,,,,,11221,BROOKLYN,BROOKLYN,03 BROOKLYN,40.689298122832824,-73.93032370525754
32540294,2016-01-27T15:47:00.000,Snow,E9 Snow / Icy Sidewalk,Sidewalk,50 MAPLE STREET,MAPLE STREET,FLATBUSH AVENUE,BEDFORD AVENUE,11225,BROOKLYN,BROOKLYN,09 BROOKLYN,40.66029690438882,-73.95902985766826
32540295,2016-01-27T14:53:00.000,Snow,E9 Snow / Icy Sidewalk,Sidewalk,83-10 ROCKAWAY BOULEVARD,ROCKAWAY BOULEVARD,CULLODEN PLACE,84 STREET,11416,Ozone Park,QUEENS,09 QUEENS,40.683787425285644,-73.8569559518609
32540296,2016-01-27T14:59:00.000,Snow,E9 Snow / Icy Sidewalk,Sidewalk,1775 YORK AVENUE,YORK AVENUE,FDR DRIVE SB ENTRANCE YORK AVE,,10128,NEW YORK,MANHATTAN,08 MANHATTAN,40.78000336478368,-73.9442603067877
32540297,2016-01-27T14:05:00.000,Snow,E9 Snow / Icy Sidewalk,Sidewalk,27-49 CURTIS STREET,CURTIS STREET,27 AVENUE,29 AVENUE,11369,East Elmhurst,QUEENS,03 QUEENS,40.764611495944685,-73.8653126886956
32540299,2016-01-27T15:32:00.000,Snow,E9 Snow / Icy Sidewalk,Sidewalk,148 WEST  136 STREET,WEST  136 STREET,LENOX AVENUE,7 AVENUE,10030,NEW YORK,MANHATTAN,10 MANHATTAN,40.815351486664255,-73.94175961188633
32540300,2016-01-27T15:41:00.000,Snow,E9 Snow / Icy Sidewalk,Sidewalk,881 EAST    8 STREET,EAST    8 STREET,DEAD END,AVENUE I,11230,BROOKLYN,BROOKLYN,12 BROOKLYN,40.62761776422069,-73.96861106228722
32540301,2016-01-27T15:43:00.000,Snow,E9 Snow / Icy Sidewalk,Sidewalk,1165 3 AVENUE,3 AVENUE,EAST 67 STREET,EAST 68 STREET,10065,NEW YORK,MANHATTAN,08 MANHATTAN,40.76698973697927,-73.96259957477949
32540302,2016-01-27T15:02:00.000,Snow,E9 Snow / Icy Sidewalk,Sidewalk,,,,,11235,BROOKLYN,BROOKLYN,15 BROOKLYN,40.592003039649214,-73.95700500319627
32540304,2016-01-27T11:32:00.000,Snow,E9 Snow / Icy Sidewalk,Sidewalk,513 IRVING AVENUE,IRVING AVENUE,HALSEY STREET,ELDERT STREET,11237,BROOKLYN,BROOKLYN,04 BROOKLYN,40.69446874320697,-73.90636983040714
32540305,2016-01-27T11:15:00.000,Snow,E9 Snow / Icy Sidewalk,Sidewalk,77-11 PARSONS BOULEVARD,PARSONS BOULEVARD,77 AVENUE,77 ROAD,11366,Fresh Meadows,QUEENS,08 QUEENS,40.723420292510795,-73.81026988835292
32540306,2016-01-27T11:28:00.000,Snow,E9 Snow / Icy Sidewalk,Sidewalk,45-25 195 STREET,195 STREET,45 AVENUE,46 AVENUE,11358,Flushing,QUEENS,11 QUEENS,40.755209298753165,-73.78631004684968
32540308,2016-01-27T11:53:00.000,Snow,E9 Snow / Icy Sidewalk,Sidewalk,94 4 AVENUE,4 AVENUE,ST MARKS PLACE,WARREN STREET,11217,BROOKLYN,BROOKLYN,02 BROOKLYN,40.68154158565757,-73.9802601404752
32540309,2016-01-27T11:06:00.000,Snow,E9 Snow / Icy Sidewalk,Sidewalk,33 BEDFORD PARK BOULEVARD,BEDFORD PARK BOULEVARD,VILLA AVENUE,GRAND CONCOURSE,10468,BRONX,BRONX,07 BRONX,40.87264923384903,-73.88847735700153
32540310,2016-01-27T09:17:00.000,Snow,E9 Snow / Icy Sidewalk,Sidewalk,,,,,10465,BRONX,BRONX,10 BRONX,40.846253843510105,-73.82118920778322
32540311,2016-01-27T09:14:00.000,Snow,E9 Snow / Icy Sidewalk,Sidewalk,166-03 69 AVENUE,69 AVENUE,166 STREET,167 STREET,11365,Fresh Meadows,QUEENS,08 QUEENS,40.73302834311368,-73.80292139504132
32540312,2016-01-27T08:59:00.000,Snow,E9 Snow / Icy Sidewalk,Sidewalk,,,,,11432,Jamaica,QUEENS,08 QUEENS,40.71527760355216,-73.79333159940609
32540313,2016-01-27T10:20:00.000,Snow,E9 Snow / Icy Sidewalk,Sidewalk,,,,,10312,STATEN ISLAND,STATEN ISLAND,03 STATEN ISLAND,40.52312637845987,-74.18846740092914
32540314,2016-01-27T09:46:00.000,Snow,E9 Snow / Icy Sidewalk,Sidewalk,2417 GRAND CONCOURSE,GRAND CONCOURSE,EAST 187 STREET,EAST 188 STREET,10468,BRONX,BRONX,05 BRONX,40.86059523524444,-73.8981572867033
32541179,2016-01-27T06:41:00.000,Snow,15S Re-Plow/Spread/Ice-Snow Cond.,Street,,,,,11218,BROOKLYN,BROOKLYN,12 BROOKLYN,40.64330559085035,-73.97409524550893
32541180,2016-01-27T04:16:00.000,Snow,15S Re-Plow/Spread/Ice-Snow Cond.,Street,81 1 AVENUE,1 AVENUE,EAST 4 STREET,EAST 5 STREET,10003,NEW YORK,MANHATTAN,03 MANHATTAN,40.72569479789409,-73.98667984531457
32541181,2016-01-27T11:01:00.000,Snow,15S Re-Plow/Spread/Ice-Snow Cond.,Street,,,,,11419,South Richmond Hill,QUEENS,10 QUEENS,40.688112420912105,-73.81933080910893
32541182,2016-01-27T04:17:00.000,Snow,15S Re-Plow/Spread/Ice-Snow Cond.,Street,,,,,,,QUEENS,05 QUEENS,,
32541183,2016-01-27T01:17:00.000,Snow,15S Re-Plow/Spread/Ice-Snow Cond.,Street,,,,,11411,Cambria Heights,QUEENS,13 QUEENS,40.701188190518074,-73.74147011103045
32541186,2016-01-27T15:21:00.000,Snow,15S Re-Plow/Spread/Ice-Snow Cond.,Street,,,,,11209,BROOKLYN,BROOKLYN,10 BROOKLYN,40.63525383687564,-74.03112951388219
32541187,2016-01-27T11:21:00.000,Snow,15S Re-Plow/Spread/Ice-Snow Cond.,Street,262-22 UNION TURNPIKE,UNION TURNPIKE,262 STREET,263 STREET,11004,Glen Oaks,QUEENS,13 QUEENS,40.74801332170623,-73.71007716833616
32541188,2016-01-27T11:03:00.000,Snow,15S Re-Plow/Spread/Ice-Snow Cond.,Street,108-14 72 AVENUE,72 AVENUE,AUSTIN STREET,QUEENS BOULEVARD,11375,Forest Hills,QUEENS,06 QUEENS,40.719593216791715,-73.84244903310315
32541191,2016-01-27T09:19:00.000,Snow,15S Re-Plow/Spread/Ice-Snow Cond.,Street,170-06 BAISLEY BOULEVARD,BAISLEY BOULEVARD,MARSDEN STREET,171 STREET,11434,Jamaica,QUEENS,12 QUEENS,40.68100460156994,-73.77344927899911
32541192,2016-01-27T08:28:00.000,Snow,15S Re-Plow/Spread/Ice-Snow Cond.,Street,,,,,11217,BROOKLYN,BROOKLYN,02 BROOKLYN,40.685025557355495,-73.98611827771147
32541202,2016-01-27T15:02:00.000,Snow,15S Re-Plow/Spread/Ice-Snow Cond.,Street,,,,,10013,NEW YORK,MANHATTAN,Unspecified MANHATTAN,40.72351302162665,-74.01034334593864
32541206,2016-01-27T01:03:00.000,Snow,15S Re-Plow/Spread/Ice-Snow Cond.,Street,96 KELVIN AVENUE,KELVIN AVENUE,O'GORMAN AVENUE,DURANT AVENUE,10306,STATEN ISLAND,STATEN ISLAND,03 STATEN ISLAND,40.55450697164349,-74.13445449359665
32541208,2016-01-27T10:31:00.000,Snow,15S Re-Plow/Spread/Ice-Snow Cond.,Street,,,,,11372,Jackson Heights,QUEENS,03 QUEENS,40.756241339299315,-73.87886163193181
32541211,2016-01-27T09:56:00.000,Snow,15S Re-Plow/Spread/Ice-Snow Cond.,Street,74 GLENWOOD AVENUE,GLENWOOD AVENUE,HIGHLAND AVENUE,GRAND AVENUE,10301,STATEN ISLAND,STATEN ISLAND,01 STATEN ISLAND,40.61777378081974,-74.10043485036265
32541212,2016-01-27T07:12:00.000,Snow,15S Re-Plow/Spread/Ice-Snow Cond.,Street,292 EAST    3 STREET,EAST    3 STREET,ALBEMARLE ROAD,CHURCH AVENUE,11218,BROOKLYN,BROOKLYN,12 BROOKLYN,40.64473362852119,-73.9776693283161
32541226,2016-01-27T11:51:00.000,Snow,15S Re-Plow/Spread/Ice-Snow Cond.,Street,163-07 LINDEN BOULEVARD,LINDEN BOULEVARD,GUY R BREWER BOULEVARD,O'DONNELL ROAD,11434,Jamaica,QUEENS,12 QUEENS,40.689075602625685,-73.78561331170283
32541227,2016-01-27T02:13:00.000,Snow,15S Re-Plow/Spread/Ice-Snow Cond.,Street,,,,,11358,Flushing,QUEENS,07 QUEENS,40.75406004629745,-73.80861975438344
32541233,2016-01-27T20:20:00.000,Snow,15S Re-Plow/Spread/Ice-Snow Cond.,Street,,,,,11432,Jamaica,QUEENS,08 QUEENS,40.70771588180822,-73.8027870320592
32541234,2016-01-27T16:42:00.000,Snow,15S Re-Plow/Spread/Ice-Snow Cond.,Street,,,,,10456,BRONX,BRONX,04 BRONX,40.83091503515853,-73.92046218444688
32541235,2016-01-27T07:05:00.000,Snow,15S Re-Plow/Spread/Ice-Snow Cond.,Street,85-25 120 STREET,120 STREET,85 AVENUE,HILLSIDE AVENUE,11415,Kew Gardens,QUEENS,09 QUEENS,40.70257319657894,-73.8310347033321
32541239,2016-01-27T17:01:00.000,Snow,15S Re-Plow/Spread/Ice-Snow Cond.,Street,,,,,10312,STATEN ISLAND,STATEN ISLAND,03 STATEN ISLAND,40.56323162661707,-74.18292999291434
32541248,2016-01-27T07:04:00.000,Snow,15S Re-Plow/Spread/Ice-Snow Cond.,Street,,,,,11367,Flushing,QUEENS,08 QUEENS,40.71735891362206,-73.82170456171109
32541249,2016-01-27T03:30:00.000,Snow,15S Re-Plow/Spread/Ice-Snow Cond.,Street,,,,,11212,BROOKLYN,BROOKLYN,17 BROOKLYN,40.6583989293158,-73.91996866186835
32541250,2016-01-27T02:38:00.000,Snow,15S Re-Plow/Spread/Ice-Snow Cond.,Street,,,,,11234,BROOKLYN,BROOKLYN,18 BROOKLYN,40.6241743117926,-73.909065740711
32541251,2016-01-27T01:44:00.000,Snow,15S Re-Plow/Spread/Ice-Snow Cond.,Street,163-58 SAYRES AVENUE,SAYRES AVENUE,GUY R BREWER BOULEVARD,165 STREET,11433,Jamaica,QUEENS,12 QUEENS,40.68976482658876,-73.78576614976583
32541252,2016-01-27T01:48:00.000,Snow,15S Re-Plow/Spread/Ice-Snow Cond.,Street,16-02 166 STREET,166 STREET,16 AVENUE,16 ROAD,11357,Whitestone,QUEENS,07 QUEENS,40.7840813701634,-73.79697460333378
32541262,2016-01-27T22:28:00.000,Snow,15S Re-Plow/Spread/Ice-Snow Cond.,Street,,,,,,,QUEENS,07 QUEENS,,
32541263,2016-01-27T14:13:00.000,Snow,15S Re-Plow/Spread/Ice-Snow Cond.,Street,408 BARBEY STREET,BARBEY STREET,PITKIN AVENUE,BELMONT AVENUE,11207,BROOKLYN,BROOKLYN,05 BROOKLYN,40.67269403626941,-73.88751752424463
32541264,2016-01-27T13:53:00.000,Snow,15S Re-Plow/Spread/Ice-Snow Cond.,Street,1599 SCHAEFER STREET,SCHAEFER STREET,DEAD END,WYCKOFF AVENUE,11385,Ridgewood,QUEENS,05 QUEENS,40.694740314824884,-73.90286425213942
32541265,2016-01-27T12:38:00.000,Snow,15S Re-Plow/Spread/Ice-Snow Cond.,Street,59-41 69 STREET,69 STREET,59 ROAD,59 DRIVE,11378,Maspeth,QUEENS,05 QUEENS,40.722237191787,-73.8933576813322
32541266,2016-01-27T07:25:00.000,Snow,15S Re-Plow/Spread/Ice-Snow Cond.,Street,104-03 211 PLACE,211 PLACE,104 AVENUE,DEAD END,11429,Queens Village,QUEENS,13 QUEENS,40.71137013348122,-73.74711898892934
32541274,2016-01-27T06:27:00.000,Snow,E9 Snow / Icy Sidewalk,Sidewalk,237 MACON STREET,MACON STREET,TOMPKINS AVENUE,THROOP AVENUE,11216,BROOKLYN,BROOKLYN,03 BROOKLYN,40.68197055254199,-73.94196623866151
32541281,2016-01-27T12:07:00.000,Snow,15S Re-Plow/Spread/Ice-Snow Cond.,Street,45-25 195 STREET,195 STREET,45 AVENUE,46 AVENUE,11358,Flushing,QUEENS,11 QUEENS,40.755209298753165,-73.78631004684968
32541282,2016-01-27T10:49:00.000,Snow,15S Re-Plow/Spread/Ice-Snow Cond.,Street,144 KEATING PLACE,KEATING PLACE,ROCKLAND AVENUE,TRAVIS AVENUE,10314,STATEN ISLAND,STATEN ISLAND,02 STATEN ISLAND,40.59146780824295,-74.15670498078501
32541291,2016-01-27T10:00:00.000,Snow,E9 Snow / Icy Sidewalk,Sidewalk,,,,,10312,STATEN ISLAND,STATEN ISLAND,02 STATEN ISLAND,40.56152224988719,-74.1718512388755
32541300,2016-01-27T01:47:00.000,Snow,15S Re-Plow/Spread/Ice-Snow Cond.,Street,114-36 LINCOLN STREET,LINCOLN STREET,LINDEN BOULEVARD,115 AVENUE,11420,South Ozone Park,QUEENS,10 QUEENS,40.681242853694656,-73.80784804832362
32541301,2016-01-27T21:30:00.000,Snow,15S Re-Plow/Spread/Ice-Snow Cond.,Street,,,,,,,BROOKLYN,Unspecified BROOKLYN,,
32541302,2016-01-27T18:55:00.000,Snow,15S Re-Plow/Spread/Ice-Snow Cond.,Street,540 BEVERLY ROAD,BEVERLY ROAD,EAST 5 STREET,OCEAN PARKWAY,11218,BROOKLYN,BROOKLYN,12 BROOKLYN,40.643198742854835,-73.97499252912698
32541304,2016-01-27T11:51:00.000,Snow,15S Re-Plow/Spread/Ice-Snow Cond.,Street,,,,,11377,Woodside,QUEENS,02 QUEENS,40.7463333675529,-73.8963253758781
32541305,2016-01-27T11:58:00.000,Snow,15S Re-Plow/Spread/Ice-Snow Cond.,Street,,,,,10455,BRONX,BRONX,01 BRONX,40.81462181283366,-73.90857792559163
32541306,2016-01-27T11:17:00.000,Snow,15S Re-Plow/Spread/Ice-Snow Cond.,Street,571 DAVIS AVENUE,DAVIS AVENUE,FOREST AVENUE,MORRISON AVENUE,10310,STATEN ISLAND,STATEN ISLAND,01 STATEN ISLAND,40.629385525740034,-74.10811153459595
32541308,2016-01-27T17:14:00.000,Snow,15S Re-Plow/Spread/Ice-Snow Cond.,Street,,,,,10308,STATEN ISLAND,STATEN ISLAND,03 STATEN ISLAND,40.54242953910562,-74.14590406552244
32541309,2016-01-27T16:08:00.000,Snow,15S Re-Plow/Spread/Ice-Snow Cond.,Street,,,,,10001,NEW YORK,MANHATTAN,04 MANHATTAN,40.74476052345636,-73.99515328086254
32541310,2016-01-27T15:33:00.000,Snow,15S Re-Plow/Spread/Ice-Snow Cond.,Street,,,,,10309,STATEN ISLAND,STATEN ISLAND,03 STATEN ISLAND,40.511735616474176,-74.21043389335118
32541311,2016-01-27T15:18:00.000,Snow,15S Re-Plow/Spread/Ice-Snow Cond.,Street,175 LAWRENCE AVENUE,LAWRENCE AVENUE,EAST 3 STREET,NEWKIRK AVENUE,11230,BROOKLYN,BROOKLYN,14 BROOKLYN,40.63080016296311,-73.97331470825233
32541312,2016-01-27T08:07:00.000,Snow,15S Re-Plow/Spread/Ice-Snow Cond.,Street,250 9 AVENUE,9 AVENUE,WEST 25 STREET,WEST 26 STREET,10001,NEW YORK,MANHATTAN,04 MANHATTAN,40.747903362821965,-74.00028511457553
32541313,2016-01-27T09:03:00.000,Snow,15S Re-Plow/Spread/Ice-Snow Cond.,Street,,,,,10019,NEW YORK,MANHATTAN,05 MANHATTAN,40.7623963774659,-73.9786009241232
32541333,2016-01-27T00:25:00.000,Snow,E9 Snow / Icy Sidewalk,Sidewalk,2589 CONEY ISLAND AVENUE,CONEY ISLAND AVENUE,AVENUE W,LANCASTER AVENUE,11223,BROOKLYN,BROOKLYN,15 BROOKLYN,40.59356619495923,-73.96082074293804
32541342,2016-01-27T12:38:00.000,Snow,15S Re-Plow/Spread/Ice-Snow Cond.,Street,613 FIRST AVENUE,FIRST AVENUE,EAST 35 STREET,EAST 36 STREET,10016,NEW YORK,MANHATTAN,06 MANHATTAN,40.74454610782373,-73.97296961275899
32541348,2016-01-27T18:50:00.000,Snow,E9 Snow / Icy Sidewalk,Sidewalk,,,,,11213,BROOKLYN,BROOKLYN,08 BROOKLYN,40.675039149900094,-73.93052967257964
32541349,2016-01-27T16:31:00.000,Snow,E9 Snow / Icy Sidewalk,Sidewalk,171 MANHATTAN AVENUE,MANHATTAN AVENUE,SCHOLES STREET,STAGG STREET,11206,BROOKLYN,BROOKLYN,01 BROOKLYN,40.70900810688075,-73.94519976643319
32541362,2016-01-27T14:35:00.000,Snow,E9 Snow / Icy Sidewalk,Sidewalk,,,,,10451,BRONX,BRONX,04 BRONX,40.82651623283952,-73.91793812506586
32541371,2016-01-27T11:24:00.000,Snow,E9 Snow / Icy Sidewalk,Sidewalk,272 WEST   91 STREET,WEST   91 STREET,BROADWAY,WEST END AVENUE,10024,NEW YORK,MANHATTAN,07 MANHATTAN,40.791821968655924,-73.9749692054422
32541375,2016-01-27T10:34:00.000,Snow,E9 Snow / Icy Sidewalk,Sidewalk,,,,,11413,Springfield Gardens,QUEENS,13 QUEENS,40.66640400481538,-73.74536818797739
32541379,2016-01-27T07:19:00.000,Snow,E9 Snow / Icy Sidewalk,Sidewalk,1848 EASTERN PARKWAY,EASTERN PARKWAY,PACIFIC STREET,ATLANTIC AVENUE,11233,BROOKLYN,BROOKLYN,16 BROOKLYN,40.67553125423943,-73.90816293111511
32541380,2016-01-27T03:08:00.000,Snow,E9 Snow / Icy Sidewalk,Sidewalk,24-37 85 STREET,85 STREET,ASTORIA BOULEVARD,25 AVENUE,11370,East Elmhurst,QUEENS,03 QUEENS,40.76409666593003,-73.88406368769662
32541381,2016-01-27T02:32:00.000,Snow,E9 Snow / Icy Sidewalk,Sidewalk,300 WEST  140 STREET,WEST  140 STREET,8 AVENUE,EDGECOMBE AVENUE,10030,NEW YORK,MANHATTAN,10 MANHATTAN,40.81975259698522,-73.94444378943041
32541391,2016-01-27T02:26:00.000,Snow,E9 Snow / Icy Sidewalk,Sidewalk,,,,,11357,Whitestone,QUEENS,07 QUEENS,40.78058085221791,-73.81429918393466
32541395,2016-01-27T06:16:00.000,Snow,E9 Snow / Icy Sidewalk,Sidewalk,,,,,11238,BROOKLYN,BROOKLYN,02 BROOKLYN,40.68290863736154,-73.95978394288561
32541403,2016-01-27T06:06:00.000,Snow,E9 Snow / Icy Sidewalk,Sidewalk,,,,,11221,BROOKLYN,BROOKLYN,03 BROOKLYN,40.684564616365115,-73.93237664243166
32541406,2016-01-27T17:01:00.000,Snow,E9 Snow / Icy Sidewalk,Sidewalk,64-92 84 PLACE,84 PLACE,GOLDINGTON COURT,FURMANVILLE AVENUE,11379,Middle Village,QUEENS,05 QUEENS,40.71982219482827,-73.86732601589283
32541407,2016-01-27T14:15:00.000,Snow,E9 Snow / Icy Sidewalk,Sidewalk,69-84 181 STREET,181 STREET,69 AVENUE,73 AVENUE,11365,Fresh Meadows,QUEENS,08 QUEENS,40.73173354044881,-73.78937651136862
32541412,2016-01-27T22:45:00.000,Snow,E9 Snow / Icy Sidewalk,Sidewalk,55-13 137 STREET,137 STREET,ELDER AVENUE,56 AVENUE,11355,Flushing,QUEENS,07 QUEENS,40.74953112166073,-73.82769263998054
32541413,2016-01-27T20:34:00.000,Snow,E9 Snow / Icy Sidewalk,Sidewalk,85-70 188 STREET,188 STREET,GRAND CENTRAL PARKWAY,WICKLOW PLACE,11423,Hollis,QUEENS,08 QUEENS,40.721320494062084,-73.77658434228631
32541415,2016-01-27T14:12:00.000,Snow,E9 Snow / Icy Sidewalk,Sidewalk,224 GREENE AVENUE,GREENE AVENUE,GRAND AVENUE,CLASSON AVENUE,11238,BROOKLYN,BROOKLYN,02 BROOKLYN,40.6871527822946,-73.96192320315153
32541422,2016-01-27T22:44:00.000,Snow,E9 Snow / Icy Sidewalk,Sidewalk,,,,,11203,BROOKLYN,BROOKLYN,17 BROOKLYN,40.65173313718186,-73.93038095615559
32541423,2016-01-27T15:50:00.000,Snow,E9 Snow / Icy Sidewalk,Sidewalk,,,,,11354,Flushing,QUEENS,07 QUEENS,40.758962536095325,-73.8298412521728
32541424,2016-01-27T15:54:00.000,Snow,E9 Snow / Icy Sidewalk,Sidewalk,40-20 QUEENS BOULEVARD,QUEENS BOULEVARD,40 STREET,41 STREET,11104,Sunnyside,QUEENS,02 QUEENS,40.743769392331345,-73.92399099582666
32541425,2016-01-27T15:39:00.000,Snow,E9 Snow / Icy Sidewalk,Sidewalk,893 EAST    8 STREET,EAST    8 STREET,DEAD END,AVENUE I,11230,BROOKLYN,BROOKLYN,12 BROOKLYN,40.62743659925828,-73.96857872471075
32541426,2016-01-27T15:15:00.000,Snow,E9 Snow / Icy Sidewalk,Sidewalk,,,,,10303,STATEN ISLAND,STATEN ISLAND,01 STATEN ISLAND,40.62657061085927,-74.1667699003561
32541427,2016-01-27T15:17:00.000,Snow,E9 Snow / Icy Sidewalk,Sidewalk,73-59 UTOPIA PARKWAY,UTOPIA PARKWAY,74 AVENUE,75 AVENUE,11366,Fresh Meadows,QUEENS,08 QUEENS,40.72919324311348,-73.79315133654171
32541429,2016-01-27T13:31:00.000,Snow,E9 Snow / Icy Sidewalk,Sidewalk,,,,,11233,BROOKLYN,BROOKLYN,16 BROOKLYN,40.67465371383835,-73.90915553741944
32541430,2016-01-27T13:41:00.000,Snow,E9 Snow / Icy Sidewalk,Sidewalk,65-16 MAURICE AVENUE,MAURICE AVENUE,65 STREET,51 ROAD,11377,Woodside,QUEENS,05 QUEENS,40.7342850631379,-73.90076069341326
32541431,2016-01-27T13:44:00.000,Snow,E9 Snow / Icy Sidewalk,Sidewalk,3750 BROADWAY,BROADWAY,WEST 155 STREET,EDWARD M MORGAN PLACE,10032,NEW YORK,MANHATTAN,12 MANHATTAN,40.833276286916906,-73.94544071281297
32541432,2016-01-27T08:08:00.000,Snow,E9 Snow / Icy Sidewalk,Sidewalk,,,,,10308,STATEN ISLAND,STATEN ISLAND,03 STATEN ISLAND,40.56677508417395,-74.15295780930651
32541438,2016-01-27T12:59:00.000,Snow,E9 Snow / Icy Sidewalk,Sidewalk,,,,,10305,STATEN ISLAND,STATEN ISLAND,02 STATEN ISLAND,40.5978076454241,-74.07177019001055
32541439,2016-01-27T10:57:00.000,Snow,E9 Snow / Icy Sidewalk,Sidewalk,366 BEVERLY ROAD,BEVERLY ROAD,EAST DRIVE,DOUGLAS ROAD,11363,Little Neck,QUEENS,11 QUEENS,40.77770829013529,-73.74713064144751
32541441,2016-01-27T10:33:00.000,Snow,E9 Snow / Icy Sidewalk,Sidewalk,,,,,10016,NEW YORK,MANHATTAN,06 MANHATTAN,40.74409122257997,-73.97634767052897
32541442,2016-01-27T10:16:00.000,Snow,E9 Snow / Icy Sidewalk,Sidewalk,351 MONTREAL AVENUE,MONTREAL AVENUE,HYLAN BOULEVARD,PENDALE STREET,10306,STATEN ISLAND,STATEN ISLAND,03 STATEN ISLAND,40.55856911624744,-74.12488620491892
32541444,2016-01-27T09:41:00.000,Snow,E9 Snow / Icy Sidewalk,Sidewalk,,,,,11201,BROOKLYN,BROOKLYN,06 BROOKLYN,40.68735943045193,-73.9978725966802
32541447,2016-01-27T08:29:00.000,Snow,E9 Snow / Icy Sidewalk,Sidewalk,103-15 106 STREET,106 STREET,103 AVENUE,LIBERTY AVENUE,11417,Ozone Park,QUEENS,10 QUEENS,40.684390362187024,-73.83571759586403
32541448,2016-01-27T07:40:00.000,Snow,E9 Snow / Icy Sidewalk,Sidewalk,459 MONROE STREET,MONROE STREET,MARCUS GARVEY BOULEVARD,LEWIS AVENUE,11221,BROOKLYN,BROOKLYN,03 BROOKLYN,40.68688182356483,-73.9383670381617
32541449,2016-01-27T06:55:00.000,Snow,E9 Snow / Icy Sidewalk,Sidewalk,640 PELHAM PARKWAY SOUTH,PELHAM PARKWAY SOUTH,BOLTON STREET,WHITE PLAINS ROAD,10462,BRONX,BRONX,11 BRONX,40.85660720125765,-73.86834007985136
32541450,2016-01-27T07:15:00.000,Snow,E9 Snow / Icy Sidewalk,Sidewalk,,,,,11411,Cambria Heights,QUEENS,13 QUEENS,40.700904984625176,-73.7304857574349
32541452,2016-01-27T01:32:00.000,Snow,E9 Snow / Icy Sidewalk,Sidewalk,75-03 189 STREET,189 STREET,75 AVENUE,UNION TURNPIKE,11366,Fresh Meadows,QUEENS,08 QUEENS,40.73117729236943,-73.78105065885846
32541460,2016-01-27T06:00:00.000,Snow,E9 Snow / Icy Sidewalk,Sidewalk,,,,,11385,Ridgewood,QUEENS,05 QUEENS,40.7126973856682,-73.90059444155973
32541464,2016-01-27T03:20:00.000,Snow,E9 Snow / Icy Sidewalk,Sidewalk,184-21 JAMAICA AVENUE,JAMAICA AVENUE,184 STREET,184 PLACE,11423,Hollis,QUEENS,12 QUEENS,40.70929878288401,-73.7753694105345
32541465,2016-01-27T02:48:00.000,Snow,E9 Snow / Icy Sidewalk,Sidewalk,401 EAST   82 STREET,EAST   82 STREET,1 AVENUE,YORK AVENUE,10028,NEW YORK,MANHATTAN,08 MANHATTAN,40.77415735847682,-73.95091929394509
32541466,2016-01-27T02:59:00.000,Snow,E9 Snow / Icy Sidewalk,Sidewalk,67-81 152 STREET,152 STREET,MELBOURNE AVENUE,JEWEL AVENUE,11367,Flushing,QUEENS,08 QUEENS,40.7322593875386,-73.81765958433921
32541468,2016-01-27T00:56:00.000,Snow,E9 Snow / Icy Sidewalk,Sidewalk,267 WARREN STREET,WARREN STREET,COURT STREET,SMITH STREET,11201,BROOKLYN,BROOKLYN,02 BROOKLYN,40.686063698779286,-73.99289316869704
32541469,2016-01-27T01:22:00.000,Snow,E9 Snow / Icy Sidewalk,Sidewalk,2425 KINGS HIGHWAY,KINGS HIGHWAY,EAST 24 STREET,BEDFORD AVENUE,11229,BROOKLYN,BROOKLYN,14 BROOKLYN,40.61255585965689,-73.94969826593278
32541478,2016-01-27T21:52:00.000,Snow,E9 Snow / Icy Sidewalk,Sidewalk,53-10 97 STREET,97 STREET,CHRISTIE AVENUE,55 AVENUE,11368,Corona,QUEENS,04 QUEENS,40.74000195684234,-73.86521809218375
32541479,2016-01-27T21:40:00.000,Snow,E9 Snow / Icy Sidewalk,Sidewalk,162 FLATBUSH AVENUE,FLATBUSH AVENUE,PACIFIC STREET,5 AVENUE,11217,BROOKLYN,BROOKLYN,06 BROOKLYN,40.68294623554901,-73.97666140591635
32541480,2016-01-27T15:34:00.000,Snow,E9 Snow / Icy Sidewalk,Sidewalk,289 HALSEY STREET,HALSEY STREET,TOMPKINS AVENUE,THROOP AVENUE,11216,BROOKLYN,BROOKLYN,03 BROOKLYN,40.68275813793226,-73.94164105642274
32541481,2016-01-27T15:06:00.000,Snow,E9 Snow / Icy Sidewalk,Sidewalk,,,,,11216,BROOKLYN,BROOKLYN,08 BROOKLYN,40.670124555790814,-73.9552711855416
32541482,2016-01-26T23:40:00.000,Snow,E9 Snow / Icy Sidewalk,Sidewalk,69-02 199 STREET,199 STREET,69 AVENUE,73 AVENUE,11365,Fresh Meadows,QUEENS,08 QUEENS,40.73757049241725,-73.77427815214789
32541484,2016-01-27T11:43:00.000,Snow,E9 Snow / Icy Sidewalk,Sidewalk,,,,,10003,NEW YORK,MANHATTAN,02 MANHATTAN,40.73600469147482,-73.99361673902219
32541485,2016-01-27T11:23:00.000,Snow,E9 Snow / Icy Sidewalk,Sidewalk,,,,,11220,BROOKLYN,BROOKLYN,10 BROOKLYN,40.63779424098729,-74.02509191968082
32541488,2016-01-27T16:26:00.000,Snow,E9 Snow / Icy Sidewalk,Sidewalk,2036 EAST   13 STREET,EAST   13 STREET,AVENUE T,AVENUE U,11229,BROOKLYN,BROOKLYN,15 BROOKLYN,40.59996351273297,-73.95851951980049
32541492,2016-01-27T18:44:00.000,Snow,E9 Snow / Icy Sidewalk,Sidewalk,,,,,11366,Fresh Meadows,QUEENS,08 QUEENS,40.72175133879533,-73.80364019366561
32541493,2016-01-27T16:51:00.000,Snow,E9 Snow / Icy Sidewalk,Sidewalk,,,,,11211,BROOKLYN,BROOKLYN,01 BROOKLYN,40.71276949503803,-73.94747999590878
32541494,2016-01-27T16:33:00.000,Snow,E9 Snow / Icy Sidewalk,Sidewalk,51-11 CONCORD STREET,CONCORD STREET,GLENWOOD STREET,BATES ROAD,11362,Little Neck,QUEENS,11 QUEENS,40.76907351664218,-73.72910877397153
32541495,2016-01-27T15:45:00.000,Snow,E9 Snow / Icy Sidewalk,Sidewalk,,,,,,,QUEENS,02 QUEENS,,
32541496,2016-01-27T11:05:00.000,Snow,E9 Snow / Icy Sidewalk,Sidewalk,45 CAMBRIDGE AVENUE,CAMBRIDGE AVENUE,WATCHOGUE ROAD,CASWELL AVENUE,10314,STATEN ISLAND,STATEN ISLAND,01 STATEN ISLAND,40.61624143880666,-74.14915945958899
32541497,2016-01-27T08:43:00.000,Snow,E9 Snow / Icy Sidewalk,Sidewalk,212 OAKWOOD AVENUE,OAKWOOD AVENUE,FOREST AVENUE,NORMA PLACE,10301,STATEN ISLAND,STATEN ISLAND,01 STATEN ISLAND,40.63029744291147,-74.10137598544229
32541498,2016-01-27T08:28:00.000,Snow,E9 Snow / Icy Sidewalk,Sidewalk,71 15 STREET,15 STREET,2 AVENUE,3 AVENUE,11215,BROOKLYN,BROOKLYN,06 BROOKLYN,40.668192572349454,-73.9947154626163
32541499,2016-01-27T08:14:00.000,Snow,E9 Snow / Icy Sidewalk,Sidewalk,2432 YATES AVENUE,YATES AVENUE,WARING AVENUE,MACE AVENUE,10469,BRONX,BRONX,11 BRONX,40.86182245267673,-73.85487386209626
32541500,2016-01-27T07:38:00.000,Snow,E9 Snow / Icy Sidewalk,Sidewalk,46-24 28 STREET,28 STREET,SKILLMAN AVENUE,47 AVENUE,11101,Long Island City,QUEENS,02 QUEENS,40.74435764471286,-73.93934599968917
32541503,2016-01-27T12:01:00.000,Snow,E9 Snow / Icy Sidewalk,Sidewalk,,,,,11201,BROOKLYN,BROOKLYN,02 BROOKLYN,40.69824630358153,-73.98054370303672
32541504,2016-01-27T11:23:00.000,Snow,E9 Snow / Icy Sidewalk,Sidewalk,1694 EAST   48 STREET,EAST   48 STREET,AVENUE M,AVENUE N,11234,BROOKLYN,BROOKLYN,18 BROOKLYN,40.619442540042925,-73.92889454882246
32541505,2016-01-27T10:16:00.000,Snow,E9 Snow / Icy Sidewalk,Sidewalk,,,,,11211,BROOKLYN,BROOKLYN,01 BROOKLYN,40.70774372046053,-73.95360481662026
32541506,2016-01-27T10:14:00.000,Snow,E9 Snow / Icy Sidewalk,Sidewalk,323 JEFFERSON STREET,JEFFERSON STREET,KNICKERBOCKER AVENUE,IRVING AVENUE,11237,BROOKLYN,BROOKLYN,04 BROOKLYN,40.70469899722904,-73.92589660504099
32541508,2016-01-27T08:39:00.000,Snow,E9 Snow / Icy Sidewalk,Sidewalk,110-10 167 STREET,167 STREET,110 ROAD,111 AVENUE,11433,Jamaica,QUEENS,12 QUEENS,40.6939822533573,-73.78507103850166
32541509,2016-01-27T05:48:00.000,Snow,E9 Snow / Icy Sidewalk,Sidewalk,15 HOWARD COURT,HOWARD COURT,BEMENT AVENUE,ELIZABETH AVENUE,10310,STATEN ISLAND,STATEN ISLAND,01 STATEN ISLAND,40.641268697735065,-74.1128078459802
32541513,2016-01-27T09:29:00.000,Snow,E9 Snow / Icy Sidewalk,Sidewalk,243 EAST    2 STREET,EAST    2 STREET,AVENUE B,AVENUE C,10009,NEW YORK,MANHATTAN,03 MANHATTAN,40.72135468192993,-73.98188980979673
32541514,2016-01-27T08:45:00.000,Snow,E9 Snow / Icy Sidewalk,Sidewalk,4218 DIGNEY AVENUE,DIGNEY AVENUE,BUSSING AVENUE,PITMAN AVENUE,10466,BRONX,BRONX,12 BRONX,40.89389012517244,-73.85166431412124
32541515,2016-01-27T08:51:00.000,Snow,E9 Snow / Icy Sidewalk,Sidewalk,41-18 74 STREET,74 STREET,41 AVENUE,WOODSIDE AVENUE,11373,Elmhurst,QUEENS,04 QUEENS,40.74462396830821,-73.8910085611765
32541516,2016-01-27T08:53:00.000,Snow,E9 Snow / Icy Sidewalk,Sidewalk,1817 VICTORY BOULEVARD,VICTORY BOULEVARD,MANOR ROAD,RAYMOND AVENUE,10314,STATEN ISLAND,STATEN ISLAND,01 STATEN ISLAND,40.61301628975533,-74.12373465349997
32541517,2016-01-27T08:18:00.000,Snow,E9 Snow / Icy Sidewalk,Sidewalk,80-76 88 AVENUE,88 AVENUE,80 STREET,85 STREET,11421,Woodhaven,QUEENS,09 QUEENS,40.69010002840313,-73.8611288839191
32541521,2016-01-27T02:42:00.000,Snow,E9 Snow / Icy Sidewalk,Sidewalk,272 WILLIS AVENUE,WILLIS AVENUE,EAST 138 STREET,EAST 139 STREET,10454,BRONX,BRONX,01 BRONX,40.80961740535932,-73.92250335121955
32541523,2016-01-27T01:42:00.000,Snow,E9 Snow / Icy Sidewalk,Sidewalk,91-60 ATLANTIC AVENUE,ATLANTIC AVENUE,91 STREET,92 STREET,11416,Ozone Park,QUEENS,09 QUEENS,40.68756749138294,-73.8508720957105
32541524,2016-01-27T02:04:00.000,Snow,E9 Snow / Icy Sidewalk,Sidewalk,182 EAST  117 STREET,EAST  117 STREET,LEXINGTON AVENUE,3 AVENUE,10035,NEW YORK,MANHATTAN,11 MANHATTAN,40.79887682175728,-73.94014148766472
32541530,2016-01-27T00:15:00.000,Snow,E9 Snow / Icy Sidewalk,Sidewalk,,,,,10309,STATEN ISLAND,STATEN ISLAND,03 STATEN ISLAND,40.54567266268514,-74.21630857327456
32541543,2016-01-27T16:05:00.000,Snow,E9 Snow / Icy Sidewalk,Sidewalk,240 MEEKER AVENUE,MEEKER AVENUE,SKILLMAN AVENUE,JACKSON STREET,11211,BROOKLYN,BROOKLYN,01 BROOKLYN,40.715979450410885,-73.95047875449036
32541545,2016-01-27T13:51:00.000,Snow,E9 Snow / Icy Sidewalk,Sidewalk,1729 VAN BUREN STREET,VAN BUREN STREET,VAN NEST AVENUE,MORRIS PARK AVENUE,10460,BRONX,BRONX,11 BRONX,40.841637382176586,-73.87060324196548
32541551,2016-01-27T12:06:00.000,Snow,E9 Snow / Icy Sidewalk,Sidewalk,908 HUNTS POINT AVENUE,HUNTS POINT AVENUE,AMTRAK RAILROAD,BRUCKNER EXPRESSWAY EXIT 49 EB,10474,BRONX,BRONX,02 BRONX,40.81975480364306,-73.89012679291136
32541553,2016-01-27T08:59:00.000,Snow,E9 Snow / Icy Sidewalk,Sidewalk,41-32 76 STREET,76 STREET,41 AVENUE,WOODSIDE AVENUE,11373,Elmhurst,QUEENS,04 QUEENS,40.74464686946886,-73.88912108381582
32542344,2016-01-27T01:13:00.000,Snow,15S Re-Plow/Spread/Ice-Snow Cond.,Street,,,,,11368,Corona,QUEENS,04 QUEENS,40.74593081249945,-73.85629200837332
32542345,2016-01-27T12:31:00.000,Snow,15S Re-Plow/Spread/Ice-Snow Cond.,Street,135 OCEAN AVENUE,OCEAN AVENUE,EAST LAKE DRIVE,EAST DRIVE,11225,BROOKLYN,BROOKLYN,09 BROOKLYN,40.65976291489314,-73.96268131825683
32542347,2016-01-27T23:46:00.000,Snow,15S Re-Plow/Spread/Ice-Snow Cond.,Street,835 8 AVENUE,8 AVENUE,WEST 50 STREET,WEST 51 STREET,10019,NEW YORK,MANHATTAN,04 MANHATTAN,40.762499065430895,-73.98596495701572
32542348,2016-01-27T21:32:00.000,Snow,15S Re-Plow/Spread/Ice-Snow Cond.,Street,2260 UNIVERSITY AVENUE,UNIVERSITY AVENUE,WEST 183 STREET,WEST FORDHAM ROAD,10468,BRONX,BRONX,07 BRONX,40.8602213546592,-73.90720656103667
32542349,2016-01-27T19:16:00.000,Snow,15S Re-Plow/Spread/Ice-Snow Cond.,Street,203 PINEWOOD AVENUE,PINEWOOD AVENUE,DEAD END,PARK STREET,10306,STATEN ISLAND,STATEN ISLAND,03 STATEN ISLAND,40.570009347285435,-74.13704129834083
32542350,2016-01-27T15:37:00.000,Snow,15S Re-Plow/Spread/Ice-Snow Cond.,Street,,,,,11357,Whitestone,QUEENS,07 QUEENS,40.787677606807925,-73.81875367806425
32542351,2016-01-27T13:38:00.000,Snow,15S Re-Plow/Spread/Ice-Snow Cond.,Street,747 10 AVENUE,10 AVENUE,WEST 50 STREET,WEST 51 STREET,10019,NEW YORK,MANHATTAN,04 MANHATTAN,40.76509338829056,-73.99150211470403
32542384,2016-01-27T05:30:00.000,Snow,15S Re-Plow/Spread/Ice-Snow Cond.,Street,,,,,10309,STATEN ISLAND,STATEN ISLAND,03 STATEN ISLAND,40.51685096590691,-74.23230283434599
32542394,2016-01-27T09:52:00.000,Snow,15S Re-Plow/Spread/Ice-Snow Cond.,Street,1116 EAST  224 STREET,EAST  224 STREET,BEND,SCHIEFFELIN AVENUE,10466,BRONX,BRONX,12 BRONX,40.8830776176274,-73.84864343985352
32542395,2016-01-27T09:18:00.000,Snow,15S Re-Plow/Spread/Ice-Snow Cond.,Street,70-35 150 STREET,150 STREET,70 ROAD,71 AVENUE,11367,Flushing,QUEENS,08 QUEENS,40.73011453227645,-73.8186396375293
32542400,2016-01-27T18:31:00.000,Snow,15S Re-Plow/Spread/Ice-Snow Cond.,Street,,,,,11230,BROOKLYN,BROOKLYN,14 BROOKLYN,40.629842190450276,-73.96322043516365
32542401,2016-01-27T16:05:00.000,Snow,15S Re-Plow/Spread/Ice-Snow Cond.,Street,,,,,11354,Flushing,QUEENS,07 QUEENS,40.7752583919769,-73.8245498945
32542402,2016-01-27T14:12:00.000,Snow,15S Re-Plow/Spread/Ice-Snow Cond.,Street,,,,,11433,Jamaica,QUEENS,12 QUEENS,40.70794709946652,-73.78330552407894
32542403,2016-01-27T01:52:00.000,Snow,15S Re-Plow/Spread/Ice-Snow Cond.,Street,95-61 115 STREET,115 STREET,95 AVENUE,101 AVENUE,11419,South Richmond Hill,QUEENS,09 QUEENS,40.69104960207603,-73.8303282864637
32542404,2016-01-27T11:03:00.000,Snow,15S Re-Plow/Spread/Ice-Snow Cond.,Street,,,,,11375,Forest Hills,QUEENS,06 QUEENS,40.72096620537131,-73.84289312884077
32542405,2016-01-27T10:59:00.000,Snow,15S Re-Plow/Spread/Ice-Snow Cond.,Street,111-07 225 STREET,225 STREET,111 AVENUE,112 AVENUE,11429,Queens Village,QUEENS,13 QUEENS,40.70590931739041,-73.73191906064662
32542406,2016-01-27T09:40:00.000,Snow,15S Re-Plow/Spread/Ice-Snow Cond.,Street,,,,,11360,Bayside,QUEENS,07 QUEENS,40.78309927768119,-73.78368564189901
32542407,2016-01-27T09:25:00.000,Snow,15S Re-Plow/Spread/Ice-Snow Cond.,Street,,,,,11412,Saint Albans,QUEENS,12 QUEENS,40.70359969190992,-73.76126493609237
32542413,2016-01-27T01:29:00.000,Snow,15S Re-Plow/Spread/Ice-Snow Cond.,Street,,,,,10019,NEW YORK,MANHATTAN,04 MANHATTAN,40.763484752641574,-73.98894651811928
32542414,2016-01-27T02:08:00.000,Snow,15S Re-Plow/Spread/Ice-Snow Cond.,Street,114-05 120 STREET,120 STREET,LINDEN BOULEVARD,115 AVENUE,11420,South Ozone Park,QUEENS,10 QUEENS,40.67869522988674,-73.8194212170163
32542420,2016-01-27T08:30:00.000,Snow,15S Re-Plow/Spread/Ice-Snow Cond.,Street,,,,,11231,BROOKLYN,BROOKLYN,06 BROOKLYN,40.67994534728925,-73.9895588557994
32542421,2016-01-27T06:53:00.000,Snow,15S Re-Plow/Spread/Ice-Snow Cond.,Street,,,,,11411,Cambria Heights,QUEENS,13 QUEENS,40.70139929349573,-73.74136109607456
32542439,2016-01-27T06:15:00.000,Snow,E9 Snow / Icy Sidewalk,Sidewalk,91 BOERUM STREET,BOERUM STREET,LEONARD STREET,MANHATTAN AVENUE,11206,BROOKLYN,BROOKLYN,01 BROOKLYN,40.705676111622125,-73.94551268688019
32542440,2016-01-27T05:17:00.000,Snow,E9 Snow / Icy Sidewalk,Sidewalk,,,,,11236,BROOKLYN,BROOKLYN,17 BROOKLYN,40.64503183981797,-73.91997748813249
32542441,2016-01-27T01:12:00.000,Snow,E9 Snow / Icy Sidewalk,Sidewalk,57-43 GRANGER STREET,GRANGER STREET,MARTENSE AVENUE,OTIS AVENUE,11368,Corona,QUEENS,04 QUEENS,40.73900890710297,-73.8565847977299
32542444,2016-01-27T03:37:00.000,Snow,15S Re-Plow/Spread/Ice-Snow Cond.,Street,2106 LACOMBE AVENUE,LACOMBE AVENUE,OLMSTEAD AVENUE,TORRY AVENUE,10473,BRONX,BRONX,09 BRONX,40.81652882444467,-73.85028686945307
32542445,2016-01-27T01:19:00.000,Snow,15S Re-Plow/Spread/Ice-Snow Cond.,Street,3133 MILES AVENUE,MILES AVENUE,WASHINGTON AVENUE,BLAIR AVENUE,10465,BRONX,BRONX,10 BRONX,40.82161401483984,-73.80889878262725
32542452,2016-01-27T15:13:00.000,Snow,15S Re-Plow/Spread/Ice-Snow Cond.,Street,120 ANDERSON AVENUE,ANDERSON AVENUE,PARK AVENUE,PORT RICHMOND AVENUE,10302,STATEN ISLAND,STATEN ISLAND,01 STATEN ISLAND,40.63492695742812,-74.13442196479973
32542453,2016-01-27T00:34:00.000,Snow,15S Re-Plow/Spread/Ice-Snow Cond.,Street,27-19 DITMARS BOULEVARD,DITMARS BOULEVARD,27 STREET,28 STREET,11105,Astoria,QUEENS,01 QUEENS,40.77767009611018,-73.91287479433421
32542454,2016-01-27T00:41:00.000,Snow,15S Re-Plow/Spread/Ice-Snow Cond.,Street,273 WEST  131 STREET,WEST  131 STREET,7 AVENUE,8 AVENUE,10027,NEW YORK,MANHATTAN,10 MANHATTAN,40.81383945716318,-73.94816250046755
32542463,2016-01-27T08:06:00.000,Snow,15S Re-Plow/Spread/Ice-Snow Cond.,Street,480 EAST  139 STREET,EAST  139 STREET,WILLIS AVENUE,BROOK AVENUE,10454,BRONX,BRONX,01 BRONX,40.80870985946596,-73.91988907094776
32542464,2016-01-27T12:10:00.000,Snow,15S Re-Plow/Spread/Ice-Snow Cond.,Street,1116 FOREST AVENUE,FOREST AVENUE,EAST 166 STREET,HOME STREET,10456,BRONX,BRONX,03 BRONX,40.827272673838365,-73.90242868503096
32542465,2016-01-27T07:20:00.000,Snow,15S Re-Plow/Spread/Ice-Snow Cond.,Street,85-68 263 STREET,263 STREET,EAST WILLISTON AVENUE,86 AVENUE,11001,Floral Park,QUEENS,13 QUEENS,40.7350109247533,-73.70450469037507
32542467,2016-01-27T17:28:00.000,Snow,15S Re-Plow/Spread/Ice-Snow Cond.,Street,,,,,10314,STATEN ISLAND,STATEN ISLAND,02 STATEN ISLAND,40.60772398818237,-74.14729647569187
32542498,2016-01-27T13:16:00.000,Snow,15S Re-Plow/Spread/Ice-Snow Cond.,Street,31-11 THOMSON AVENUE,THOMSON AVENUE,31 STREET,QUEENS BOULEVARD,11101,Long Island City,QUEENS,02 QUEENS,40.74491244432225,-73.93497513586667
32542499,2016-01-27T12:35:00.000,Snow,15S Re-Plow/Spread/Ice-Snow Cond.,Street,,,,,10022,NEW YORK,MANHATTAN,06 MANHATTAN,40.7577007875497,-73.96939440358301
32542500,2016-01-27T10:02:00.000,Snow,15S Re-Plow/Spread/Ice-Snow Cond.,Street,431 EAST  144 STREET,EAST  144 STREET,WILLIS AVENUE,BROOK AVENUE,10454,BRONX,BRONX,01 BRONX,40.81247781925742,-73.91910783755301
32542501,2016-01-27T08:32:00.000,Snow,15S Re-Plow/Spread/Ice-Snow Cond.,Street,,,,,10314,STATEN ISLAND,STATEN ISLAND,02 STATEN ISLAND,40.58225775380544,-74.15559254043313
32542523,2016-01-27T07:45:00.000,Snow,E9 Snow / Icy Sidewalk,Sidewalk,20 STANHOPE STREET,STANHOPE STREET,BUSHWICK AVENUE,EVERGREEN AVENUE,11221,BROOKLYN,BROOKLYN,04 BROOKLYN,40.69484819867588,-73.92616359208722
32542529,2016-01-27T06:06:00.000,Snow,E9 Snow / Icy Sidewalk,Sidewalk,59-27 55 STREET,55 STREET,GRAND AVENUE,LONG ISLAND RAILROAD,11378,Maspeth,QUEENS,05 QUEENS,40.716714873489806,-73.91312041311674
32542530,2016-01-27T03:34:00.000,Snow,E9 Snow / Icy Sidewalk,Sidewalk,4010 AVENUE U,AVENUE U,KIMBALL STREET,COLEMAN STREET,11234,BROOKLYN,BROOKLYN,18 BROOKLYN,40.60843870629133,-73.92466009216623
32542531,2016-01-27T03:02:00.000,Snow,E9 Snow / Icy Sidewalk,Sidewalk,15-47 208 STREET,208 STREET,15 ROAD,15 DRIVE,11360,Bayside,QUEENS,07 QUEENS,40.783996719980586,-73.7851054652462
32542534,2016-01-27T01:25:00.000,Snow,E9 Snow / Icy Sidewalk,Sidewalk,,,,,11413,Springfield Gardens,QUEENS,13 QUEENS,40.659348038580575,-73.75981940424063
32542535,2016-01-27T01:44:00.000,Snow,E9 Snow / Icy Sidewalk,Sidewalk,725 AVENUE Y,AVENUE Y,EAST 7 STREET,CONEY ISLAND AVENUE,11235,BROOKLYN,BROOKLYN,15 BROOKLYN,40.58929020838874,-73.96204741260063
32542536,2016-01-27T01:50:00.000,Snow,E9 Snow / Icy Sidewalk,Sidewalk,,,,,11233,BROOKLYN,BROOKLYN,03 BROOKLYN,40.68050554137853,-73.9285698518565
32542561,2016-01-27T22:48:00.000,Snow,E9 Snow / Icy Sidewalk,Sidewalk,84-53 57 AVENUE,57 AVENUE,84 STREET,85 STREET,11373,Elmhurst,QUEENS,04 QUEENS,40.73117271911749,-73.87810980488347
32542562,2016-01-27T20:31:00.000,Snow,E9 Snow / Icy Sidewalk,Sidewalk,,,,,11377,Woodside,QUEENS,02 QUEENS,40.742102496087185,-73.90444800082257
32542564,2016-01-27T02:30:00.000,Snow,E9 Snow / Icy Sidewalk,Sidewalk,32 SAINT NICHOLAS PLACE,SAINT NICHOLAS PLACE,WEST 151 STREET,WEST 152 STREET,10031,NEW YORK,MANHATTAN,09 MANHATTAN,40.828224178514546,-73.94169053008912
32542578,2016-01-27T14:02:00.000,Snow,E9 Snow / Icy Sidewalk,Sidewalk,212 SPENCER STREET,SPENCER STREET,WILLOUGHBY AVENUE,DEKALB AVENUE,11205,BROOKLYN,BROOKLYN,03 BROOKLYN,40.69201114429037,-73.95467593386844
32542579,2016-01-27T13:20:00.000,Snow,E9 Snow / Icy Sidewalk,Sidewalk,1768 SAINT JOHNS PLACE,SAINT JOHNS PLACE,EASTERN PARKWAY,SARATOGA AVENUE,11233,BROOKLYN,BROOKLYN,16 BROOKLYN,40.669893064643986,-73.91854177836329
32542580,2016-01-27T12:31:00.000,Snow,E9 Snow / Icy Sidewalk,Sidewalk,,,,,10307,STATEN ISLAND,STATEN ISLAND,03 STATEN ISLAND,40.515992422638014,-74.23870528602018
32542581,2016-01-27T12:38:00.000,Snow,E9 Snow / Icy Sidewalk,Sidewalk,123-07 22 AVENUE,22 AVENUE,123 STREET,124 STREET,11356,College Point,QUEENS,07 QUEENS,40.78015953687527,-73.84493077878966
32542582,2016-01-27T11:27:00.000,Snow,E9 Snow / Icy Sidewalk,Sidewalk,,,,,10314,STATEN ISLAND,STATEN ISLAND,01 STATEN ISLAND,40.61059606341703,-74.12812054954892
32542583,2016-01-27T10:15:00.000,Snow,E9 Snow / Icy Sidewalk,Sidewalk,,,,,11249,BROOKLYN,BROOKLYN,01 BROOKLYN,40.71205736923351,-73.96614371740414
32542584,2016-01-27T10:22:00.000,Snow,E9 Snow / Icy Sidewalk,Sidewalk,82-60 AUSTIN STREET,AUSTIN STREET,82 DRIVE,LEFFERTS BOULEVARD,11415,Kew Gardens,QUEENS,09 QUEENS,40.70971372702157,-73.83011125035438
32542585,2016-01-27T09:19:00.000,Snow,E9 Snow / Icy Sidewalk,Sidewalk,2103 ALBEMARLE TERRACE,ALBEMARLE TERRACE,EAST 21 STREET,DEAD END,11226,BROOKLYN,BROOKLYN,14 BROOKLYN,40.648585095250866,-73.9595235453705
32542586,2016-01-27T08:56:00.000,Snow,E9 Snow / Icy Sidewalk,Sidewalk,36-22 190 STREET,190 STREET,CROCHERON AVENUE,37 AVENUE,11358,Flushing,QUEENS,11 QUEENS,40.76283353763721,-73.7919350238925
32542592,2016-01-27T13:16:00.000,Snow,E9 Snow / Icy Sidewalk,Sidewalk,1042 EAST  219 STREET,EAST  219 STREET,PAULDING AVENUE,LACONIA AVENUE,10469,BRONX,BRONX,12 BRONX,40.880575137170595,-73.85342258987441
32542593,2016-01-27T08:27:00.000,Snow,E9 Snow / Icy Sidewalk,Sidewalk,86-54 85 STREET,85 STREET,JAMAICA AVENUE,87 AVENUE,11421,Woodhaven,QUEENS,09 QUEENS,40.692307008846136,-73.85902196562373
32542594,2016-01-27T07:04:00.000,Snow,E9 Snow / Icy Sidewalk,Sidewalk,,,,,11101,Long Island City,QUEENS,02 QUEENS,40.7490544782745,-73.95221180361203
32542605,2016-01-27T03:46:00.000,Snow,E9 Snow / Icy Sidewalk,Sidewalk,,,,,,,BROOKLYN,05 BROOKLYN,,
32542606,2016-01-27T03:23:00.000,Snow,E9 Snow / Icy Sidewalk,Sidewalk,2222 OCEAN AVENUE,OCEAN AVENUE,QUENTIN ROAD,AVENUE R,11229,BROOKLYN,BROOKLYN,15 BROOKLYN,40.60754250080351,-73.95296136274816
32542614,2016-01-27T11:31:00.000,Snow,E9 Snow / Icy Sidewalk,Sidewalk,83-18 94 STREET,94 STREET,DEAD END,PARK LANE SOUTH,11421,Woodhaven,QUEENS,09 QUEENS,40.69813886637275,-73.851843803839
32542617,2016-01-27T02:54:00.000,Snow,E9 Snow / Icy Sidewalk,Sidewalk,,,,,11210,BROOKLYN,BROOKLYN,14 BROOKLYN,40.632885637657495,-73.94769778544028
32542620,2016-01-27T01:02:00.000,Snow,E9 Snow / Icy Sidewalk,Sidewalk,1468 FLATBUSH AVENUE,FLATBUSH AVENUE,FARRAGUT ROAD,EAST 28 STREET,11210,BROOKLYN,BROOKLYN,14 BROOKLYN,40.63508527091062,-73.95007760774381
32542621,2016-01-27T02:06:00.000,Snow,E9 Snow / Icy Sidewalk,Sidewalk,,,,,11421,Woodhaven,QUEENS,09 QUEENS,40.692574954643426,-73.8581739761326
32542622,2016-01-27T02:13:00.000,Snow,E9 Snow / Icy Sidewalk,Sidewalk,105 THAMES STREET,THAMES STREET,KNICKERBOCKER AVENUE,PORTER AVENUE,11237,BROOKLYN,BROOKLYN,01 BROOKLYN,40.70541168561816,-73.92873792866847
32542625,2016-01-27T19:54:00.000,Snow,E9 Snow / Icy Sidewalk,Sidewalk,21-27 149 STREET,149 STREET,21 AVENUE,22 AVENUE,11357,Whitestone,QUEENS,07 QUEENS,40.77975654547173,-73.81717927421164
32542626,2016-01-27T15:30:00.000,Snow,E9 Snow / Icy Sidewalk,Sidewalk,311 MAUJER STREET,MAUJER STREET,WATERBURY STREET,MORGAN AVENUE,11206,BROOKLYN,BROOKLYN,01 BROOKLYN,40.71210272833031,-73.93696219543831
32542627,2016-01-27T15:12:00.000,Snow,E9 Snow / Icy Sidewalk,Sidewalk,260 65 STREET,65 STREET,BELT PARKWAY,3 AVENUE,11220,BROOKLYN,BROOKLYN,10 BROOKLYN,40.6398282710889,-74.02442609252809
32542631,2016-01-27T08:45:00.000,Snow,E9 Snow / Icy Sidewalk,Sidewalk,,,,,11207,BROOKLYN,BROOKLYN,05 BROOKLYN,40.66065647048319,-73.88578611871073
32542632,2016-01-27T14:56:00.000,Snow,E9 Snow / Icy Sidewalk,Sidewalk,1995 WEST    9 STREET,WEST    9 STREET,AVENUE S,AVENUE T,11223,BROOKLYN,BROOKLYN,11 BROOKLYN,40.59887422955201,-73.98085353688333
32542633,2016-01-27T13:42:00.000,Snow,E9 Snow / Icy Sidewalk,Sidewalk,300 EAST   41 STREET,EAST   41 STREET,2 AVENUE,TUDOR CITY PLACE,10017,NEW YORK,MANHATTAN,06 MANHATTAN,40.74903639027576,-73.97243364301602
32542634,2016-01-27T12:24:00.000,Snow,E9 Snow / Icy Sidewalk,Sidewalk,1136 MANHATTAN AVENUE,MANHATTAN AVENUE,CLAY STREET,BOX STREET,11222,BROOKLYN,BROOKLYN,01 BROOKLYN,40.73713530005927,-73.95538858231058
32542635,2016-01-27T11:49:00.000,Snow,E9 Snow / Icy Sidewalk,Sidewalk,,,,,10014,NEW YORK,MANHATTAN,02 MANHATTAN,40.731893164730316,-74.00378858703887
32542636,2016-01-27T11:34:00.000,Snow,E9 Snow / Icy Sidewalk,Sidewalk,716 LAFAYETTE AVENUE,LAFAYETTE AVENUE,TOMPKINS AVENUE,THROOP AVENUE,11221,BROOKLYN,BROOKLYN,03 BROOKLYN,40.69066992676967,-73.94438186412974
32542640,2016-01-27T10:40:00.000,Snow,E9 Snow / Icy Sidewalk,Sidewalk,263 TOMPKINS AVENUE,TOMPKINS AVENUE,GREENE AVENUE,LEXINGTON AVENUE,11216,BROOKLYN,BROOKLYN,03 BROOKLYN,40.688993181129156,-73.94502510535517
32542641,2016-01-27T10:22:00.000,Snow,E9 Snow / Icy Sidewalk,Sidewalk,994 MYRTLE AVENUE,MYRTLE AVENUE,THROOP AVENUE,MARCUS GARVEY BOULEVARD,11206,BROOKLYN,BROOKLYN,03 BROOKLYN,40.69622678333613,-73.94175187950721
32542642,2016-01-27T10:07:00.000,Snow,E9 Snow / Icy Sidewalk,Sidewalk,,,,,10011,NEW YORK,MANHATTAN,04 MANHATTAN,40.74768919735952,-74.0041684338762
32542645,2016-01-27T09:57:00.000,Snow,E9 Snow / Icy Sidewalk,Sidewalk,890 ZEREGA AVENUE,ZEREGA AVENUE,HERMANY AVENUE,STORY AVENUE,10473,BRONX,BRONX,09 BRONX,40.8259476936838,-73.84332455933937
32542646,2016-01-27T08:48:00.000,Snow,E9 Snow / Icy Sidewalk,Sidewalk,80 WOODROW ROAD,WOODROW ROAD,BOYLAN STREET,CHATHAM STREET,10312,STATEN ISLAND,STATEN ISLAND,03 STATEN ISLAND,40.56311951454044,-74.18092860282201
32542647,2016-01-27T08:24:00.000,Snow,E9 Snow / Icy Sidewalk,Sidewalk,2762 HONE AVENUE,HONE AVENUE,ALLERTON AVENUE,ARNOW AVENUE,10469,BRONX,BRONX,11 BRONX,40.86630257389348,-73.85769500239884
32542648,2016-01-27T08:28:00.000,Snow,E9 Snow / Icy Sidewalk,Sidewalk,133-15 147 STREET,147 STREET,133 AVENUE,NORTH CONDUIT AVENUE,11436,Jamaica,QUEENS,12 QUEENS,40.668383292553926,-73.79191964879344
32542652,2016-01-27T20:11:00.000,Snow,E9 Snow / Icy Sidewalk,Sidewalk,,,,,11233,BROOKLYN,BROOKLYN,16 BROOKLYN,40.680240947034,-73.91122462823216
32542653,2016-01-27T19:08:00.000,Snow,E9 Snow / Icy Sidewalk,Sidewalk,,,,,11369,East Elmhurst,QUEENS,03 QUEENS,40.76052043222291,-73.87377856558241
32542654,2016-01-27T15:37:00.000,Snow,E9 Snow / Icy Sidewalk,Sidewalk,901 EAST    8 STREET,EAST    8 STREET,DEAD END,AVENUE I,11230,BROOKLYN,BROOKLYN,12 BROOKLYN,40.62731856739922,-73.96855716513086
32542655,2016-01-27T12:37:00.000,Snow,E9 Snow / Icy Sidewalk,Sidewalk,,,,,11203,BROOKLYN,BROOKLYN,17 BROOKLYN,40.65533452470454,-73.93076643403904
32542656,2016-01-27T11:20:00.000,Snow,E9 Snow / Icy Sidewalk,Sidewalk,32 NORDEN STREET,NORDEN STREET,RICHMOND ROAD,DUTCHESS AVENUE,10304,STATEN ISLAND,STATEN ISLAND,02 STATEN ISLAND,40.59395630244167,-74.10142523390574
32542657,2016-01-27T02:57:00.000,Snow,E9 Snow / Icy Sidewalk,Sidewalk,,,,,,,QUEENS,10 QUEENS,,
32542658,2016-01-27T02:37:00.000,Snow,E9 Snow / Icy Sidewalk,Sidewalk,215 BEACH   77 STREET,BEACH   77 STREET,ROCKAWAY BEACH BOULEVARD,BEACH 74 STREET,11692,Arverne,QUEENS,14 QUEENS,40.5887539461223,-73.80439490943438
32542660,2016-01-27T01:18:00.000,Snow,E9 Snow / Icy Sidewalk,Sidewalk,111 DEVOE STREET,DEVOE STREET,LEONARD STREET,MANHATTAN AVENUE,11211,BROOKLYN,BROOKLYN,01 BROOKLYN,40.713595202915414,-73.94646933257738
32542661,2016-01-27T01:35:00.000,Snow,E9 Snow / Icy Sidewalk,Sidewalk,,,,,10452,BRONX,BRONX,04 BRONX,40.83291625089408,-73.92938552734226
32542662,2016-01-27T00:18:00.000,Snow,E9 Snow / Icy Sidewalk,Sidewalk,108-29 65 AVENUE,65 AVENUE,108 STREET,110 STREET,11375,Forest Hills,QUEENS,06 QUEENS,40.73191358932413,-73.84793320967506
32542665,2016-01-27T07:48:00.000,Snow,E9 Snow / Icy Sidewalk,Sidewalk,14-35 131 STREET,131 STREET,14 AVENUE,15 AVENUE,11356,College Point,QUEENS,07 QUEENS,40.785501627312314,-73.83756254826413
32542675,2016-01-27T09:52:00.000,Snow,E9 Snow / Icy Sidewalk,Sidewalk,70 HUDSON AVENUE,HUDSON AVENUE,WATER STREET,FRONT STREET,11201,BROOKLYN,BROOKLYN,02 BROOKLYN,40.7028054596822,-73.98114106867928
32542676,2016-01-27T09:38:00.000,Snow,E9 Snow / Icy Sidewalk,Sidewalk,596 NEW DORP LANE,NEW DORP LANE,CUBA AVENUE,WEED AVENUE,10306,STATEN ISLAND,STATEN ISLAND,02 STATEN ISLAND,40.56762296120769,-74.10414592044289
32542677,2016-01-27T08:51:00.000,Snow,E9 Snow / Icy Sidewalk,Sidewalk,3210 RIVERDALE AVENUE,RIVERDALE AVENUE,WEST 232 STREET,GREYSTONE AVENUE,10463,BRONX,BRONX,08 BRONX,40.882983858452214,-73.90814036379872
32542678,2016-01-27T08:56:00.000,Snow,E9 Snow / Icy Sidewalk,Sidewalk,1925 FLATBUSH AVENUE,FLATBUSH AVENUE,AVENUE L,KINGS HIGHWAY,11210,BROOKLYN,BROOKLYN,18 BROOKLYN,40.6227767105098,-73.93701774156615
32542681,2016-01-27T08:28:00.000,Snow,E9 Snow / Icy Sidewalk,Sidewalk,565 3 AVENUE,3 AVENUE,14 STREET,15 STREET,11215,BROOKLYN,BROOKLYN,06 BROOKLYN,40.66801137598655,-73.99388639082063
32542682,2016-01-27T08:14:00.000,Snow,E9 Snow / Icy Sidewalk,Sidewalk,188-10 MCLAUGHLIN AVENUE,MCLAUGHLIN AVENUE,188 STREET,SANTIAGO STREET,11423,Hollis,QUEENS,08 QUEENS,40.72162236051582,-73.77655446927317
32542683,2016-01-27T06:39:00.000,Snow,E9 Snow / Icy Sidewalk,Sidewalk,102 HUGUENOT AVENUE,HUGUENOT AVENUE,RAILY COURT,SUSSEX GREEN,10312,STATEN ISLAND,STATEN ISLAND,03 STATEN ISLAND,40.551894663277565,-74.20149583016959
32542687,2016-01-27T12:12:00.000,Snow,E9 Snow / Icy Sidewalk,Sidewalk,1525 ARTHUR KIL ROAD,ARTHUR KIL ROAD,ILYSSA WAY,BEND,10312,STATEN ISLAND,STATEN ISLAND,03 STATEN ISLAND,40.5627827802016,-74.19056955254487
32542689,2016-01-27T10:58:00.000,Snow,E9 Snow / Icy Sidewalk,Sidewalk,1239 63 STREET,63 STREET,12 AVENUE,13 AVENUE,11219,BROOKLYN,BROOKLYN,10 BROOKLYN,40.627918475492784,-74.00157791993234
32542690,2016-01-27T10:29:00.000,Snow,E9 Snow / Icy Sidewalk,Sidewalk,3247 LACONIA AVENUE,LACONIA AVENUE,BOSTON ROAD,DUNCAN STREET,10469,BRONX,BRONX,12 BRONX,40.872645657953434,-73.85555532476201
32542691,2016-01-27T09:13:00.000,Snow,E9 Snow / Icy Sidewalk,Sidewalk,4244 HYLAN BOULEVARD,HYLAN BOULEVARD,GROTON STREET,PACIFIC AVENUE,10312,STATEN ISLAND,STATEN ISLAND,03 STATEN ISLAND,40.53674927328197,-74.15110825374266
32542693,2016-01-27T06:35:00.000,Snow,E9 Snow / Icy Sidewalk,Sidewalk,835 HUGUENOT AVENUE,HUGUENOT AVENUE,DRUMGOOLE ROAD EAST,WEST TERRACE,10312,STATEN ISLAND,STATEN ISLAND,03 STATEN ISLAND,40.534144946449125,-74.19290902049806
32543516,2016-01-27T21:20:00.000,Snow,15S Re-Plow/Spread/Ice-Snow Cond.,Street,,,,,,,QUEENS,06 QUEENS,,
32543517,2016-01-27T15:35:00.000,Snow,15S Re-Plow/Spread/Ice-Snow Cond.,Street,,,,,11375,Forest Hills,QUEENS,06 QUEENS,40.7269695728085,-73.85374602160852
32543522,2016-01-27T11:21:00.000,Snow,15S Re-Plow/Spread/Ice-Snow Cond.,Street,372 MONTREAL AVENUE,MONTREAL AVENUE,HYLAN BOULEVARD,PENDALE STREET,10306,STATEN ISLAND,STATEN ISLAND,03 STATEN ISLAND,40.55829232461066,-74.12448622003758
32543523,2016-01-27T07:52:00.000,Snow,15S Re-Plow/Spread/Ice-Snow Cond.,Street,,,,,11367,Flushing,QUEENS,08 QUEENS,40.718693308811915,-73.82022192886858
32543525,2016-01-27T11:24:00.000,Snow,15S Re-Plow/Spread/Ice-Snow Cond.,Street,,,,,11385,Ridgewood,QUEENS,05 QUEENS,40.6983198726884,-73.90010016880169
32543526,2016-01-27T00:39:00.000,Snow,15S Re-Plow/Spread/Ice-Snow Cond.,Street,,,,,11413,Springfield Gardens,QUEENS,13 QUEENS,40.659348038580575,-73.75981940424063
32543536,2016-01-27T15:07:00.000,Snow,15S Re-Plow/Spread/Ice-Snow Cond.,Street,133-40 79 STREET,79 STREET,SUTTER AVENUE,NORTH CONDUIT AVENUE,11417,Ozone Park,QUEENS,10 QUEENS,40.67381319104551,-73.85718643676984
32543537,2016-01-27T14:58:00.000,Snow,15S Re-Plow/Spread/Ice-Snow Cond.,Street,,,,,10009,NEW YORK,MANHATTAN,03 MANHATTAN,40.72487769688808,-73.97516391618328
32543538,2016-01-27T14:15:00.000,Snow,15S Re-Plow/Spread/Ice-Snow Cond.,Street,233 BELMONT AVENUE,BELMONT AVENUE,VAN SINDEREN AVENUE,SNEDIKER AVENUE,11207,BROOKLYN,BROOKLYN,05 BROOKLYN,40.66975891793594,-73.90144428688585
32543539,2016-01-27T11:22:00.000,Snow,15S Re-Plow/Spread/Ice-Snow Cond.,Street,225-15 113 AVENUE,113 AVENUE,225 STREET,227 STREET,11429,Queens Village,QUEENS,13 QUEENS,40.703897498358096,-73.73196321777483
32543558,2016-01-27T03:31:00.000,Snow,15S Re-Plow/Spread/Ice-Snow Cond.,Street,160 JULES DRIVE,JULES DRIVE,COMSTOCK AVENUE,ELSON COURT,10314,STATEN ISLAND,STATEN ISLAND,01 STATEN ISLAND,40.619424674866366,-74.16187119439871
32543563,2016-01-27T12:58:00.000,Snow,15S Re-Plow/Spread/Ice-Snow Cond.,Street,95 FRANKLIN AVENUE,FRANKLIN AVENUE,BUCHANAN STREET,CASSIDY PLACE,10301,STATEN ISLAND,STATEN ISLAND,01 STATEN ISLAND,40.643194722987985,-74.09216371085073
32543565,2016-01-27T10:37:00.000,Snow,15S Re-Plow/Spread/Ice-Snow Cond.,Street,,,,,10032,NEW YORK,MANHATTAN,12 MANHATTAN,40.83593223971547,-73.94351236805254
32543575,2016-01-27T15:48:00.000,Snow,15S Re-Plow/Spread/Ice-Snow Cond.,Street,163 CROSS BAY BOULEVARD,CROSS BAY BOULEVARD,EAST 1 ROAD,EAST 3 ROAD,11693,Far Rockaway,QUEENS,14 QUEENS,40.61429969102219,-73.82115861050195
32543576,2016-01-27T14:06:00.000,Snow,15S Re-Plow/Spread/Ice-Snow Cond.,Street,154-33 21 AVENUE,21 AVENUE,154 STREET,157 STREET,11357,Whitestone,QUEENS,07 QUEENS,40.77941586664923,-73.80852521431382
32543577,2016-01-27T12:28:00.000,Snow,15S Re-Plow/Spread/Ice-Snow Cond.,Street,36-26 170 STREET,170 STREET,CROCHERON AVENUE,39 AVENUE,11358,Flushing,QUEENS,07 QUEENS,40.76211931198758,-73.7962112884748
32543578,2016-01-27T08:44:00.000,Snow,15S Re-Plow/Spread/Ice-Snow Cond.,Street,1005 INTERVALE AVENUE,INTERVALE AVENUE,WESTCHESTER AVENUE,EAST 165 STREET,10459,BRONX,BRONX,02 BRONX,40.823191937927724,-73.89687767313139
32543579,2016-01-27T07:51:00.000,Snow,15S Re-Plow/Spread/Ice-Snow Cond.,Street,,,,,11233,BROOKLYN,BROOKLYN,16 BROOKLYN,40.67634313622726,-73.91092698207576
32543593,2016-01-27T22:31:00.000,Snow,15S Re-Plow/Spread/Ice-Snow Cond.,Street,,,,,11230,BROOKLYN,BROOKLYN,14 BROOKLYN,40.629968161449845,-73.96232690410386
32543594,2016-01-27T21:01:00.000,Snow,15S Re-Plow/Spread/Ice-Snow Cond.,Street,,,,,11230,BROOKLYN,BROOKLYN,12 BROOKLYN,40.6219415467655,-73.96864615176376
32543595,2016-01-27T12:43:00.000,Snow,15S Re-Plow/Spread/Ice-Snow Cond.,Street,67-70 YELLOWSTONE BOULEVARD,YELLOWSTONE BOULEVARD,67 DRIVE,68 AVENUE,11375,Forest Hills,QUEENS,06 QUEENS,40.72672979916975,-73.84873877739842
32543596,2016-01-27T07:50:00.000,Snow,15S Re-Plow/Spread/Ice-Snow Cond.,Street,73-19 58 AVENUE,58 AVENUE,73 PLACE,74 STREET,11378,Maspeth,QUEENS,05 QUEENS,40.726167975274045,-73.88788185873982
32543597,2016-01-27T06:39:00.000,Snow,15S Re-Plow/Spread/Ice-Snow Cond.,Street,,,,,10473,BRONX,BRONX,09 BRONX,40.814529874515266,-73.86521889011219
32543609,2016-01-27T17:35:00.000,Snow,15S Re-Plow/Spread/Ice-Snow Cond.,Street,123 GERVIL STREET,GERVIL STREET,LOCUST COURT,CORRELL AVENUE,10309,STATEN ISLAND,STATEN ISLAND,03 STATEN ISLAND,40.54668816381557,-74.21193646354877
32543610,2016-01-27T14:31:00.000,Snow,15S Re-Plow/Spread/Ice-Snow Cond.,Street,,,,,11373,Elmhurst,QUEENS,04 QUEENS,40.736752343034745,-73.8776701929152
32543611,2016-01-27T13:57:00.000,Snow,15S Re-Plow/Spread/Ice-Snow Cond.,Street,88 ST NICHOLAS AVENUE,ST NICHOLAS AVENUE,WEST 114 STREET,WEST 115 STREET,10026,NEW YORK,MANHATTAN,10 MANHATTAN,40.802041785637776,-73.95256746900101
32543618,2016-01-27T12:39:00.000,Snow,15S Re-Plow/Spread/Ice-Snow Cond.,Street,52 ALLEN STREET,ALLEN STREET,HESTER STREET,GRAND STREET,10002,NEW YORK,MANHATTAN,03 MANHATTAN,40.71685164680811,-73.99156237594559
32543619,2016-01-27T12:13:00.000,Snow,15S Re-Plow/Spread/Ice-Snow Cond.,Street,77 WEST   24 STREET,WEST   24 STREET,5 AVENUE,AVENUE OF THE AMERICAS,10010,NEW YORK,MANHATTAN,05 MANHATTAN,40.74317932672851,-73.99137860221057
32543663,2016-01-27T01:01:00.000,Snow,15S Re-Plow/Spread/Ice-Snow Cond.,Street,,,,,10454,BRONX,BRONX,01 BRONX,40.809107143867614,-73.92288685607681
32543664,2016-01-27T16:58:00.000,Snow,15S Re-Plow/Spread/Ice-Snow Cond.,Street,2686 RICHMOND AVENUE,RICHMOND AVENUE,STATEN ISLAND MALL ACCESS ROAD,,10314,STATEN ISLAND,STATEN ISLAND,02 STATEN ISLAND,40.58226339699828,-74.16908212977185
32543665,2016-01-27T14:41:00.000,Snow,15S Re-Plow/Spread/Ice-Snow Cond.,Street,,,,,10310,STATEN ISLAND,STATEN ISLAND,01 STATEN ISLAND,40.62632837561329,-74.13131012053599
32543666,2016-01-27T12:46:00.000,Snow,15S Re-Plow/Spread/Ice-Snow Cond.,Street,,,,,10306,STATEN ISLAND,STATEN ISLAND,02 STATEN ISLAND,40.585084875677076,-74.1016817793592
32543667,2016-01-27T08:49:00.000,Snow,15S Re-Plow/Spread/Ice-Snow Cond.,Street,340 BREHAUT AVENUE,BREHAUT AVENUE,AMBOY ROAD,TRUMAN STREET,10307,STATEN ISLAND,STATEN ISLAND,03 STATEN ISLAND,40.51114031332008,-74.23834631590015
32543668,2016-01-27T08:33:00.000,Snow,15S Re-Plow/Spread/Ice-Snow Cond.,Street,,,,,10310,STATEN ISLAND,STATEN ISLAND,01 STATEN ISLAND,40.62767932951685,-74.10697396854755
32543673,2016-01-27T02:31:00.000,Snow,E9 Snow / Icy Sidewalk,Sidewalk,371 EDGECOMBE AVENUE,EDGECOMBE AVENUE,WEST 150 STREET,BEND,10031,NEW YORK,MANHATTAN,09 MANHATTAN,40.82782574955891,-73.94081644103491
32543674,2016-01-27T04:16:00.000,Snow,E9 Snow / Icy Sidewalk,Sidewalk,942 BERGEN STREET,BERGEN STREET,NYCTA SUBWAY,FRANKLIN AVENUE,11238,BROOKLYN,BROOKLYN,08 BROOKLYN,40.676844038960915,-73.95597690332754
32543676,2016-01-27T14:23:00.000,Snow,E9 Snow / Icy Sidewalk,Sidewalk,8613 15 AVENUE,15 AVENUE,86 STREET,BENSON AVENUE,11228,BROOKLYN,BROOKLYN,11 BROOKLYN,40.61109249195734,-74.00982169659342
32543687,2016-01-27T10:25:00.000,Snow,E9 Snow / Icy Sidewalk,Sidewalk,220-03 133 AVENUE,133 AVENUE,220 STREET,221 STREET,11413,Springfield Gardens,QUEENS,13 QUEENS,40.680134345626456,-73.74827939456524
32543689,2016-01-27T04:28:00.000,Snow,E9 Snow / Icy Sidewalk,Sidewalk,3895 HYLAN BOULEVARD,HYLAN BOULEVARD,WHITMAN AVENUE,CLEVELAND AVENUE,10308,STATEN ISLAND,STATEN ISLAND,03 STATEN ISLAND,40.544482407789474,-74.1439296127089
32543690,2016-01-27T01:41:00.000,Snow,E9 Snow / Icy Sidewalk,Sidewalk,,,,,10460,BRONX,BRONX,03 BRONX,40.83064147387467,-73.88563164411461
32543693,2016-01-27T04:34:00.000,Snow,E9 Snow / Icy Sidewalk,Sidewalk,,,,,11427,Queens Village,QUEENS,12 QUEENS,40.71958186537548,-73.75832888227261
32543695,2016-01-27T02:07:00.000,Snow,E9 Snow / Icy Sidewalk,Sidewalk,,,,,11367,Flushing,QUEENS,08 QUEENS,40.73448177042061,-73.82236958478022
32543702,2016-01-27T01:55:00.000,Snow,E9 Snow / Icy Sidewalk,Sidewalk,82-56 250 STREET,250 STREET,82 AVENUE,83 AVENUE,11426,Bellerose,QUEENS,13 QUEENS,40.73810083096887,-73.71846683853725
32543709,2016-01-27T22:33:00.000,Snow,E9 Snow / Icy Sidewalk,Sidewalk,,,,,11421,Woodhaven,QUEENS,09 QUEENS,40.68668493590111,-73.8539966377146
32543710,2016-01-27T18:16:00.000,Snow,E9 Snow / Icy Sidewalk,Sidewalk,,,,,11385,Ridgewood,QUEENS,05 QUEENS,40.70583167275297,-73.86226470561503
32543711,2016-01-27T18:04:00.000,Snow,E9 Snow / Icy Sidewalk,Sidewalk,,,,,,,QUEENS,06 QUEENS,,
32543714,2016-01-27T17:44:00.000,Snow,E9 Snow / Icy Sidewalk,Sidewalk,149-09 115 AVENUE,115 AVENUE,149 STREET,SUTPHIN BOULEVARD,11436,Jamaica,QUEENS,12 QUEENS,40.68442669682254,-73.79352817170547
32543715,2016-01-27T16:39:00.000,Snow,E9 Snow / Icy Sidewalk,Sidewalk,458 WEST  144 STREET,WEST  144 STREET,CONVENT AVENUE,AMSTERDAM AVENUE,10031,NEW YORK,MANHATTAN,09 MANHATTAN,40.824197611682465,-73.94724752216487
32543716,2016-01-27T15:52:00.000,Snow,E9 Snow / Icy Sidewalk,Sidewalk,1737 HERING AVENUE,HERING AVENUE,VAN NEST AVENUE,MORRIS PARK AVENUE,10461,BRONX,BRONX,11 BRONX,40.850218591986064,-73.84904352476013
32543717,2016-01-27T15:58:00.000,Snow,E9 Snow / Icy Sidewalk,Sidewalk,,,,,11375,Forest Hills,QUEENS,06 QUEENS,40.71717004378632,-73.83493696618532
32543718,2016-01-27T14:19:00.000,Snow,E9 Snow / Icy Sidewalk,Sidewalk,,,,,11361,Bayside,QUEENS,11 QUEENS,40.76199424321757,-73.75848182757181
32543719,2016-01-27T22:10:00.000,Snow,E9 Snow / Icy Sidewalk,Sidewalk,145 ALASKA STREET,ALASKA STREET,HENDERSON AVENUE,CASTLETON AVENUE,10310,STATEN ISLAND,STATEN ISLAND,01 STATEN ISLAND,40.635669791752015,-74.12046912269949
32543721,2016-01-27T17:02:00.000,Snow,E9 Snow / Icy Sidewalk,Sidewalk,464 6 STREET,6 STREET,6 AVENUE,7 AVENUE,11215,BROOKLYN,BROOKLYN,06 BROOKLYN,40.669096884900966,-73.9809018698109
32543725,2016-01-27T23:35:00.000,Snow,E9 Snow / Icy Sidewalk,Sidewalk,,,,,10033,NEW YORK,MANHATTAN,12 MANHATTAN,40.85041681223638,-73.93454306783687
32543726,2016-01-27T16:22:00.000,Snow,E9 Snow / Icy Sidewalk,Sidewalk,51 ARGYLE ROAD,ARGYLE ROAD,CATON AVENUE,CHURCH AVENUE,11218,BROOKLYN,BROOKLYN,14 BROOKLYN,40.64838455927181,-73.96766794384405
32543727,2016-01-27T15:34:00.000,Snow,E9 Snow / Icy Sidewalk,Sidewalk,865 EAST   10 STREET,EAST   10 STREET,DEAD END,AVENUE I,11230,BROOKLYN,BROOKLYN,12 BROOKLYN,40.62776820405832,-73.966748473671
32543728,2016-01-27T14:27:00.000,Snow,E9 Snow / Icy Sidewalk,Sidewalk,1232 AVENUE V,AVENUE V,HOMECREST AVENUE,EAST 13 STREET,11229,BROOKLYN,BROOKLYN,15 BROOKLYN,40.59641452584374,-73.95862254853256
32543729,2016-01-27T13:37:00.000,Snow,E9 Snow / Icy Sidewalk,Sidewalk,64-08 FOREST AVENUE,FOREST AVENUE,GROVE STREET,LINDEN STREET,11385,Ridgewood,QUEENS,05 QUEENS,40.70902529618764,-73.90431146149633
32543730,2016-01-27T11:55:00.000,Snow,E9 Snow / Icy Sidewalk,Sidewalk,403 GREENWOOD AVENUE,GREENWOOD AVENUE,EAST 4 STREET,EAST 5 STREET,11218,BROOKLYN,BROOKLYN,07 BROOKLYN,40.65069804868287,-73.9776961622904
32543733,2016-01-27T11:30:00.000,Snow,E9 Snow / Icy Sidewalk,Sidewalk,141-28 72 CRESCENT,72 CRESCENT,72 ROAD,BEND,11367,Flushing,QUEENS,08 QUEENS,40.72557581334281,-73.82288398988689
32543734,2016-01-27T09:55:00.000,Snow,E9 Snow / Icy Sidewalk,Sidewalk,199-11 104 AVENUE,104 AVENUE,199 STREET,200 STREET,11412,Saint Albans,QUEENS,12 QUEENS,40.70864898406654,-73.75942174400186
32543735,2016-01-27T09:57:00.000,Snow,E9 Snow / Icy Sidewalk,Sidewalk,,,,,,,BROOKLYN,10 BROOKLYN,,
32543736,2016-01-27T08:52:00.000,Snow,E9 Snow / Icy Sidewalk,Sidewalk,23-43 ENRIGHT ROAD,ENRIGHT ROAD,EGGERT PLACE,PEARL STREET,11691,Far Rockaway,QUEENS,14 QUEENS,40.60951772575018,-73.75922074052515
32543737,2016-01-27T08:43:00.000,Snow,E9 Snow / Icy Sidewalk,Sidewalk,109-30 208 STREET,208 STREET,109 AVENUE,HOLLIS AVENUE,11429,Queens Village,QUEENS,13 QUEENS,40.7087575593575,-73.7498377126299
32543743,2016-01-27T14:57:00.000,Snow,E9 Snow / Icy Sidewalk,Sidewalk,,,,,11217,BROOKLYN,BROOKLYN,06 BROOKLYN,40.681223226488136,-73.9804621391644
32543744,2016-01-27T14:40:00.000,Snow,E9 Snow / Icy Sidewalk,Sidewalk,4425 BROADWAY,BROADWAY,WEST 189 STREET,WEST 190 STREET,10040,NEW YORK,MANHATTAN,12 MANHATTAN,40.85599042807084,-73.93301570479349
32543745,2016-01-27T14:25:00.000,Snow,E9 Snow / Icy Sidewalk,Sidewalk,66 DUBOIS AVENUE,DUBOIS AVENUE,POST AVENUE,MARION STREET,10310,STATEN ISLAND,STATEN ISLAND,01 STATEN ISLAND,40.63008859442735,-74.12901540765523
32543746,2016-01-27T14:27:00.000,Snow,E9 Snow / Icy Sidewalk,Sidewalk,,,,,11435,Jamaica,QUEENS,12 QUEENS,40.70058236858732,-73.80774181591707
32543747,2016-01-27T12:13:00.000,Snow,E9 Snow / Icy Sidewalk,Sidewalk,,,,,11367,Flushing,QUEENS,08 QUEENS,40.73419499079368,-73.81975071599649
32543748,2016-01-27T11:59:00.000,Snow,E9 Snow / Icy Sidewalk,Sidewalk,,,,,11101,Long Island City,QUEENS,02 QUEENS,40.74572164536857,-73.9505360429339
32543749,2016-01-27T07:05:00.000,Snow,E9 Snow / Icy Sidewalk,Sidewalk,,,,,11230,BROOKLYN,BROOKLYN,12 BROOKLYN,40.61436927072273,-73.97095487699302
32543754,2016-01-27T10:38:00.000,Snow,E9 Snow / Icy Sidewalk,Sidewalk,123-06 18 AVENUE,18 AVENUE,123 STREET,124 STREET,11356,College Point,QUEENS,07 QUEENS,40.78321420312659,-73.84476117124264
32543755,2016-01-27T10:41:00.000,Snow,E9 Snow / Icy Sidewalk,Sidewalk,170 THOMAS S BOYLAND STREET,THOMAS S BOYLAND STREET,HULL STREET,FULTON STREET,11233,BROOKLYN,BROOKLYN,16 BROOKLYN,40.6787249237629,-73.91363859423356
32543756,2016-01-27T10:43:00.000,Snow,E9 Snow / Icy Sidewalk,Sidewalk,2815 AVENUE I,AVENUE I,EAST 28 STREET,EAST 29 STREET,11210,BROOKLYN,BROOKLYN,14 BROOKLYN,40.62898863227484,-73.94902299926554
32543757,2016-01-27T10:15:00.000,Snow,E9 Snow / Icy Sidewalk,Sidewalk,119 CRYSTAL AVENUE,CRYSTAL AVENUE,MAINE AVENUE,GARRISON AVENUE,10302,STATEN ISLAND,STATEN ISLAND,01 STATEN ISLAND,40.62126560052268,-74.1417141272553
32543759,2016-01-27T09:49:00.000,Snow,E9 Snow / Icy Sidewalk,Sidewalk,100 DREISER LOOP,DREISER LOOP,BEND,DEBS PLACE,10475,BRONX,BRONX,10 BRONX,40.87815510285077,-73.82812953963604
32543760,2016-01-27T08:50:00.000,Snow,E9 Snow / Icy Sidewalk,Sidewalk,67-09 FRESH POND ROAD,FRESH POND ROAD,67 AVENUE,68 AVENUE,11385,Ridgewood,QUEENS,05 QUEENS,40.70569464967948,-73.89652563556413
32543761,2016-01-27T10:22:00.000,Snow,E9 Snow / Icy Sidewalk,Sidewalk,,,,,10451,BRONX,BRONX,01 BRONX,40.81738788441174,-73.92275803797244
32543768,2016-01-27T08:14:00.000,Snow,E9 Snow / Icy Sidewalk,Sidewalk,2401 MORGAN AVENUE,MORGAN AVENUE,WARING AVENUE,MACE AVENUE,10469,BRONX,BRONX,11 BRONX,40.8612173542225,-73.84544674159513
32543773,2016-01-27T01:10:00.000,Snow,E9 Snow / Icy Sidewalk,Sidewalk,,,,,11372,Jackson Heights,QUEENS,03 QUEENS,40.75178709889573,-73.88468424803324
32543774,2016-01-27T01:53:00.000,Snow,E9 Snow / Icy Sidewalk,Sidewalk,9823 4 AVENUE,4 AVENUE,MARINE AVENUE,99 STREET,11209,BROOKLYN,BROOKLYN,10 BROOKLYN,40.61381656074803,-74.0327871486754
32543775,2016-01-27T00:32:00.000,Snow,E9 Snow / Icy Sidewalk,Sidewalk,,,,,11203,BROOKLYN,BROOKLYN,17 BROOKLYN,40.64238401042566,-73.92538206925892
32543789,2016-01-27T17:29:00.000,Snow,E9 Snow / Icy Sidewalk,Sidewalk,64-12 84 PLACE,84 PLACE,PENELOPE AVENUE,FLEET COURT,11379,Middle Village,QUEENS,05 QUEENS,40.72170408446244,-73.86883386676914
32543792,2016-01-27T23:24:00.000,Snow,E9 Snow / Icy Sidewalk,Sidewalk,,,,,10304,STATEN ISLAND,STATEN ISLAND,01 STATEN ISLAND,40.62895033304775,-74.07972582833492
32543793,2016-01-27T20:10:00.000,Snow,E9 Snow / Icy Sidewalk,Sidewalk,,,,,11215,BROOKLYN,BROOKLYN,06 BROOKLYN,40.66388503708357,-73.98408973955554
32543795,2016-01-27T14:45:00.000,Snow,E9 Snow / Icy Sidewalk,Sidewalk,,,,,11433,Jamaica,QUEENS,12 QUEENS,40.69406052893069,-73.78731380617364
32543796,2016-01-27T13:59:00.000,Snow,E9 Snow / Icy Sidewalk,Sidewalk,,,,,10461,BRONX,BRONX,11 BRONX,40.851059314965305,-73.8496886386706
32543799,2016-01-27T15:42:00.000,Snow,E9 Snow / Icy Sidewalk,Sidewalk,261 CARLTON AVENUE,CARLTON AVENUE,WILLOUGHBY AVENUE,DEKALB AVENUE,11205,BROOKLYN,BROOKLYN,02 BROOKLYN,40.690070675762385,-73.97222363663018
32543800,2016-01-27T14:16:00.000,Snow,E9 Snow / Icy Sidewalk,Sidewalk,104-04 107 AVENUE,107 AVENUE,104 STREET,105 STREET,11417,Ozone Park,QUEENS,10 QUEENS,40.68070750617695,-73.83616292372679
32543801,2016-01-27T14:24:00.000,Snow,E9 Snow / Icy Sidewalk,Sidewalk,208 NORTH    5 STREET,NORTH    5 STREET,DRIGGS AVENUE,ROEBLING STREET,11211,BROOKLYN,BROOKLYN,01 BROOKLYN,40.715350669450885,-73.95671621417472
32543802,2016-01-27T14:01:00.000,Snow,E9 Snow / Icy Sidewalk,Sidewalk,188 AVENUE A,AVENUE A,EAST 11 STREET,EAST 12 STREET,10009,NEW YORK,MANHATTAN,03 MANHATTAN,40.728930138096985,-73.9814259247594
32543803,2016-01-27T12:47:00.000,Snow,E9 Snow / Icy Sidewalk,Sidewalk,,,,,10314,STATEN ISLAND,STATEN ISLAND,02 STATEN ISLAND,40.589993568114124,-74.156910351245
32543805,2016-01-27T11:53:00.000,Snow,E9 Snow / Icy Sidewalk,Sidewalk,130-12 14 AVENUE,14 AVENUE,130 STREET,131 STREET,11356,College Point,QUEENS,07 QUEENS,40.78596039868706,-73.83784670703245
32543813,2016-01-27T12:30:00.000,Snow,E9 Snow / Icy Sidewalk,Sidewalk,42-32 249 STREET,249 STREET,DEPEW AVENUE,43 AVENUE,11363,Little Neck,QUEENS,11 QUEENS,40.77019088135583,-73.73993864816862
32543817,2016-01-27T09:15:00.000,Snow,E9 Snow / Icy Sidewalk,Sidewalk,,,,,10465,BRONX,BRONX,10 BRONX,40.84628823279219,-73.82212885689437
32543818,2016-01-27T09:18:00.000,Snow,E9 Snow / Icy Sidewalk,Sidewalk,,,,,,,STATEN ISLAND,Unspecified STATEN ISLAND,,
32543819,2016-01-27T09:19:00.000,Snow,E9 Snow / Icy Sidewalk,Sidewalk,,,,,11355,Flushing,QUEENS,07 QUEENS,40.75026765361244,-73.80913593482815
32543820,2016-01-27T08:09:00.000,Snow,E9 Snow / Icy Sidewalk,Sidewalk,137-86 70 AVENUE,70 AVENUE,137 STREET,141 STREET,11367,Flushing,QUEENS,08 QUEENS,40.72802575568359,-73.82756423907146
32543821,2016-01-27T07:54:00.000,Snow,E9 Snow / Icy Sidewalk,Sidewalk,,,,,11432,Jamaica,QUEENS,08 QUEENS,40.71818218795277,-73.78032496285253
32543824,2016-01-27T07:19:00.000,Snow,E9 Snow / Icy Sidewalk,Sidewalk,80-36 170 STREET,170 STREET,UNION TURNPIKE,81 AVENUE,11432,Jamaica,QUEENS,08 QUEENS,40.72288651843867,-73.79821086846603
32543828,2016-01-27T02:45:00.000,Snow,E9 Snow / Icy Sidewalk,Sidewalk,3741 RICHMOND AVENUE,RICHMOND AVENUE,PETRUS AVENUE,WILSON AVENUE,10312,STATEN ISLAND,STATEN ISLAND,03 STATEN ISLAND,40.54659076404303,-74.16604855569922
32543834,2016-01-27T01:20:00.000,Snow,E9 Snow / Icy Sidewalk,Sidewalk,668 METROPOLITAN AVENUE,METROPOLITAN AVENUE,LEONARD STREET,MANHATTAN AVENUE,11211,BROOKLYN,BROOKLYN,01 BROOKLYN,40.714295269095686,-73.94679702792033
32543851,2016-01-27T23:21:00.000,Snow,E9 Snow / Icy Sidewalk,Sidewalk,,,,,,,STATEN ISLAND,Unspecified STATEN ISLAND,,
32543857,2016-01-27T18:45:00.000,Snow,E9 Snow / Icy Sidewalk,Sidewalk,49-02 67 STREET,67 STREET,49 AVENUE,50 AVENUE,11377,Woodside,QUEENS,02 QUEENS,40.73756240822688,-73.89774633349916
32543858,2016-01-27T16:43:00.000,Snow,E9 Snow / Icy Sidewalk,Sidewalk,,,,,11361,Bayside,QUEENS,11 QUEENS,40.760083311334874,-73.77027448683793
32543859,2016-01-27T15:43:00.000,Snow,E9 Snow / Icy Sidewalk,Sidewalk,949 EAST    8 STREET,EAST    8 STREET,AVENUE I,AVENUE J,11230,BROOKLYN,BROOKLYN,12 BROOKLYN,40.62598453034461,-73.96830562191265
32543860,2016-01-27T14:42:00.000,Snow,E9 Snow / Icy Sidewalk,Sidewalk,,,,,11234,BROOKLYN,BROOKLYN,18 BROOKLYN,40.61090098503732,-73.93390272257672
32543861,2016-01-27T13:52:00.000,Snow,E9 Snow / Icy Sidewalk,Sidewalk,85-18 106 STREET,106 STREET,85 AVENUE,86 AVENUE,11418,Richmond Hill,QUEENS,09 QUEENS,40.69867587964743,-73.84284107134286
32543862,2016-01-27T13:42:00.000,Snow,E9 Snow / Icy Sidewalk,Sidewalk,,,,,11230,BROOKLYN,BROOKLYN,14 BROOKLYN,40.62954388793678,-73.96608109965275
32543872,2016-01-27T12:02:00.000,Snow,E9 Snow / Icy Sidewalk,Sidewalk,49-11 169 STREET,169 STREET,LITHONIA AVENUE,UNDERHILL AVENUE,11365,Fresh Meadows,QUEENS,07 QUEENS,40.748480031642245,-73.7989923078932
32543873,2016-01-27T11:53:00.000,Snow,E9 Snow / Icy Sidewalk,Sidewalk,59-36 60 ROAD,60 ROAD,59 PLACE,60 STREET,11378,Maspeth,QUEENS,05 QUEENS,40.71557374915774,-73.90698588905443
32543874,2016-01-27T11:30:00.000,Snow,E9 Snow / Icy Sidewalk,Sidewalk,28-10 172 STREET,172 STREET,28 AVENUE,29 AVENUE,11358,Flushing,QUEENS,07 QUEENS,40.771407795590775,-73.79327293970435
32543875,2016-01-27T10:52:00.000,Snow,E9 Snow / Icy Sidewalk,Sidewalk,81-40 165 STREET,165 STREET,81 AVENUE,GOETHALS AVENUE,11432,Jamaica,QUEENS,08 QUEENS,40.720387254822036,-73.80207492212419
32543879,2016-01-27T09:18:00.000,Snow,E9 Snow / Icy Sidewalk,Sidewalk,,,,,10465,BRONX,BRONX,10 BRONX,40.84420519436116,-73.82225731210018
32543880,2016-01-27T08:59:00.000,Snow,E9 Snow / Icy Sidewalk,Sidewalk,42-34 DOUGLASTON PARKWAY,DOUGLASTON PARKWAY,42 AVENUE,43 AVENUE,11363,Little Neck,QUEENS,11 QUEENS,40.76814071819179,-73.74741606949138
32544683,2016-01-27T17:49:00.000,Snow,15S Re-Plow/Spread/Ice-Snow Cond.,Street,41 RIDGEWOOD AVENUE,RIDGEWOOD AVENUE,MARIA LANE,LAMOKA AVENUE,10312,STATEN ISLAND,STATEN ISLAND,03 STATEN ISLAND,40.547802666225664,-74.16312979317877
32544684,2016-01-27T16:43:00.000,Snow,15S Re-Plow/Spread/Ice-Snow Cond.,Street,,,,,10462,BRONX,BRONX,09 BRONX,40.833779555680835,-73.84831471723562
32544685,2016-01-27T14:26:00.000,Snow,15S Re-Plow/Spread/Ice-Snow Cond.,Street,,,,,11432,Jamaica,QUEENS,08 QUEENS,40.71711768048918,-73.78346690020236
32544686,2016-01-27T13:13:00.000,Snow,15S Re-Plow/Spread/Ice-Snow Cond.,Street,,,,,10307,STATEN ISLAND,STATEN ISLAND,03 STATEN ISLAND,40.511738292044555,-74.25139586276529
32544687,2016-01-27T10:22:00.000,Snow,15S Re-Plow/Spread/Ice-Snow Cond.,Street,144-60 87 ROAD,87 ROAD,144 STREET,148 STREET,11435,Jamaica,QUEENS,08 QUEENS,40.70605903047254,-73.8115708570584
32544688,2016-01-27T22:43:00.000,Snow,15S Re-Plow/Spread/Ice-Snow Cond.,Street,,,,,11213,BROOKLYN,BROOKLYN,09 BROOKLYN,40.665534958368255,-73.93698457735134
32544689,2016-01-27T16:17:00.000,Snow,15S Re-Plow/Spread/Ice-Snow Cond.,Street,,,,,11414,Howard Beach,QUEENS,10 QUEENS,40.664193620660534,-73.8411164487569
32544693,2016-01-27T10:54:00.000,Snow,15S Re-Plow/Spread/Ice-Snow Cond.,Street,,,,,10467,BRONX,BRONX,11 BRONX,40.85798287194484,-73.86179055003858
32544694,2016-01-27T10:48:00.000,Snow,15S Re-Plow/Spread/Ice-Snow Cond.,Street,,,,,,,QUEENS,07 QUEENS,,
32544695,2016-01-27T06:34:00.000,Snow,15S Re-Plow/Spread/Ice-Snow Cond.,Street,60-28 61 STREET,61 STREET,60 DRIVE,ELIOT AVENUE,11378,Maspeth,QUEENS,05 QUEENS,40.71529272063961,-73.90238699717837
32544696,2016-01-27T13:26:00.000,Snow,15S Re-Plow/Spread/Ice-Snow Cond.,Street,,,,,11418,Richmond Hill,QUEENS,09 QUEENS,40.69293038954656,-73.84234255131436
32544723,2016-01-27T03:56:00.000,Snow,15S Re-Plow/Spread/Ice-Snow Cond.,Street,25-35 71 STREET,71 STREET,25 AVENUE,30 AVENUE,11370,East Elmhurst,QUEENS,03 QUEENS,40.76168524009093,-73.89687904709143
32544724,2016-01-27T01:15:00.000,Snow,15S Re-Plow/Spread/Ice-Snow Cond.,Street,,,,,10458,BRONX,BRONX,07 BRONX,40.86535439770909,-73.89493227279085
32544725,2016-01-27T00:26:00.000,Snow,15S Re-Plow/Spread/Ice-Snow Cond.,Street,1768 ST JOHNS PLACE,ST JOHNS PLACE,EASTERN PARKWAY,SARATOGA AVENUE,11233,BROOKLYN,BROOKLYN,16 BROOKLYN,40.669893064643986,-73.91854177836329
32544726,2016-01-27T11:57:00.000,Snow,15S Re-Plow/Spread/Ice-Snow Cond.,Street,214-10 24 AVENUE,24 AVENUE,BELL BOULEVARD,215 STREET,11360,Bayside,QUEENS,11 QUEENS,40.77950947450758,-73.77524810244782
32544730,2016-01-27T00:47:00.000,Snow,15S Re-Plow/Spread/Ice-Snow Cond.,Street,,,,,10016,NEW YORK,MANHATTAN,05 MANHATTAN,40.75157721669353,-73.98227500112849
32544731,2016-01-27T11:52:00.000,Snow,15S Re-Plow/Spread/Ice-Snow Cond.,Street,,,,,10024,NEW YORK,MANHATTAN,07 MANHATTAN,40.78768566806202,-73.97501409492868
32544732,2016-01-27T08:40:00.000,Snow,15S Re-Plow/Spread/Ice-Snow Cond.,Street,,,,,10301,STATEN ISLAND,STATEN ISLAND,01 STATEN ISLAND,40.635738093577814,-74.08373324622873
32544733,2016-01-27T08:13:00.000,Snow,15S Re-Plow/Spread/Ice-Snow Cond.,Street,30 LAFAYETTE STREET,LAFAYETTE STREET,ARTHUR KILL ROAD,EARLEY PLACE,10307,STATEN ISLAND,STATEN ISLAND,03 STATEN ISLAND,40.51114114382807,-74.25083619410378
32544734,2016-01-27T13:52:00.000,Snow,15S Re-Plow/Spread/Ice-Snow Cond.,Street,154-69 21 AVENUE,21 AVENUE,154 STREET,157 STREET,11357,Whitestone,QUEENS,07 QUEENS,40.77941306791918,-73.80849272550631
32544735,2016-01-27T12:14:00.000,Snow,15S Re-Plow/Spread/Ice-Snow Cond.,Street,,,,,11411,Cambria Heights,QUEENS,13 QUEENS,40.687765034891505,-73.74094522611576
32544736,2016-01-27T08:34:00.000,Snow,15S Re-Plow/Spread/Ice-Snow Cond.,Street,,,,,11201,BROOKLYN,BROOKLYN,02 BROOKLYN,40.69099302905967,-73.98930831423144
32544752,2016-01-27T13:14:00.000,Snow,15S Re-Plow/Spread/Ice-Snow Cond.,Street,57-45 224 STREET,224 STREET,57 AVENUE,59 AVENUE,11364,Oakland Gardens,QUEENS,11 QUEENS,40.75168452446583,-73.75439020802459
32544759,2016-01-27T01:44:00.000,Snow,E9 Snow / Icy Sidewalk,Sidewalk,37-10 76 STREET,76 STREET,BEND,37 ROAD,11372,Jackson Heights,QUEENS,03 QUEENS,40.748654940733786,-73.88988675786125
32544770,2016-01-27T21:58:00.000,Snow,15S Re-Plow/Spread/Ice-Snow Cond.,Street,175 CLINTON STREET,CLINTON STREET,GRAND STREET,EAST BROADWAY,10002,NEW YORK,MANHATTAN,03 MANHATTAN,40.71560234896684,-73.98693798029046
32544771,2016-01-27T15:30:00.000,Snow,15S Re-Plow/Spread/Ice-Snow Cond.,Street,,,,,11375,Forest Hills,QUEENS,06 QUEENS,40.719584033150895,-73.83977227669764
32544772,2016-01-27T10:14:00.000,Snow,15S Re-Plow/Spread/Ice-Snow Cond.,Street,147-20 181 STREET,181 STREET,147 AVENUE,DEAD END,11413,Springfield Gardens,QUEENS,13 QUEENS,40.659820422683275,-73.76662260851032
32544803,2016-01-27T01:36:00.000,Snow,E9 Snow / Icy Sidewalk,Sidewalk,237 EAST   21 STREET,EAST   21 STREET,KENMORE TERRACE,ALBEMARLE TERRACE,11226,BROOKLYN,BROOKLYN,14 BROOKLYN,40.64868670539157,-73.95967483823235
32544820,2016-01-27T08:32:00.000,Snow,15S Re-Plow/Spread/Ice-Snow Cond.,Street,1 TOTTENVILLE PLACE,TOTTENVILLE PLACE,SATTERLEE STREET,WARDS POINT AVENUE,10307,STATEN ISLAND,STATEN ISLAND,03 STATEN ISLAND,40.50690061537445,-74.25322963988137
32544821,2016-01-27T04:13:00.000,Snow,15S Re-Plow/Spread/Ice-Snow Cond.,Street,,,,,10017,NEW YORK,MANHATTAN,06 MANHATTAN,40.750764552789306,-73.96842671536355
32544822,2016-01-27T01:54:00.000,Snow,15S Re-Plow/Spread/Ice-Snow Cond.,Street,,,,,10309,STATEN ISLAND,STATEN ISLAND,03 STATEN ISLAND,40.541404646595886,-74.21475125762251
32544823,2016-01-27T07:28:00.000,Snow,15S Re-Plow/Spread/Ice-Snow Cond.,Street,43 CONRAD AVENUE,CONRAD AVENUE,FANELLI LANE,GREENWAY AVENUE,10314,STATEN ISLAND,STATEN ISLAND,02 STATEN ISLAND,40.58991858460272,-74.14719959328404
32544832,2016-01-27T07:44:00.000,Snow,E9 Snow / Icy Sidewalk,Sidewalk,,,,,11238,BROOKLYN,BROOKLYN,08 BROOKLYN,40.67958644263889,-73.96506778171502
32544855,2016-01-27T10:33:00.000,Snow,E9 Snow / Icy Sidewalk,Sidewalk,47-06 108 STREET,108 STREET,47 AVENUE,48 AVENUE,11368,Corona,QUEENS,04 QUEENS,40.74646365299573,-73.85657957674967
32544862,2016-01-27T10:26:00.000,Snow,E9 Snow / Icy Sidewalk,Sidewalk,27-42 GILMORE STREET,GILMORE STREET,27 AVENUE,29 AVENUE,11369,East Elmhurst,QUEENS,03 QUEENS,40.7637925356543,-73.86679079820512
32544863,2016-01-27T09:41:00.000,Snow,E9 Snow / Icy Sidewalk,Sidewalk,,,,,11413,Springfield Gardens,QUEENS,13 QUEENS,40.66548664117398,-73.75136614112128
32544866,2016-01-27T10:12:00.000,Snow,E9 Snow / Icy Sidewalk,Sidewalk,62-35 220 STREET,220 STREET,LONG ISLAND EXPRESSWAY,64 AVENUE,11364,Oakland Gardens,QUEENS,11 QUEENS,40.747832046088476,-73.75752985319798
32544867,2016-01-27T02:49:00.000,Snow,E9 Snow / Icy Sidewalk,Sidewalk,5701 BROADWAY,BROADWAY,WEST 234 STREET,WEST 236 STREET,10463,BRONX,BRONX,08 BRONX,40.88195833230215,-73.9026485839929
32544868,2016-01-27T02:51:00.000,Snow,E9 Snow / Icy Sidewalk,Sidewalk,,,,,11236,BROOKLYN,BROOKLYN,18 BROOKLYN,40.641650849995294,-73.89068310684291
32544870,2016-01-27T02:57:00.000,Snow,E9 Snow / Icy Sidewalk,Sidewalk,1901 AVENUE W,AVENUE W,EAST 19 STREET,OCEAN AVENUE,11229,BROOKLYN,BROOKLYN,15 BROOKLYN,40.59476489206787,-73.95157326563731
32544871,2016-01-27T02:31:00.000,Snow,E9 Snow / Icy Sidewalk,Sidewalk,,,,,10453,BRONX,BRONX,05 BRONX,40.85937291082941,-73.90679562385695
32544873,2016-01-27T01:37:00.000,Snow,E9 Snow / Icy Sidewalk,Sidewalk,85 WEST BURNSIDE AVENUE,WEST BURNSIDE AVENUE,HARRISON AVENUE,DR M L KING JR BOULEVARD,10453,BRONX,BRONX,05 BRONX,40.85465505716252,-73.91063035039265
32544876,2016-01-27T14:45:00.000,Snow,E9 Snow / Icy Sidewalk,Sidewalk,2177 VICTORY BOULEVARD,VICTORY BOULEVARD,KELL AVENUE,INGRAM AVENUE,10314,STATEN ISLAND,STATEN ISLAND,01 STATEN ISLAND,40.612278009323084,-74.13582785017194
32544880,2016-01-27T01:10:00.000,Snow,E9 Snow / Icy Sidewalk,Sidewalk,,,,,11372,Jackson Heights,QUEENS,03 QUEENS,40.75490478939785,-73.87387944219542
32544893,2016-01-27T11:57:00.000,Snow,E9 Snow / Icy Sidewalk,Sidewalk,35-10 SKILLMAN AVENUE,SKILLMAN AVENUE,35 STREET,36 STREET,11101,Long Island City,QUEENS,02 QUEENS,40.747104782806026,-73.92910836601426
32544894,2016-01-27T10:26:00.000,Snow,E9 Snow / Icy Sidewalk,Sidewalk,206 WEST  238 STREET,WEST  238 STREET,PUTNAM AVENUE WEST,REVIEW PLACE,10463,BRONX,BRONX,08 BRONX,40.8847249576049,-73.89942225338568
32544895,2016-01-27T08:13:00.000,Snow,E9 Snow / Icy Sidewalk,Sidewalk,863 LAFAYETTE AVENUE,LAFAYETTE AVENUE,MARCUS GARVEY BOULEVARD,LEWIS AVENUE,11221,BROOKLYN,BROOKLYN,03 BROOKLYN,40.69141055182115,-73.93809961484122
32544898,2016-01-27T20:41:00.000,Snow,E9 Snow / Icy Sidewalk,Sidewalk,104 MASPETH AVENUE,MASPETH AVENUE,OLIVE STREET,DEBEVOISE AVENUE,11211,BROOKLYN,BROOKLYN,01 BROOKLYN,40.716102862121076,-73.93884504275333
32544899,2016-01-27T19:43:00.000,Snow,E9 Snow / Icy Sidewalk,Sidewalk,23-25 206 STREET,206 STREET,23 AVENUE,26 AVENUE,11360,Bayside,QUEENS,07 QUEENS,40.77762224716514,-73.78742964210801
32544900,2016-01-27T19:45:00.000,Snow,E9 Snow / Icy Sidewalk,Sidewalk,,,,,11373,Elmhurst,QUEENS,04 QUEENS,40.736752343034745,-73.8776701929152
32544901,2016-01-27T19:12:00.000,Snow,E9 Snow / Icy Sidewalk,Sidewalk,,,,,11234,BROOKLYN,BROOKLYN,18 BROOKLYN,40.63044654798619,-73.92912060250723
32544902,2016-01-27T18:41:00.000,Snow,E9 Snow / Icy Sidewalk,Sidewalk,,,,,10303,STATEN ISLAND,STATEN ISLAND,01 STATEN ISLAND,40.63679526759788,-74.15477570419166
32544903,2016-01-27T17:28:00.000,Snow,E9 Snow / Icy Sidewalk,Sidewalk,392 CLASSON AVENUE,CLASSON AVENUE,GREENE AVENUE,LEXINGTON AVENUE,11238,BROOKLYN,BROOKLYN,02 BROOKLYN,40.686855559088976,-73.95961209260321
32544909,2016-01-27T20:16:00.000,Snow,E9 Snow / Icy Sidewalk,Sidewalk,212-12 41 AVENUE,41 AVENUE,212 STREET,213 STREET,11361,Bayside,QUEENS,11 QUEENS,40.76342565507936,-73.77265632140758
32544910,2016-01-27T18:51:00.000,Snow,E9 Snow / Icy Sidewalk,Sidewalk,163-14 SANFORD AVENUE,SANFORD AVENUE,163 STREET,164 STREET,11358,Flushing,QUEENS,07 QUEENS,40.76008327174142,-73.80284495401924
32544911,2016-01-27T17:42:00.000,Snow,E9 Snow / Icy Sidewalk,Sidewalk,142-31 37 AVENUE,37 AVENUE,UNION STREET,BOWNE STREET,11354,Flushing,QUEENS,07 QUEENS,40.76263035217958,-73.82671658104398
32544912,2016-01-27T16:05:00.000,Snow,E9 Snow / Icy Sidewalk,Sidewalk,504 MONTGOMERY STREET,MONTGOMERY STREET,NEW YORK AVENUE,BROOKLYN AVENUE,11225,BROOKLYN,BROOKLYN,09 BROOKLYN,40.66521644082828,-73.94769045749047
32544913,2016-01-27T14:31:00.000,Snow,E9 Snow / Icy Sidewalk,Sidewalk,40 LENOX AVENUE,LENOX AVENUE,WEST 111 STREET,WEST 112 STREET,10026,NEW YORK,MANHATTAN,10 MANHATTAN,40.799359782713324,-73.9515941844555
32544914,2016-01-27T14:12:00.000,Snow,E9 Snow / Icy Sidewalk,Sidewalk,163-04 15 DRIVE,15 DRIVE,163 STREET,166 STREET,11357,Whitestone,QUEENS,07 QUEENS,40.78513132257237,-73.79937637621126
32544915,2016-01-27T13:56:00.000,Snow,E9 Snow / Icy Sidewalk,Sidewalk,1451 FIRST AVENUE,FIRST AVENUE,EAST 75 STREET,EAST 76 STREET,10021,NEW YORK,MANHATTAN,08 MANHATTAN,40.77004167081999,-73.95437733208169
32544916,2016-01-27T12:35:00.000,Snow,E9 Snow / Icy Sidewalk,Sidewalk,166-10 UNION TURNPIKE,UNION TURNPIKE,166 STREET,167 STREET,11366,Fresh Meadows,QUEENS,08 QUEENS,40.72239861153512,-73.80175147346348
32544917,2016-01-27T12:21:00.000,Snow,E9 Snow / Icy Sidewalk,Sidewalk,81-27 247 STREET,247 STREET,81 AVENUE,82 AVENUE,11426,Bellerose,QUEENS,13 QUEENS,40.73983316083841,-73.72201401571463
32544918,2016-01-27T12:24:00.000,Snow,E9 Snow / Icy Sidewalk,Sidewalk,,,,,11413,Springfield Gardens,QUEENS,13 QUEENS,40.663369276723664,-73.74957899926923
32544920,2016-01-27T01:06:00.000,Snow,E9 Snow / Icy Sidewalk,Sidewalk,519 MAPLE STREET,MAPLE STREET,BROOKLYN AVENUE,KINGSTON AVENUE,11225,BROOKLYN,BROOKLYN,09 BROOKLYN,40.661267555617826,-73.94368190290743
32544922,2016-01-27T16:24:00.000,Snow,E9 Snow / Icy Sidewalk,Sidewalk,,,,,11249,BROOKLYN,BROOKLYN,01 BROOKLYN,40.717519018701715,-73.96472684214811
32544923,2016-01-27T14:39:00.000,Snow,E9 Snow / Icy Sidewalk,Sidewalk,777 5 AVENUE,5 AVENUE,28 STREET,29 STREET,11232,BROOKLYN,BROOKLYN,07 BROOKLYN,40.65721630072308,-73.99773660065874
32544924,2016-01-27T14:27:00.000,Snow,E9 Snow / Icy Sidewalk,Sidewalk,300 GOLD STREET,GOLD STREET,TILLARY STREET,JOHNSON STREET,11201,BROOKLYN,BROOKLYN,02 BROOKLYN,40.69513416485475,-73.98326367763617
32544925,2016-01-27T13:56:00.000,Snow,E9 Snow / Icy Sidewalk,Sidewalk,3825 EAST TREMONT AVENUE,EAST TREMONT AVENUE,LAMPORT PLACE,SCHLEY AVENUE,10465,BRONX,BRONX,10 BRONX,40.82450328812083,-73.82027570300505
32544926,2016-01-27T13:36:00.000,Snow,E9 Snow / Icy Sidewalk,Sidewalk,,,,,10304,STATEN ISLAND,STATEN ISLAND,01 STATEN ISLAND,40.609892241753336,-74.08494337559112
32544930,2016-01-27T10:30:00.000,Snow,E9 Snow / Icy Sidewalk,Sidewalk,591 EAST   89 STREET,EAST   89 STREET,BEDELL LANE,FARRAGUT ROAD,11236,BROOKLYN,BROOKLYN,18 BROOKLYN,40.64293865378986,-73.91029053768861
32544931,2016-01-27T10:44:00.000,Snow,E9 Snow / Icy Sidewalk,Sidewalk,150-16 19 AVENUE,19 AVENUE,150 STREET,MURRAY STREET,11357,Whitestone,QUEENS,07 QUEENS,40.78194648518821,-73.81352625387248
32544934,2016-01-27T09:50:00.000,Snow,E9 Snow / Icy Sidewalk,Sidewalk,5-23 47 ROAD,47 ROAD,5 STREET,VERNON BOULEVARD,11101,Long Island City,QUEENS,02 QUEENS,40.74519114216852,-73.95537957907185
32544935,2016-01-27T09:39:00.000,Snow,E9 Snow / Icy Sidewalk,Sidewalk,272 BLEECKER STREET,BLEECKER STREET,MYRTLE AVENUE,IRVING AVENUE,11237,BROOKLYN,BROOKLYN,04 BROOKLYN,40.699387308542086,-73.91702350228445
32544936,2016-01-27T08:39:00.000,Snow,E9 Snow / Icy Sidewalk,Sidewalk,,,,,10468,BRONX,BRONX,08 BRONX,40.87197007791596,-73.899083583882
32544937,2016-01-27T07:52:00.000,Snow,E9 Snow / Icy Sidewalk,Sidewalk,50-68 MORENCI LANE,MORENCI LANE,CAMBRIA AVENUE,VAN ZANDT AVENUE,11362,Little Neck,QUEENS,11 QUEENS,40.76463579825423,-73.73287036132285
32544938,2016-01-27T09:17:00.000,Snow,E9 Snow / Icy Sidewalk,Sidewalk,83-57 252 STREET,252 STREET,83 AVENUE,HILLSIDE AVENUE,11426,Bellerose,QUEENS,13 QUEENS,40.7365794882567,-73.71592930889393
32544940,2016-01-27T06:41:00.000,Snow,E9 Snow / Icy Sidewalk,Sidewalk,,,,,10453,BRONX,BRONX,05 BRONX,40.857182253213786,-73.90976297503045
32544944,2016-01-27T07:38:00.000,Snow,E9 Snow / Icy Sidewalk,Sidewalk,85-32 76 STREET,76 STREET,85 ROAD,85 DRIVE,11421,Woodhaven,QUEENS,09 QUEENS,40.69412473635514,-73.86650446594199
32544946,2016-01-27T19:01:00.000,Snow,E9 Snow / Icy Sidewalk,Sidewalk,4 FLUSHING AVENUE,FLUSHING AVENUE,NASSAU STREET,NORTH ELLIOTT PLACE,11201,BROOKLYN,BROOKLYN,02 BROOKLYN,40.69812506560621,-73.97794716592145
32544947,2016-01-27T18:56:00.000,Snow,E9 Snow / Icy Sidewalk,Sidewalk,15 DON COURT,DON COURT,ANNADALE ROAD,DEAD END,10312,STATEN ISLAND,STATEN ISLAND,03 STATEN ISLAND,40.563657045916315,-74.17770166676351
32544948,2016-01-27T17:41:00.000,Snow,E9 Snow / Icy Sidewalk,Sidewalk,15 SHARPE AVENUE,SHARPE AVENUE,RICHMOND TERRACE,LARKIN STREET,10302,STATEN ISLAND,STATEN ISLAND,01 STATEN ISLAND,40.63989236938786,-74.13667676585337
32544949,2016-01-27T11:48:00.000,Snow,E9 Snow / Icy Sidewalk,Sidewalk,,,,,10451,BRONX,BRONX,01 BRONX,40.812962643004454,-73.9257941239861
32544950,2016-01-27T11:57:00.000,Snow,E9 Snow / Icy Sidewalk,Sidewalk,628 KOSCIUSZKO STREET,KOSCIUSZKO STREET,BROADWAY,BUSHWICK AVENUE,11221,BROOKLYN,BROOKLYN,04 BROOKLYN,40.69350728078695,-73.92817728199772
32544953,2016-01-27T16:26:00.000,Snow,E9 Snow / Icy Sidewalk,Sidewalk,,,,,11204,BROOKLYN,BROOKLYN,12 BROOKLYN,40.63028241906092,-73.97815332078324
32544954,2016-01-27T13:45:00.000,Snow,E9 Snow / Icy Sidewalk,Sidewalk,,,,,11412,Saint Albans,QUEENS,12 QUEENS,40.69955246968084,-73.74773002653703
32544955,2016-01-27T13:32:00.000,Snow,E9 Snow / Icy Sidewalk,Sidewalk,137 SHERIDAN AVENUE,SHERIDAN AVENUE,MC KINLEY AVENUE,LIBERTY AVENUE,11208,BROOKLYN,BROOKLYN,05 BROOKLYN,40.67934777846337,-73.86728756207118
32544958,2016-01-27T12:36:00.000,Snow,E9 Snow / Icy Sidewalk,Sidewalk,194 VAN SICKLEN STREET,VAN SICKLEN STREET,AVENUE S,AVENUE T,11223,BROOKLYN,BROOKLYN,11 BROOKLYN,40.59977880675386,-73.97462708150684
32544963,2016-01-27T02:49:00.000,Snow,E9 Snow / Icy Sidewalk,Sidewalk,,,,,10308,STATEN ISLAND,STATEN ISLAND,03 STATEN ISLAND,40.55464100389833,-74.14607107791588
32545001,2016-01-27T20:12:00.000,Snow,E9 Snow / Icy Sidewalk,Sidewalk,,,,,11221,BROOKLYN,BROOKLYN,03 BROOKLYN,40.69628887569052,-73.93470520853202
32545002,2016-01-27T16:12:00.000,Snow,E9 Snow / Icy Sidewalk,Sidewalk,64-02 74 AVENUE,74 AVENUE,62 STREET,64 PLACE,11385,Ridgewood,QUEENS,05 QUEENS,40.70026699174402,-73.89217023223952
32545003,2016-01-27T14:49:00.000,Snow,E9 Snow / Icy Sidewalk,Sidewalk,1516 GATES AVENUE,GATES AVENUE,IRVING AVENUE,MYRTLE AVENUE,11237,BROOKLYN,BROOKLYN,04 BROOKLYN,40.69876946280717,-73.9129382346236
32545012,2016-01-27T12:28:00.000,Snow,E9 Snow / Icy Sidewalk,Sidewalk,,,,,11238,BROOKLYN,BROOKLYN,02 BROOKLYN,40.686682623345476,-73.95956892856266
32545013,2016-01-27T12:29:00.000,Snow,E9 Snow / Icy Sidewalk,Sidewalk,224-35 93 ROAD,93 ROAD,224 STREET,GETTYSBURG STREET,11428,Queens Village,QUEENS,13 QUEENS,40.72298027226839,-73.73125872689778
32545015,2016-01-27T09:51:00.000,Snow,E9 Snow / Icy Sidewalk,Sidewalk,70-01 141 STREET,141 STREET,70 AVENUE,70 ROAD,11367,Flushing,QUEENS,08 QUEENS,40.72879002056489,-73.82473718395957
32545016,2016-01-27T09:32:00.000,Snow,E9 Snow / Icy Sidewalk,Sidewalk,100-15 100 STREET,100 STREET,97 AVENUE,101 AVENUE,11416,Ozone Park,QUEENS,09 QUEENS,40.68564295781559,-73.84230209019381
32545017,2016-01-27T08:34:00.000,Snow,E9 Snow / Icy Sidewalk,Sidewalk,2700 NETHERLAND AVENUE,NETHERLAND AVENUE,WEST 227 STREET,EDGEHILL AVENUE,10463,BRONX,BRONX,08 BRONX,40.87971696594004,-73.91435389668847
32545026,2016-01-27T08:29:00.000,Snow,E9 Snow / Icy Sidewalk,Sidewalk,1740 RICHMOND TERRACE,RICHMOND TERRACE,TAYLOR STREET,DONGAN STREET,10310,STATEN ISLAND,STATEN ISLAND,01 STATEN ISLAND,40.6377577346475,-74.12384538583683
32545027,2016-01-27T07:18:00.000,Snow,E9 Snow / Icy Sidewalk,Sidewalk,,,,,10472,BRONX,BRONX,09 BRONX,40.82994655868128,-73.860262460724
32545839,2016-01-27T16:52:00.000,Snow,E9 Snow / Icy Sidewalk,Sidewalk,655 WEST  187 STREET,WEST  187 STREET,WADSWORTH AVENUE,BROADWAY,10033,NEW YORK,MANHATTAN,12 MANHATTAN,40.85374227585349,-73.93260226813558
32545860,2016-01-27T05:31:00.000,Snow,15S Re-Plow/Spread/Ice-Snow Cond.,Street,,,,,11375,Forest Hills,QUEENS,06 QUEENS,40.72455896936045,-73.84687126340532
32545861,2016-01-27T23:48:00.000,Snow,15S Re-Plow/Spread/Ice-Snow Cond.,Street,,,,,10033,NEW YORK,MANHATTAN,12 MANHATTAN,40.84851825453153,-73.93592929163144
32545864,2016-01-27T09:53:00.000,Snow,15S Re-Plow/Spread/Ice-Snow Cond.,Street,,,,,10007,NEW YORK,MANHATTAN,Unspecified MANHATTAN,40.71630248163211,-74.0109662957715
32545865,2016-01-27T00:45:00.000,Snow,15S Re-Plow/Spread/Ice-Snow Cond.,Street,2440 EAST   72 STREET,EAST   72 STREET,AVENUE X,AVENUE Y,11234,BROOKLYN,BROOKLYN,18 BROOKLYN,40.61487627334847,-73.90071129728477
32545866,2016-01-27T21:16:00.000,Snow,15S Re-Plow/Spread/Ice-Snow Cond.,Street,540 PUGSLEY AVENUE,PUGSLEY AVENUE,CICERO AVENUE,CAESAR PLACE,10473,BRONX,BRONX,09 BRONX,40.81708782275328,-73.85384422219977
32545867,2016-01-27T15:11:00.000,Snow,15S Re-Plow/Spread/Ice-Snow Cond.,Street,100 8 AVENUE,8 AVENUE,WEST 14 STREET,WEST 15 STREET,10011,NEW YORK,MANHATTAN,04 MANHATTAN,40.74033606859449,-74.00208579123554
32545868,2016-01-27T14:42:00.000,Snow,15S Re-Plow/Spread/Ice-Snow Cond.,Street,53-15 73 STREET,73 STREET,53 AVENUE,53 ROAD,11378,Maspeth,QUEENS,05 QUEENS,40.730773485876945,-73.8905332945599
32545872,2016-01-27T08:22:00.000,Snow,15S Re-Plow/Spread/Ice-Snow Cond.,Street,,,,,11418,Richmond Hill,QUEENS,09 QUEENS,40.70224026051644,-73.81964235975916
32545873,2016-01-27T08:22:00.000,Snow,15S Re-Plow/Spread/Ice-Snow Cond.,Street,154-09 SANFORD AVENUE,SANFORD AVENUE,BEND,155 STREET,11355,Flushing,QUEENS,07 QUEENS,40.7614170383548,-73.81092331748995
32545881,2016-01-27T02:02:00.000,Snow,15S Re-Plow/Spread/Ice-Snow Cond.,Street,,,,,11221,BROOKLYN,BROOKLYN,03 BROOKLYN,40.687229444626354,-73.94178497937632
32545882,2016-01-27T00:36:00.000,Snow,15S Re-Plow/Spread/Ice-Snow Cond.,Street,1201 66 STREET,66 STREET,12 AVENUE,13 AVENUE,11219,BROOKLYN,BROOKLYN,10 BROOKLYN,40.626518573505834,-74.00401316423608
32545883,2016-01-27T22:19:00.000,Snow,15S Re-Plow/Spread/Ice-Snow Cond.,Street,,,,,11361,Bayside,QUEENS,11 QUEENS,40.76879764903543,-73.7858187833251
32545885,2016-01-27T15:07:00.000,Snow,15S Re-Plow/Spread/Ice-Snow Cond.,Street,,,,,11427,Queens Village,QUEENS,13 QUEENS,40.73027741765565,-73.74398395579797
32545886,2016-01-27T15:14:00.000,Snow,15S Re-Plow/Spread/Ice-Snow Cond.,Street,68-14 ELIOT AVENUE,ELIOT AVENUE,68 STREET,69 STREET,11379,Middle Village,QUEENS,05 QUEENS,40.71904923767308,-73.89197750785536
32545887,2016-01-27T02:45:00.000,Snow,15S Re-Plow/Spread/Ice-Snow Cond.,Street,,,,,11234,BROOKLYN,BROOKLYN,18 BROOKLYN,40.61493775917542,-73.90199346751461
32545888,2016-01-27T11:17:00.000,Snow,15S Re-Plow/Spread/Ice-Snow Cond.,Street,,,,,10003,NEW YORK,MANHATTAN,02 MANHATTAN,40.732252732127115,-73.99635211222427
32545891,2016-01-27T13:46:00.000,Snow,15S Re-Plow/Spread/Ice-Snow Cond.,Street,,,,,11201,BROOKLYN,BROOKLYN,02 BROOKLYN,40.699772772647066,-73.9829307207
32545892,2016-01-27T13:16:00.000,Snow,15S Re-Plow/Spread/Ice-Snow Cond.,Street,2015 LINDEN STREET,LINDEN STREET,FAIRVIEW AVENUE,GRANDVIEW AVENUE,11385,Ridgewood,QUEENS,05 QUEENS,40.707102361128555,-73.9056992477323
32545895,2016-01-27T09:49:00.000,Snow,15S Re-Plow/Spread/Ice-Snow Cond.,Street,150 UNION AVENUE,UNION AVENUE,MIDDLETON STREET,LYNCH STREET,11206,BROOKLYN,BROOKLYN,01 BROOKLYN,40.704396427660626,-73.95019521709474
32545896,2016-01-27T22:22:00.000,Snow,15S Re-Plow/Spread/Ice-Snow Cond.,Street,145-40 120 AVENUE,120 AVENUE,INWOOD STREET,146 STREET,11436,Jamaica,QUEENS,12 QUEENS,40.67688177001013,-73.79379307963946
32545897,2016-01-27T09:14:00.000,Snow,15S Re-Plow/Spread/Ice-Snow Cond.,Street,,,,,11226,BROOKLYN,BROOKLYN,14 BROOKLYN,40.654882431881674,-73.9618803533782
32545898,2016-01-27T08:26:00.000,Snow,15S Re-Plow/Spread/Ice-Snow Cond.,Street,54 BOERUM STREET,BOERUM STREET,LORIMER STREET,LEONARD STREET,11206,BROOKLYN,BROOKLYN,01 BROOKLYN,40.705512194226436,-73.947161106022
32545912,2016-01-27T07:51:00.000,Snow,15S Re-Plow/Spread/Ice-Snow Cond.,Street,53 CONRAD AVENUE,CONRAD AVENUE,FANELLI LANE,GREENWAY AVENUE,10314,STATEN ISLAND,STATEN ISLAND,02 STATEN ISLAND,40.59002266071334,-74.14737624806172
32545913,2016-01-27T01:00:00.000,Snow,15S Re-Plow/Spread/Ice-Snow Cond.,Street,,,,,11364,Oakland Gardens,QUEENS,11 QUEENS,40.7508185097619,-73.75501418634711
32545914,2016-01-27T01:38:00.000,Snow,15S Re-Plow/Spread/Ice-Snow Cond.,Street,,,,,,,QUEENS,08 QUEENS,,
32545915,2016-01-27T00:28:00.000,Snow,15S Re-Plow/Spread/Ice-Snow Cond.,Street,,,,,,,STATEN ISLAND,03 STATEN ISLAND,,
32545920,2016-01-27T01:32:00.000,Snow,15S Re-Plow/Spread/Ice-Snow Cond.,Street,84-32 ABINGDON ROAD,ABINGDON ROAD,LEFFERTS BOULEVARD,BREVOORT STREET,11415,Kew Gardens,QUEENS,09 QUEENS,40.70676679178024,-73.8307535619585
32545924,2016-01-27T01:34:00.000,Snow,15S Re-Plow/Spread/Ice-Snow Cond.,Street,,,,,10453,BRONX,BRONX,05 BRONX,40.85447072964993,-73.91007391430297
32545925,2016-01-27T02:24:00.000,Snow,15S Re-Plow/Spread/Ice-Snow Cond.,Street,,,,,11377,Woodside,QUEENS,02 QUEENS,40.74668307229834,-73.90071335326466
32545929,2016-01-27T01:21:00.000,Snow,E9 Snow / Icy Sidewalk,Sidewalk,,,,,11206,BROOKLYN,BROOKLYN,03 BROOKLYN,40.69317244827173,-73.94876838006537
32545931,2016-01-27T09:22:00.000,Snow,15S Re-Plow/Spread/Ice-Snow Cond.,Street,,,,,11358,Flushing,QUEENS,11 QUEENS,40.75377629114293,-73.7861774875991
32545932,2016-01-27T06:31:00.000,Snow,15S Re-Plow/Spread/Ice-Snow Cond.,Street,916 77 STREET,77 STREET,FT HAMILTON PARKWAY,10 AVENUE,11228,BROOKLYN,BROOKLYN,10 BROOKLYN,40.62434896267973,-74.01726613198944
32545947,2016-01-27T08:48:00.000,Snow,15S Re-Plow/Spread/Ice-Snow Cond.,Street,44-02 FRANCIS LEWIS BOULEVARD,FRANCIS LEWIS BOULEVARD,44 AVENUE,45 AVENUE,11361,Bayside,QUEENS,11 QUEENS,40.75722897171983,-73.78312354394222
32545948,2016-01-27T08:32:00.000,Snow,15S Re-Plow/Spread/Ice-Snow Cond.,Street,175-21 PECK AVENUE,PECK AVENUE,FRESH MEADOW LANE,175 PLACE,11365,Fresh Meadows,QUEENS,11 QUEENS,40.745872317174374,-73.79421832373254
32545949,2016-01-27T00:16:00.000,Snow,15S Re-Plow/Spread/Ice-Snow Cond.,Street,,,,,10023,NEW YORK,MANHATTAN,07 MANHATTAN,40.78102539234052,-73.98131028936288
32545972,2016-01-27T06:25:00.000,Snow,E9 Snow / Icy Sidewalk,Sidewalk,953 EAST    8 STREET,EAST    8 STREET,AVENUE I,AVENUE J,11230,BROOKLYN,BROOKLYN,12 BROOKLYN,40.62591316183279,-73.96829124600818
32545973,2016-01-27T03:12:00.000,Snow,E9 Snow / Icy Sidewalk,Sidewalk,1065 OGDEN AVENUE,OGDEN AVENUE,WEST 165 STREET,WEST 166 STREET,10452,BRONX,BRONX,04 BRONX,40.83483688856363,-73.92831381523223
32545995,2016-01-27T00:34:00.000,Snow,E9 Snow / Icy Sidewalk,Sidewalk,300 EAST   17 STREET,EAST   17 STREET,BEVERLEY ROAD,CORTELYOU ROAD,11226,BROOKLYN,BROOKLYN,14 BROOKLYN,40.643453498683655,-73.96293547093997
32545996,2016-01-27T00:23:00.000,Snow,E9 Snow / Icy Sidewalk,Sidewalk,1238 EAST   14 STREET,EAST   14 STREET,AVENUE L,LOCUST AVENUE,11230,BROOKLYN,BROOKLYN,14 BROOKLYN,40.619433299838434,-73.96125942439224
32546026,2016-01-27T05:46:00.000,Snow,E9 Snow / Icy Sidewalk,Sidewalk,86-45 231 STREET,231 STREET,HILLSIDE AVENUE,87 AVENUE,11427,Queens Village,QUEENS,13 QUEENS,40.73220854357031,-73.73856782807991
32546027,2016-01-27T03:30:00.000,Snow,E9 Snow / Icy Sidewalk,Sidewalk,808 COLUMBUS AVENUE,COLUMBUS AVENUE,WEST 97 STREET,WEST 100 STREET,10025,NEW YORK,MANHATTAN,07 MANHATTAN,40.79511880426107,-73.9658883905071
32546044,2016-01-27T09:55:00.000,Snow,E9 Snow / Icy Sidewalk,Sidewalk,,,,,10301,STATEN ISLAND,STATEN ISLAND,01 STATEN ISLAND,40.63817117482061,-74.07812985704247
32546045,2016-01-27T08:05:00.000,Snow,E9 Snow / Icy Sidewalk,Sidewalk,57-50 59 AVENUE,59 AVENUE,DEAD END,58 STREET,11378,Maspeth,QUEENS,05 QUEENS,40.71778649572894,-73.91105196671222
32546052,2016-01-27T03:11:00.000,Snow,E9 Snow / Icy Sidewalk,Sidewalk,1595 WILLIAMSBDG ROAD,WILLIAMSBDG ROAD,SACKETT AVENUE,PIERCE AVENUE,10461,BRONX,BRONX,11 BRONX,40.84681760007914,-73.84881630572205
32546053,2016-01-27T02:43:00.000,Snow,E9 Snow / Icy Sidewalk,Sidewalk,,,,,11210,BROOKLYN,BROOKLYN,18 BROOKLYN,40.62422954844458,-73.93857619193803
32546054,2016-01-27T00:51:00.000,Snow,E9 Snow / Icy Sidewalk,Sidewalk,,,,,10466,BRONX,BRONX,12 BRONX,40.886190990633104,-73.85798515292602
32546055,2016-01-27T02:01:00.000,Snow,E9 Snow / Icy Sidewalk,Sidewalk,289 NORTH    7 STREET,NORTH    7 STREET,HAVEMEYER STREET,MEEKER AVENUE,11211,BROOKLYN,BROOKLYN,01 BROOKLYN,40.71504189047123,-73.95322458084041
32546056,2016-01-27T02:12:00.000,Snow,E9 Snow / Icy Sidewalk,Sidewalk,106-19 OTIS AVENUE,OTIS AVENUE,WALDRON STREET,VAN DOREN STREET,11368,Corona,QUEENS,04 QUEENS,40.74000256139117,-73.85443913730253
32546064,2016-01-27T02:13:00.000,Snow,E9 Snow / Icy Sidewalk,Sidewalk,69-10A 188 STREET,188 STREET,BEND,186 LANE,11365,Fresh Meadows,QUEENS,08 QUEENS,40.73480019104651,-73.78385687303967
32546065,2016-01-27T02:17:00.000,Snow,E9 Snow / Icy Sidewalk,Sidewalk,1775 WALTON AVENUE,WALTON AVENUE,HENWOOD PLACE,EAST 176 STREET,10453,BRONX,BRONX,05 BRONX,40.84773526155697,-73.91012277906285
32546066,2016-01-27T02:17:00.000,Snow,E9 Snow / Icy Sidewalk,Sidewalk,,,,,11249,BROOKLYN,BROOKLYN,01 BROOKLYN,40.70705588267769,-73.9643933362737
32546074,2016-01-27T13:09:00.000,Snow,E9 Snow / Icy Sidewalk,Sidewalk,171 BEACH   90 STREET,BEACH   90 STREET,HOLLAND AVENUE,ROCKAWAY BEACH BOULEVARD,11693,Far Rockaway,QUEENS,14 QUEENS,40.58635882902751,-73.8133055249144
32546081,2016-01-27T12:05:00.000,Snow,E9 Snow / Icy Sidewalk,Sidewalk,,,,,11207,BROOKLYN,BROOKLYN,05 BROOKLYN,40.67573576358189,-73.89685331863805
32546083,2016-01-27T21:57:00.000,Snow,E9 Snow / Icy Sidewalk,Sidewalk,1300 EAST  222 STREET,EAST  222 STREET,BOSTON ROAD,WICKHAM AVENUE,10469,BRONX,BRONX,12 BRONX,40.87904926625302,-73.84311987079408
32546084,2016-01-27T19:49:00.000,Snow,E9 Snow / Icy Sidewalk,Sidewalk,233 RAMAPO AVENUE,RAMAPO AVENUE,LENEVAR AVENUE,MAGUIRE AVENUE,10309,STATEN ISLAND,STATEN ISLAND,03 STATEN ISLAND,40.53979704381883,-74.20983147351052
32546085,2016-01-27T20:16:00.000,Snow,E9 Snow / Icy Sidewalk,Sidewalk,511 MONTGOMERY STREET,MONTGOMERY STREET,NEW YORK AVENUE,BROOKLYN AVENUE,11225,BROOKLYN,BROOKLYN,09 BROOKLYN,40.66522184335404,-73.9474994109226
32546086,2016-01-27T18:48:00.000,Snow,E9 Snow / Icy Sidewalk,Sidewalk,5462 VALLES AVENUE,VALLES AVENUE,WEST 254 STREET,WEST 256 STREET,10471,BRONX,BRONX,08 BRONX,40.90226908927685,-73.89954763624557
32546087,2016-01-27T18:51:00.000,Snow,E9 Snow / Icy Sidewalk,Sidewalk,812 4 AVENUE,4 AVENUE,27 STREET,28 STREET,11232,BROOKLYN,BROOKLYN,07 BROOKLYN,40.65888789383714,-73.99969724473122
32546088,2016-01-27T18:51:00.000,Snow,E9 Snow / Icy Sidewalk,Sidewalk,,,,,11220,BROOKLYN,BROOKLYN,07 BROOKLYN,40.64591907371299,-74.02383374000625
32546096,2016-01-27T09:15:00.000,Snow,E9 Snow / Icy Sidewalk,Sidewalk,,,,,10010,NEW YORK,MANHATTAN,04 MANHATTAN,40.742910439074564,-73.99280410305454
32546097,2016-01-27T17:25:00.000,Snow,E9 Snow / Icy Sidewalk,Sidewalk,,,,,11230,BROOKLYN,BROOKLYN,14 BROOKLYN,40.61821626610389,-73.95814797364747
32546098,2016-01-27T15:18:00.000,Snow,E9 Snow / Icy Sidewalk,Sidewalk,73-01 UTOPIA PARKWAY,UTOPIA PARKWAY,73 AVENUE,74 AVENUE,11366,Fresh Meadows,QUEENS,08 QUEENS,40.72994862518471,-73.79347011114203
32546099,2016-01-27T13:58:00.000,Snow,E9 Snow / Icy Sidewalk,Sidewalk,,,,,11385,Ridgewood,QUEENS,05 QUEENS,40.69484177372935,-73.9027487067171
32546100,2016-01-27T13:44:00.000,Snow,E9 Snow / Icy Sidewalk,Sidewalk,,,,,11414,Howard Beach,QUEENS,10 QUEENS,40.668557742355425,-73.84713320780025
32546101,2016-01-27T11:17:00.000,Snow,E9 Snow / Icy Sidewalk,Sidewalk,,,,,10302,STATEN ISLAND,STATEN ISLAND,01 STATEN ISLAND,40.631180606424365,-74.13879895029811
32546102,2016-01-27T11:09:00.000,Snow,E9 Snow / Icy Sidewalk,Sidewalk,388 3 STREET,3 STREET,5 AVENUE,6 AVENUE,11215,BROOKLYN,BROOKLYN,06 BROOKLYN,40.67238537369058,-73.98245106047466
32546103,2016-01-27T08:59:00.000,Snow,E9 Snow / Icy Sidewalk,Sidewalk,3501 EASTCHESTER ROAD,EASTCHESTER ROAD,BOSTON ROAD,CHESTER STREET,10469,BRONX,BRONX,12 BRONX,40.87845907980532,-73.84715325680328
32546104,2016-01-27T08:35:00.000,Snow,E9 Snow / Icy Sidewalk,Sidewalk,,,,,11357,Whitestone,QUEENS,07 QUEENS,40.78396641997062,-73.81171870366391
32546105,2016-01-27T03:34:00.000,Snow,E9 Snow / Icy Sidewalk,Sidewalk,8855 15 AVENUE,15 AVENUE,CROPSEY AVENUE,INDEPENDENCE AVENUE,11228,BROOKLYN,BROOKLYN,11 BROOKLYN,40.60609640348164,-74.01501775209915
32546106,2016-01-27T03:27:00.000,Snow,E9 Snow / Icy Sidewalk,Sidewalk,168 HOOKER PLACE,HOOKER PLACE,TRANTOR PLACE,DEAD END,10303,STATEN ISLAND,STATEN ISLAND,01 STATEN ISLAND,40.631972154837165,-74.14679516658306
32546108,2016-01-27T00:57:00.000,Snow,E9 Snow / Icy Sidewalk,Sidewalk,212 COURT STREET,COURT STREET,WARREN STREET,WARREN STREET,11201,BROOKLYN,BROOKLYN,06 BROOKLYN,40.68671151824322,-73.99381977311425
32546109,2016-01-27T01:16:00.000,Snow,E9 Snow / Icy Sidewalk,Sidewalk,,,,,10305,STATEN ISLAND,STATEN ISLAND,02 STATEN ISLAND,40.59453510364837,-74.07714980452783
32546110,2016-01-27T11:10:00.000,Snow,E9 Snow / Icy Sidewalk,Sidewalk,466 ROCKAWAY PARKWAY,ROCKAWAY PARKWAY,WILLMOHR STREET,CHURCH AVENUE,11212,BROOKLYN,BROOKLYN,17 BROOKLYN,40.65692999434995,-73.91546526760536
32546111,2016-01-27T10:15:00.000,Snow,E9 Snow / Icy Sidewalk,Sidewalk,179-11 80 ROAD,80 ROAD,SURREY PLACE,KENT STREET,11432,Jamaica,QUEENS,08 QUEENS,40.72609311985949,-73.78791871753246
32546112,2016-01-27T10:27:00.000,Snow,E9 Snow / Icy Sidewalk,Sidewalk,,,,,11385,Ridgewood,QUEENS,05 QUEENS,40.71221471185736,-73.91116040117575
32546113,2016-01-27T09:46:00.000,Snow,E9 Snow / Icy Sidewalk,Sidewalk,1074 BEACH   22 STREET,BEACH   22 STREET,LORETTA ROAD,BEND,11691,Far Rockaway,QUEENS,14 QUEENS,40.60396923109969,-73.75473915253711
32546114,2016-01-27T09:38:00.000,Snow,E9 Snow / Icy Sidewalk,Sidewalk,,,,,11358,Flushing,QUEENS,07 QUEENS,40.761825696346804,-73.8009626957314
32546115,2016-01-27T09:11:00.000,Snow,E9 Snow / Icy Sidewalk,Sidewalk,169 SKILLMAN AVENUE,SKILLMAN AVENUE,GRAHAM AVENUE,HUMBOLDT STREET,11211,BROOKLYN,BROOKLYN,01 BROOKLYN,40.715995736674145,-73.94408657457801
32546116,2016-01-27T07:11:00.000,Snow,E9 Snow / Icy Sidewalk,Sidewalk,,,,,11230,BROOKLYN,BROOKLYN,14 BROOKLYN,40.629968161449845,-73.96232690410386
32546117,2016-01-27T03:19:00.000,Snow,E9 Snow / Icy Sidewalk,Sidewalk,321 WEBSTER AVENUE,WEBSTER AVENUE,OCEAN PARKWAY,EAST 8 STREET,11230,BROOKLYN,BROOKLYN,14 BROOKLYN,40.633335475471846,-73.96979010760721
32546118,2016-01-27T03:03:00.000,Snow,E9 Snow / Icy Sidewalk,Sidewalk,171 WELLINGTON COURT,WELLINGTON COURT,ESSEX DRIVE,DEAD END,10314,STATEN ISLAND,STATEN ISLAND,02 STATEN ISLAND,40.57914082891301,-74.15874601927251
32546121,2016-01-27T01:36:00.000,Snow,E9 Snow / Icy Sidewalk,Sidewalk,,,,,11364,Oakland Gardens,QUEENS,08 QUEENS,40.73626943330202,-73.77286083936565
32546124,2016-01-27T02:29:00.000,Snow,E9 Snow / Icy Sidewalk,Sidewalk,,,,,11229,BROOKLYN,BROOKLYN,15 BROOKLYN,40.594226829248676,-73.9583682516513
32546125,2016-01-27T01:58:00.000,Snow,E9 Snow / Icy Sidewalk,Sidewalk,,,,,11367,Flushing,QUEENS,08 QUEENS,40.72193810692072,-73.81704566196002
32546127,2016-01-27T17:32:00.000,Snow,E9 Snow / Icy Sidewalk,Sidewalk,,,,,11385,Ridgewood,QUEENS,05 QUEENS,40.70003288339999,-73.90697871990369
32546135,2016-01-27T17:02:00.000,Snow,E9 Snow / Icy Sidewalk,Sidewalk,,,,,11206,BROOKLYN,BROOKLYN,01 BROOKLYN,40.71022116058632,-73.95099522724558
32546136,2016-01-27T17:05:00.000,Snow,E9 Snow / Icy Sidewalk,Sidewalk,,,,,11205,BROOKLYN,BROOKLYN,03 BROOKLYN,40.69500480501102,-73.95248855229639
32546137,2016-01-27T10:09:00.000,Snow,E9 Snow / Icy Sidewalk,Sidewalk,278 SUMPTER STREET,SUMPTER STREET,THOMAS S BOYLAND STREET,ROCKAWAY AVENUE,11233,BROOKLYN,BROOKLYN,16 BROOKLYN,40.68078304922796,-73.91303382468617
32546138,2016-01-27T05:01:00.000,Snow,E9 Snow / Icy Sidewalk,Sidewalk,296 MALDEN PLACE,MALDEN PLACE,PRIMROSE PLACE,FALCON AVENUE,10306,STATEN ISLAND,STATEN ISLAND,03 STATEN ISLAND,40.56171342616978,-74.11558509408823
32546139,2016-01-27T03:15:00.000,Snow,E9 Snow / Icy Sidewalk,Sidewalk,22 ST FELIX STREET,ST FELIX STREET,DEKALB AVENUE,FULTON STREET,11217,BROOKLYN,BROOKLYN,02 BROOKLYN,40.68905632213115,-73.97780232498297
32546140,2016-01-27T03:15:00.000,Snow,E9 Snow / Icy Sidewalk,Sidewalk,,,,,11418,Richmond Hill,QUEENS,09 QUEENS,40.70321906862617,-73.82427062918916
32546141,2016-01-27T15:45:00.000,Snow,E9 Snow / Icy Sidewalk,Sidewalk,922 EAST    9 STREET,EAST    9 STREET,AVENUE I,AVENUE J,11230,BROOKLYN,BROOKLYN,12 BROOKLYN,40.62620661162369,-73.96742291258394
32546142,2016-01-27T15:38:00.000,Snow,E9 Snow / Icy Sidewalk,Sidewalk,899 EAST    8 STREET,EAST    8 STREET,DEAD END,AVENUE I,11230,BROOKLYN,BROOKLYN,12 BROOKLYN,40.627346016279816,-73.96856075472546
32546143,2016-01-27T15:24:00.000,Snow,E9 Snow / Icy Sidewalk,Sidewalk,,,,,10304,STATEN ISLAND,STATEN ISLAND,01 STATEN ISLAND,40.62145956738644,-74.0717415887913
32546144,2016-01-27T15:29:00.000,Snow,E9 Snow / Icy Sidewalk,Sidewalk,307 MAUJER STREET,MAUJER STREET,WATERBURY STREET,MORGAN AVENUE,11206,BROOKLYN,BROOKLYN,01 BROOKLYN,40.712069852372146,-73.93707404681568
32546145,2016-01-27T14:15:00.000,Snow,E9 Snow / Icy Sidewalk,Sidewalk,299 ST MARKS AVENUE,ST MARKS AVENUE,UNDERHILL AVENUE,WASHINGTON AVENUE,11238,BROOKLYN,BROOKLYN,08 BROOKLYN,40.67786003365845,-73.96524534350318
32546146,2016-01-27T22:19:00.000,Snow,E9 Snow / Icy Sidewalk,Sidewalk,1072 55 STREET,55 STREET,FT HAMILTON PARKWAY,11 AVENUE,11219,BROOKLYN,BROOKLYN,12 BROOKLYN,40.63471183600185,-74.00067374672388
32546147,2016-01-27T18:11:00.000,Snow,E9 Snow / Icy Sidewalk,Sidewalk,110-08 COLONIAL AVENUE,COLONIAL AVENUE,62 DRIVE,62 AVENUE,11375,Forest Hills,QUEENS,06 QUEENS,40.73697559254238,-73.84844127500995
32546151,2016-01-27T02:32:00.000,Snow,E9 Snow / Icy Sidewalk,Sidewalk,983 METROPOLITAN AVENUE,METROPOLITAN AVENUE,CATHERINE STREET,MORGAN AVENUE,11211,BROOKLYN,BROOKLYN,01 BROOKLYN,40.71451236664034,-73.93648376105888
32546155,2016-01-27T10:29:00.000,Snow,E9 Snow / Icy Sidewalk,Sidewalk,993 EAST THIRD STREET,EAST THIRD STREET,ELMWOOD AVENUE,AVENUE I,11230,BROOKLYN,BROOKLYN,12 BROOKLYN,40.62699336126775,-73.97428530475594
32546156,2016-01-27T09:26:00.000,Snow,E9 Snow / Icy Sidewalk,Sidewalk,63-59 FOREST AVENUE,FOREST AVENUE,MENAHAN STREET,GROVE STREET,11385,Ridgewood,QUEENS,05 QUEENS,40.70958816991298,-73.90454871369546
32546157,2016-01-27T09:01:00.000,Snow,E9 Snow / Icy Sidewalk,Sidewalk,2820 HYLAN BOULEVARD,HYLAN BOULEVARD,RENO AVENUE,TYSENS LANE,10306,STATEN ISLAND,STATEN ISLAND,02 STATEN ISLAND,40.564166769471505,-74.11609681508179
32546158,2016-01-27T09:08:00.000,Snow,E9 Snow / Icy Sidewalk,Sidewalk,32-05 146 STREET,146 STREET,32 AVENUE,33 AVENUE,11354,Flushing,QUEENS,07 QUEENS,40.76948438376797,-73.82158306255805
32546161,2016-01-27T17:42:00.000,Snow,E9 Snow / Icy Sidewalk,Sidewalk,2024 80 STREET,80 STREET,20 AVENUE,21 AVENUE,11214,BROOKLYN,BROOKLYN,11 BROOKLYN,40.60757118433115,-73.99402157815676
32546162,2016-01-27T14:21:00.000,Snow,E9 Snow / Icy Sidewalk,Sidewalk,2382 60 STREET,60 STREET,DAHILL ROAD,24 AVENUE,11204,BROOKLYN,BROOKLYN,12 BROOKLYN,40.61415321109385,-73.97422181650148
32546163,2016-01-27T11:48:00.000,Snow,E9 Snow / Icy Sidewalk,Sidewalk,68-68 YELLOWSTON BOULEVARD,YELLOWSTON BOULEVARD,68 DRIVE,69 AVENUE,11375,Forest Hills,QUEENS,06 QUEENS,40.72489159246137,-73.84725292639861
32546165,2016-01-27T02:00:00.000,Snow,E9 Snow / Icy Sidewalk,Sidewalk,,,,,10451,BRONX,BRONX,04 BRONX,40.82860212009548,-73.92174771471576
32546167,2016-01-27T08:44:00.000,Snow,E9 Snow / Icy Sidewalk,Sidewalk,102 SUYDAM STREET,SUYDAM STREET,EVERGREEN AVENUE,CENTRAL AVENUE,11221,BROOKLYN,BROOKLYN,04 BROOKLYN,40.69809140905743,-73.92876378494533
32546168,2016-01-27T08:24:00.000,Snow,E9 Snow / Icy Sidewalk,Sidewalk,48-18 215 STREET,215 STREET,48 AVENUE,49 AVENUE,11364,Oakland Gardens,QUEENS,11 QUEENS,40.755548751762234,-73.76607065242219
32546169,2016-01-27T08:06:00.000,Snow,E9 Snow / Icy Sidewalk,Sidewalk,,,,,11223,BROOKLYN,BROOKLYN,15 BROOKLYN,40.59266333681161,-73.97062945738786
32546171,2016-01-27T11:25:00.000,Snow,E9 Snow / Icy Sidewalk,Sidewalk,258-10 HILLSIDE AVENUE,HILLSIDE AVENUE,258 STREET,259 STREET,11004,Glen Oaks,QUEENS,13 QUEENS,40.73698172060991,-73.70992309483788
32546172,2016-01-27T10:10:00.000,Snow,E9 Snow / Icy Sidewalk,Sidewalk,,,,,10308,STATEN ISLAND,STATEN ISLAND,03 STATEN ISLAND,40.56625274100368,-74.15357928127415
32546173,2016-01-27T08:01:00.000,Snow,E9 Snow / Icy Sidewalk,Sidewalk,86-05 SOMERSET STREET,SOMERSET STREET,HENLEY ROAD,CHELSEA STREET,11432,Jamaica,QUEENS,08 QUEENS,40.71800373782394,-73.780303906395
32546174,2016-01-27T07:16:00.000,Snow,E9 Snow / Icy Sidewalk,Sidewalk,1900 HOBART AVENUE,HOBART AVENUE,ST THERESA AVENUE,WILKINSON AVENUE,10461,BRONX,BRONX,10 BRONX,40.84966422293801,-73.83126108586276
32546175,2016-01-27T06:34:00.000,Snow,E9 Snow / Icy Sidewalk,Sidewalk,23 HUGUENOT AVENUE,HUGUENOT AVENUE,BEND,CODY PLACE,10312,STATEN ISLAND,STATEN ISLAND,03 STATEN ISLAND,40.55528721295678,-74.20307867158897
32546177,2016-01-27T06:42:00.000,Snow,E9 Snow / Icy Sidewalk,Sidewalk,837 HUGUENOT AVENUE,HUGUENOT AVENUE,DRUMGOOLE ROAD EAST,WEST TERRACE,10312,STATEN ISLAND,STATEN ISLAND,03 STATEN ISLAND,40.53406266873504,-74.19286921044264
32546186,2016-01-27T21:47:00.000,Snow,E9 Snow / Icy Sidewalk,Sidewalk,96 KELVIN AVENUE,KELVIN AVENUE,O'GORMAN AVENUE,DURANT AVENUE,10306,STATEN ISLAND,STATEN ISLAND,03 STATEN ISLAND,40.55450697164349,-74.13445449359665
32546187,2016-01-27T21:03:00.000,Snow,E9 Snow / Icy Sidewalk,Sidewalk,198-47 49 AVENUE,49 AVENUE,WEEKS LANE,FRANCIS LEWIS BOULEVARD,11365,Fresh Meadows,QUEENS,11 QUEENS,40.750845162830096,-73.7804843350602
32546188,2016-01-27T20:42:00.000,Snow,E9 Snow / Icy Sidewalk,Sidewalk,117-30 PARK LN SOUTH,PARK LN SOUTH,METROPOLITAN AVENUE,ABINGDON ROAD,11418,Richmond Hill,QUEENS,09 QUEENS,40.70898121021361,-73.83602129232544
32546189,2016-01-27T16:38:00.000,Snow,E9 Snow / Icy Sidewalk,Sidewalk,,,,,11102,Astoria,QUEENS,01 QUEENS,40.770962609948135,-73.92142192077769
32546197,2016-01-27T12:01:00.000,Snow,E9 Snow / Icy Sidewalk,Sidewalk,,,,,,,STATEN ISLAND,02 STATEN ISLAND,,
32546198,2016-01-27T11:57:00.000,Snow,E9 Snow / Icy Sidewalk,Sidewalk,111-29 66 AVENUE,66 AVENUE,111 STREET,GRAND CENTRAL PARKWAY,11375,Forest Hills,QUEENS,06 QUEENS,40.7315848044797,-73.84426445413928
32546199,2016-01-27T09:46:00.000,Snow,E9 Snow / Icy Sidewalk,Sidewalk,409 DEAN STREET,DEAN STREET,4 AVENUE,5 AVENUE,11217,BROOKLYN,BROOKLYN,06 BROOKLYN,40.682597874929264,-73.97780086931077
32546200,2016-01-27T09:28:00.000,Snow,E9 Snow / Icy Sidewalk,Sidewalk,91 CARROLL STREET,CARROLL STREET,WILLIAM AVENUE,CITY ISLAND AVENUE,10464,BRONX,BRONX,10 BRONX,40.845562082661466,-73.78718000843038
32547072,2016-01-27T16:20:00.000,Snow,15S Re-Plow/Spread/Ice-Snow Cond.,Street,136-25 218 STREET,218 STREET,136 ROAD,137 AVENUE,11413,Springfield Gardens,QUEENS,13 QUEENS,40.67650540472665,-73.7531925532036
32547073,2016-01-27T10:08:00.000,Snow,15S Re-Plow/Spread/Ice-Snow Cond.,Street,,,,,10460,BRONX,BRONX,11 BRONX,40.84205516962112,-73.86869776852863
32547074,2016-01-27T18:09:00.000,Snow,15S Re-Plow/Spread/Ice-Snow Cond.,Street,134-30 LINDEN BOULEVARD,LINDEN BOULEVARD,LINCOLN STREET,135 STREET,11420,South Ozone Park,QUEENS,10 QUEENS,40.68241167814206,-73.80757787268658
32547075,2016-01-27T17:01:00.000,Snow,15S Re-Plow/Spread/Ice-Snow Cond.,Street,,,,,10003,NEW YORK,MANHATTAN,03 MANHATTAN,40.72618639459493,-73.98942894337132
32547076,2016-01-27T17:03:00.000,Snow,15S Re-Plow/Spread/Ice-Snow Cond.,Street,,,,,11211,BROOKLYN,BROOKLYN,01 BROOKLYN,40.71292792901815,-73.94583500968486
32547077,2016-01-27T14:23:00.000,Snow,15S Re-Plow/Spread/Ice-Snow Cond.,Street,30 OLD SLIP,OLD SLIP,FRONT STREET,SOUTH STREET,10005,NEW YORK,MANHATTAN,01 MANHATTAN,40.70365759453107,-74.00813299549854
32547079,2016-01-27T06:38:00.000,Snow,15S Re-Plow/Spread/Ice-Snow Cond.,Street,61-05 60 DRIVE,60 DRIVE,61 STREET,FRESH POND ROAD,11378,Maspeth,QUEENS,05 QUEENS,40.71554513748094,-73.90226758676212
32547088,2016-01-27T23:52:00.000,Snow,15S Re-Plow/Spread/Ice-Snow Cond.,Street,,,,,10040,NEW YORK,MANHATTAN,12 MANHATTAN,40.85490700851485,-73.92964413847032
32547089,2016-01-27T17:06:00.000,Snow,15S Re-Plow/Spread/Ice-Snow Cond.,Street,133-07 160 STREET,160 STREET,132 AVENUE,134 AVENUE,11434,Jamaica,QUEENS,12 QUEENS,40.673380069129195,-73.7779165684163
32547090,2016-01-27T08:04:00.000,Snow,15S Re-Plow/Spread/Ice-Snow Cond.,Street,,,,,11385,Ridgewood,QUEENS,05 QUEENS,40.70334746719726,-73.85539558661452
32547091,2016-01-27T02:22:00.000,Snow,15S Re-Plow/Spread/Ice-Snow Cond.,Street,43-57 UNION STREET,UNION STREET,CHERRY AVENUE,45 AVENUE,11355,Flushing,QUEENS,07 QUEENS,40.75431372878618,-73.82130606874476
32547092,2016-01-27T18:52:00.000,Snow,15S Re-Plow/Spread/Ice-Snow Cond.,Street,69-26 COOPER AVENUE,COOPER AVENUE,69 PLACE,70 STREET,11385,Ridgewood,QUEENS,05 QUEENS,40.701190056405395,-73.88182524160916
32547093,2016-01-27T16:54:00.000,Snow,15S Re-Plow/Spread/Ice-Snow Cond.,Street,979 80 STREET,80 STREET,7 AVENUE,10 AVENUE,11228,BROOKLYN,BROOKLYN,10 BROOKLYN,40.62188133215788,-74.01768335246976
32547098,2016-01-27T12:21:00.000,Snow,15S Re-Plow/Spread/Ice-Snow Cond.,Street,1621 LIBRARY AVENUE,LIBRARY AVENUE,AMPERE AVENUE,WATT AVENUE,10465,BRONX,BRONX,10 BRONX,40.84678455865041,-73.81830709024791
32547099,2016-01-27T11:23:00.000,Snow,15S Re-Plow/Spread/Ice-Snow Cond.,Street,,,,,11357,Whitestone,QUEENS,07 QUEENS,40.794701356942824,-73.8069029848904
32547100,2016-01-27T08:40:00.000,Snow,15S Re-Plow/Spread/Ice-Snow Cond.,Street,2051 SCHENECTADY AVENUE,SCHENECTADY AVENUE,AVENUE L,AVENUE M,11234,BROOKLYN,BROOKLYN,18 BROOKLYN,40.62200967478268,-73.93012377982603
32547110,2016-01-27T20:19:00.000,Snow,15S Re-Plow/Spread/Ice-Snow Cond.,Street,,,,,11219,BROOKLYN,BROOKLYN,12 BROOKLYN,40.63258445452086,-74.00630491541253
32547111,2016-01-27T17:47:00.000,Snow,15S Re-Plow/Spread/Ice-Snow Cond.,Street,115-35 220 STREET,220 STREET,115 AVENUE,115 ROAD,11411,Cambria Heights,QUEENS,13 QUEENS,40.69921233207584,-73.73799757268408
32547112,2016-01-27T16:29:00.000,Snow,15S Re-Plow/Spread/Ice-Snow Cond.,Street,,,,,10025,NEW YORK,MANHATTAN,07 MANHATTAN,40.79405234298446,-73.97036725563488
32547113,2016-01-27T03:09:00.000,Snow,15S Re-Plow/Spread/Ice-Snow Cond.,Street,,,,,11429,Queens Village,QUEENS,13 QUEENS,40.71186012893187,-73.73553830865792
32547114,2016-01-27T02:30:00.000,Snow,15S Re-Plow/Spread/Ice-Snow Cond.,Street,,,,,10458,BRONX,BRONX,06 BRONX,40.85643467747542,-73.886816369628
32547115,2016-01-27T02:34:00.000,Snow,15S Re-Plow/Spread/Ice-Snow Cond.,Street,,,,,,,QUEENS,12 QUEENS,,
32547117,2016-01-27T01:26:00.000,Snow,15S Re-Plow/Spread/Ice-Snow Cond.,Street,,,,,10312,STATEN ISLAND,STATEN ISLAND,03 STATEN ISLAND,40.55485179579979,-74.16852334777325
32547118,2016-01-27T08:51:00.000,Snow,15S Re-Plow/Spread/Ice-Snow Cond.,Street,20 WEST    5 ROAD,WEST    5 ROAD,BODY OF WATER,,11693,Far Rockaway,QUEENS,14 QUEENS,40.61122547414788,-73.81937681945114
32547125,2016-01-27T01:41:00.000,Snow,15S Re-Plow/Spread/Ice-Snow Cond.,Street,,,,,11373,Elmhurst,QUEENS,04 QUEENS,40.74128946438303,-73.88572728524977
32547126,2016-01-27T23:58:00.000,Snow,15S Re-Plow/Spread/Ice-Snow Cond.,Street,,,,,10040,NEW YORK,MANHATTAN,12 MANHATTAN,40.857108994798416,-73.93560289829801
32547127,2016-01-27T15:02:00.000,Snow,15S Re-Plow/Spread/Ice-Snow Cond.,Street,,,,,11427,Queens Village,QUEENS,13 QUEENS,40.72980961261089,-73.7446821126412
32547128,2016-01-27T10:43:00.000,Snow,15S Re-Plow/Spread/Ice-Snow Cond.,Street,,,,,11106,Astoria,QUEENS,01 QUEENS,40.75817661780657,-73.92405396670982
32547131,2016-01-27T10:38:00.000,Snow,15S Re-Plow/Spread/Ice-Snow Cond.,Street,2310 GLEASON AVENUE,GLEASON AVENUE,HAVEMEYER AVENUE,ZEREGA AVENUE,10462,BRONX,BRONX,09 BRONX,40.832422325185476,-73.84729876632137
32547132,2016-01-27T09:47:00.000,Snow,15S Re-Plow/Spread/Ice-Snow Cond.,Street,,,,,11233,BROOKLYN,BROOKLYN,03 BROOKLYN,40.683159757529985,-73.93807842934763
32547133,2016-01-27T01:19:00.000,Snow,15S Re-Plow/Spread/Ice-Snow Cond.,Street,,,,,11417,Ozone Park,QUEENS,10 QUEENS,40.66711593551115,-73.83464990083665
32547134,2016-01-27T01:54:00.000,Snow,15S Re-Plow/Spread/Ice-Snow Cond.,Street,11 BEDFORD AVENUE,BEDFORD AVENUE,LORIMER STREET,NORTH 12 STREET,11222,BROOKLYN,BROOKLYN,01 BROOKLYN,40.723215249392766,-73.951923676764
32547136,2016-01-27T02:26:00.000,Snow,15S Re-Plow/Spread/Ice-Snow Cond.,Street,213 HESTER STREET,HESTER STREET,BAXTER STREET,CENTRE STREET,10013,NEW YORK,MANHATTAN,02 MANHATTAN,40.718553703153134,-73.99903680925551
32547137,2016-01-27T00:39:00.000,Snow,15S Re-Plow/Spread/Ice-Snow Cond.,Street,51 EAST   78 STREET,EAST   78 STREET,MADISON AVENUE,PARK AVENUE,10075,NEW YORK,MANHATTAN,08 MANHATTAN,40.77542964979949,-73.96210741204656
32547138,2016-01-27T11:30:00.000,Snow,15S Re-Plow/Spread/Ice-Snow Cond.,Street,105 GAULDY AVENUE,GAULDY AVENUE,BEE COURT,FELTON STREET,10314,STATEN ISLAND,STATEN ISLAND,02 STATEN ISLAND,40.61876418305246,-74.16692689782461
32547139,2016-01-27T17:30:00.000,Snow,15S Re-Plow/Spread/Ice-Snow Cond.,Street,1221 ELLSWORTH AVENUE,ELLSWORTH AVENUE,BAISLEY AVENUE,WATERBURY AVENUE,10465,BRONX,BRONX,10 BRONX,40.83758059331144,-73.82299779434565
32547150,2016-01-27T01:19:00.000,Snow,15S Re-Plow/Spread/Ice-Snow Cond.,Street,60 EAST   56 STREET,EAST   56 STREET,MADISON AVENUE,PARK AVENUE,10022,NEW YORK,MANHATTAN,05 MANHATTAN,40.76135751287863,-73.97226249401271
32547156,2016-01-27T06:28:00.000,Snow,E9 Snow / Icy Sidewalk,Sidewalk,3611 RICHMOND AVENUE,RICHMOND AVENUE,LAREDO AVENUE,MEMPHIS AVENUE,10312,STATEN ISLAND,STATEN ISLAND,03 STATEN ISLAND,40.54977555525871,-74.16738426134755
32547165,2016-01-27T00:36:00.000,Snow,15S Re-Plow/Spread/Ice-Snow Cond.,Street,25-75 45 STREET,45 STREET,25 AVENUE,28 AVENUE,11103,Astoria,QUEENS,01 QUEENS,40.76433323705037,-73.90910902630775
32547166,2016-01-27T12:42:00.000,Snow,15S Re-Plow/Spread/Ice-Snow Cond.,Street,,,,,11372,Jackson Heights,QUEENS,03 QUEENS,40.756241339299315,-73.87886163193181
32547197,2016-01-27T02:33:00.000,Snow,E9 Snow / Icy Sidewalk,Sidewalk,10 SAINT NICHOLAS PLACE,SAINT NICHOLAS PLACE,DONNELLON SQUARE,WEST 151 STREET,10031,NEW YORK,MANHATTAN,09 MANHATTAN,40.82729406558109,-73.94237788206833
32547207,2016-01-27T02:51:00.000,Snow,E9 Snow / Icy Sidewalk,Sidewalk,1952 EAST   18 STREET,EAST   18 STREET,AVENUE S,AVENUE T,11229,BROOKLYN,BROOKLYN,15 BROOKLYN,40.60254472974197,-73.95420729379947
32547208,2016-01-27T00:35:00.000,Snow,E9 Snow / Icy Sidewalk,Sidewalk,39-16 51 STREET,51 STREET,39 AVENUE,SKILLMAN AVENUE,11377,Woodside,QUEENS,02 QUEENS,40.74830960867697,-73.91292401968441
32547235,2016-01-27T15:35:00.000,Snow,E9 Snow / Icy Sidewalk,Sidewalk,84-25 BEVERLY ROAD,BEVERLY ROAD,LEFFERTS BOULEVARD,BREVOORT STREET,11415,Kew Gardens,QUEENS,09 QUEENS,40.70745801978688,-73.83044522367666
32547236,2016-01-27T12:56:00.000,Snow,E9 Snow / Icy Sidewalk,Sidewalk,31-11 45 STREET,45 STREET,31 AVENUE,NEWTOWN ROAD,11103,Astoria,QUEENS,01 QUEENS,40.75915439776139,-73.91331051429876
32547244,2016-01-27T09:36:00.000,Snow,E9 Snow / Icy Sidewalk,Sidewalk,,,,,10302,STATEN ISLAND,STATEN ISLAND,01 STATEN ISLAND,40.619154914158955,-74.14387450141086
32547249,2016-01-27T03:18:00.000,Snow,E9 Snow / Icy Sidewalk,Sidewalk,611 WEST  112 STREET,WEST  112 STREET,BROADWAY,RIVERSIDE DRIVE,10025,NEW YORK,MANHATTAN,09 MANHATTAN,40.805639430595974,-73.96618642162706
32547250,2016-01-27T02:54:00.000,Snow,E9 Snow / Icy Sidewalk,Sidewalk,289 PACIFIC AVENUE,PACIFIC AVENUE,SYCAMORE STREET,OAKDALE STREET,10312,STATEN ISLAND,STATEN ISLAND,03 STATEN ISLAND,40.54236875142327,-74.15862628552799
32547255,2016-01-27T16:33:00.000,Snow,E9 Snow / Icy Sidewalk,Sidewalk,255 LEONARD STREET,LEONARD STREET,POWERS STREET,AINSLIE STREET,11211,BROOKLYN,BROOKLYN,01 BROOKLYN,40.712662446056186,-73.94747286598124
32547256,2016-01-27T02:35:00.000,Snow,E9 Snow / Icy Sidewalk,Sidewalk,388 CLASSON AVENUE,CLASSON AVENUE,GREENE AVENUE,LEXINGTON AVENUE,11238,BROOKLYN,BROOKLYN,02 BROOKLYN,40.68698457216164,-73.95963725470045
32547257,2016-01-27T02:37:00.000,Snow,E9 Snow / Icy Sidewalk,Sidewalk,95-11 93 STREET,93 STREET,95 AVENUE,97 AVENUE,11416,Ozone Park,QUEENS,09 QUEENS,40.68646709697888,-73.84896712793827
32547258,2016-01-27T01:03:00.000,Snow,E9 Snow / Icy Sidewalk,Sidewalk,,,,,10038,NEW YORK,MANHATTAN,03 MANHATTAN,40.71098365512399,-74.00050859352558
32547259,2016-01-27T01:29:00.000,Snow,E9 Snow / Icy Sidewalk,Sidewalk,,,,,10003,NEW YORK,MANHATTAN,03 MANHATTAN,40.73132175501604,-73.98861268743401
32547260,2016-01-27T01:40:00.000,Snow,E9 Snow / Icy Sidewalk,Sidewalk,473 CLEVELAND STREET,CLEVELAND STREET,PITKIN AVENUE,BELMONT AVENUE,11208,BROOKLYN,BROOKLYN,05 BROOKLYN,40.67304742118157,-73.88405613051532
32547261,2016-01-27T15:35:00.000,Snow,E9 Snow / Icy Sidewalk,Sidewalk,,,,,11432,Jamaica,QUEENS,12 QUEENS,40.70334174980328,-73.80020318978804
32547262,2016-01-27T15:36:00.000,Snow,E9 Snow / Icy Sidewalk,Sidewalk,198 GREEN STREET,GREEN STREET,MANHATTAN AVENUE,MC GUINNESS BOULEVARD,11222,BROOKLYN,BROOKLYN,01 BROOKLYN,40.73386553385144,-73.95345673044577
32547267,2016-01-27T13:08:00.000,Snow,E9 Snow / Icy Sidewalk,Sidewalk,10 DELAFIELD PLACE,DELAFIELD PLACE,SNUG HARBOR ROAD,BARD AVENUE,10310,STATEN ISLAND,STATEN ISLAND,01 STATEN ISLAND,40.64415025728889,-74.10756611468241
32547280,2016-01-27T21:17:00.000,Snow,E9 Snow / Icy Sidewalk,Sidewalk,,,,,11418,Richmond Hill,QUEENS,09 QUEENS,40.69782866783707,-73.83564120621533
32547282,2016-01-27T03:24:00.000,Snow,E9 Snow / Icy Sidewalk,Sidewalk,,,,,11421,Woodhaven,QUEENS,09 QUEENS,40.68862760179235,-73.84924709578348
32547283,2016-01-27T16:16:00.000,Snow,E9 Snow / Icy Sidewalk,Sidewalk,464 DECATUR STREET,DECATUR STREET,PATCHEN AVENUE,RALPH AVENUE,11233,BROOKLYN,BROOKLYN,03 BROOKLYN,40.68249273604496,-73.92424472102113
32547284,2016-01-27T16:09:00.000,Snow,E9 Snow / Icy Sidewalk,Sidewalk,626 MONTGOMERY STREET,MONTGOMERY STREET,BROOKLYN AVENUE,KINGSTON AVENUE,11225,BROOKLYN,BROOKLYN,09 BROOKLYN,40.66501708974658,-73.94402117045807
32547285,2016-01-27T15:35:00.000,Snow,E9 Snow / Icy Sidewalk,Sidewalk,839 EAST   10 STREET,EAST   10 STREET,DEAD END,AVENUE I,11230,BROOKLYN,BROOKLYN,12 BROOKLYN,40.62816347557782,-73.9668239307158
32547286,2016-01-27T15:02:00.000,Snow,E9 Snow / Icy Sidewalk,Sidewalk,53-27 FRANCIS LEWIS BOULEVARD,FRANCIS LEWIS BOULEVARD,53 AVENUE,56 AVENUE,11364,Oakland Gardens,QUEENS,11 QUEENS,40.74849397879432,-73.77817865660629
32547287,2016-01-27T14:30:00.000,Snow,E9 Snow / Icy Sidewalk,Sidewalk,,,,,,,BRONX,05 BRONX,,
32547288,2016-01-27T14:43:00.000,Snow,E9 Snow / Icy Sidewalk,Sidewalk,,,,,11372,Jackson Heights,QUEENS,03 QUEENS,40.746621815879315,-73.89358932134706
32547291,2016-01-27T00:53:00.000,Snow,E9 Snow / Icy Sidewalk,Sidewalk,,,,,10001,NEW YORK,MANHATTAN,04 MANHATTAN,40.7484385262982,-73.9961960357371
32547292,2016-01-27T01:13:00.000,Snow,E9 Snow / Icy Sidewalk,Sidewalk,,,,,11434,Jamaica,QUEENS,12 QUEENS,40.67182810375219,-73.77449704271564
32547293,2016-01-27T01:48:00.000,Snow,E9 Snow / Icy Sidewalk,Sidewalk,728 EAST   91 STREET,EAST   91 STREET,AVENUE B,DITMAS AVENUE,11236,BROOKLYN,BROOKLYN,17 BROOKLYN,40.64948851954402,-73.9149665712216
32547294,2016-01-27T02:15:00.000,Snow,E9 Snow / Icy Sidewalk,Sidewalk,,,,,11203,BROOKLYN,BROOKLYN,17 BROOKLYN,40.63943913961133,-73.93488694808413
32547295,2016-01-27T15:06:00.000,Snow,E9 Snow / Icy Sidewalk,Sidewalk,64-04 SPRINGFIELD BOULEVARD,SPRINGFIELD BOULEVARD,64 AVENUE,67 AVENUE,11364,Oakland Gardens,QUEENS,11 QUEENS,40.747070586008554,-73.75568120038449
32547298,2016-01-27T07:47:00.000,Snow,E9 Snow / Icy Sidewalk,Sidewalk,,,,,11236,BROOKLYN,BROOKLYN,18 BROOKLYN,40.64108081523214,-73.91816257551378
32547305,2016-01-27T11:59:00.000,Snow,E9 Snow / Icy Sidewalk,Sidewalk,1043 CRAWFORD AVENUE,CRAWFORD AVENUE,CONEY ISLAND AVENUE,EAST 12 STREET,11223,BROOKLYN,BROOKLYN,15 BROOKLYN,40.592484242817655,-73.95937751885356
32547307,2016-01-27T10:34:00.000,Snow,E9 Snow / Icy Sidewalk,Sidewalk,,,,,11220,BROOKLYN,BROOKLYN,10 BROOKLYN,40.63745178464907,-74.02195351544118
32547308,2016-01-27T10:35:00.000,Snow,E9 Snow / Icy Sidewalk,Sidewalk,123-01 18 AVENUE,18 AVENUE,123 STREET,124 STREET,11356,College Point,QUEENS,07 QUEENS,40.78323072500475,-73.84480085334566
32547309,2016-01-27T08:16:00.000,Snow,E9 Snow / Icy Sidewalk,Sidewalk,252 CHESTERTON AVENUE,CHESTERTON AVENUE,HYLAN BOULEVARD,PENDALE STREET,10306,STATEN ISLAND,STATEN ISLAND,03 STATEN ISLAND,40.55765070181662,-74.12639237350487
32547310,2016-01-27T08:05:00.000,Snow,E9 Snow / Icy Sidewalk,Sidewalk,4454 MURDOCK AVENUE,MURDOCK AVENUE,NEREID AVENUE,EAST 241 STREET,10466,BRONX,BRONX,12 BRONX,40.90101351854566,-73.84404471587835
32547311,2016-01-27T07:59:00.000,Snow,E9 Snow / Icy Sidewalk,Sidewalk,86-14 SOMERSET STREET,SOMERSET STREET,HENLEY ROAD,CHELSEA STREET,11432,Jamaica,QUEENS,08 QUEENS,40.7178061363846,-73.78031538002612
32547312,2016-01-27T07:28:00.000,Snow,E9 Snow / Icy Sidewalk,Sidewalk,1181 FULTON STREET,FULTON STREET,SPENCER PLACE,BEDFORD AVENUE,11216,BROOKLYN,BROOKLYN,03 BROOKLYN,40.68083426408478,-73.95424366952408
32547313,2016-01-27T20:13:00.000,Snow,E9 Snow / Icy Sidewalk,Sidewalk,205-06 HILLSIDE AVENUE,HILLSIDE AVENUE,205 STREET,FRANCIS LEWIS BOULEVARD,11423,Hollis,QUEENS,12 QUEENS,40.72071101454621,-73.76014301133313
32547317,2016-01-27T07:08:00.000,Snow,E9 Snow / Icy Sidewalk,Sidewalk,732 ILYSSA WAY,ILYSSA WAY,EMILY LANE,ARTHUR KILL ROAD,10312,STATEN ISLAND,STATEN ISLAND,03 STATEN ISLAND,40.56386146070452,-74.18725065026089
32547319,2016-01-27T17:57:00.000,Snow,E9 Snow / Icy Sidewalk,Sidewalk,181 ELIZABETH STREET,ELIZABETH STREET,DELAFIELD AVENUE,MYRTLE AVENUE,10310,STATEN ISLAND,STATEN ISLAND,01 STATEN ISLAND,40.629591020575695,-74.11956829528296
32547320,2016-01-27T15:12:00.000,Snow,E9 Snow / Icy Sidewalk,Sidewalk,41 SANDALWOOD DRIVE,SANDALWOOD DRIVE,COUNTRY WOODS LANE,IRONWOOD STREET,10308,STATEN ISLAND,STATEN ISLAND,03 STATEN ISLAND,40.562349752311526,-74.14718923498499
32547321,2016-01-27T14:46:00.000,Snow,E9 Snow / Icy Sidewalk,Sidewalk,93-14 92 AVENUE,92 AVENUE,WOODHAVEN BOULEVARD,95 STREET,11421,Woodhaven,QUEENS,09 QUEENS,40.689365972210396,-73.84926706169762
32547322,2016-01-27T14:43:00.000,Snow,E9 Snow / Icy Sidewalk,Sidewalk,75-16 ROCKAWAY BOULEVARD,ROCKAWAY BOULEVARD,75 STREET,76 STREET,11421,Woodhaven,QUEENS,09 QUEENS,40.68582276587783,-73.8649814568692
32547325,2016-01-27T02:47:00.000,Snow,E9 Snow / Icy Sidewalk,Sidewalk,,,,,11236,BROOKLYN,BROOKLYN,18 BROOKLYN,40.63038147780722,-73.90378654478589
32547326,2016-01-27T21:23:00.000,Snow,E9 Snow / Icy Sidewalk,Sidewalk,2082 64 STREET,64 STREET,20 AVENUE,21 AVENUE,11204,BROOKLYN,BROOKLYN,11 BROOKLYN,40.61588135162373,-73.9832187138218
32547327,2016-01-27T20:11:00.000,Snow,E9 Snow / Icy Sidewalk,Sidewalk,,,,,11360,Bayside,QUEENS,07 QUEENS,40.788790506036015,-73.78442190686395
32547328,2016-01-27T16:28:00.000,Snow,E9 Snow / Icy Sidewalk,Sidewalk,1296 OCEAN PARKWAY,OCEAN PARKWAY,AVENUE L,AVENUE M,11230,BROOKLYN,BROOKLYN,12 BROOKLYN,40.61739357485226,-73.96919579035566
32547329,2016-01-27T15:47:00.000,Snow,E9 Snow / Icy Sidewalk,Sidewalk,983 ATLANTIC AVENUE,ATLANTIC AVENUE,GRAND AVENUE,CLASSON AVENUE,11238,BROOKLYN,BROOKLYN,02 BROOKLYN,40.680150142358706,-73.95978921177613
32547330,2016-01-27T13:05:00.000,Snow,E9 Snow / Icy Sidewalk,Sidewalk,164-02 GRAND CENTRAL PKW,GRAND CENTRAL PKW,164 STREET,164 PLACE,11432,Jamaica,QUEENS,08 QUEENS,40.71610407585775,-73.80289207643627
32547332,2016-01-27T11:24:00.000,Snow,E9 Snow / Icy Sidewalk,Sidewalk,98-12 66 AVENUE,66 AVENUE,QUEENS BOULEVARD,99 STREET,11374,Rego Park,QUEENS,06 QUEENS,40.72805347254887,-73.85569916531942
32547333,2016-01-27T10:59:00.000,Snow,E9 Snow / Icy Sidewalk,Sidewalk,,,,,,,BROOKLYN,Unspecified BROOKLYN,,
32547334,2016-01-27T07:50:00.000,Snow,E9 Snow / Icy Sidewalk,Sidewalk,,,,,11361,Bayside,QUEENS,11 QUEENS,40.760310866927476,-73.77430937985989
32547335,2016-01-27T00:49:00.000,Snow,E9 Snow / Icy Sidewalk,Sidewalk,500 GRAHAM AVENUE,GRAHAM AVENUE,BAYARD STREET,NEWTON STREET,11222,BROOKLYN,BROOKLYN,01 BROOKLYN,40.72029226015695,-73.9461284513231
32547337,2016-01-27T02:06:00.000,Snow,E9 Snow / Icy Sidewalk,Sidewalk,1265 MACE AVENUE,MACE AVENUE,GABRIEL DRIVE,BOUCK AVENUE,10469,BRONX,BRONX,11 BRONX,40.862903728979724,-73.85046807775001
32547339,2016-01-27T14:21:00.000,Snow,E9 Snow / Icy Sidewalk,Sidewalk,209 WEST  102 STREET,WEST  102 STREET,AMSTERDAM AVENUE,BROADWAY,10025,NEW YORK,MANHATTAN,07 MANHATTAN,40.79811394868359,-73.96814421052036
32547340,2016-01-27T14:03:00.000,Snow,E9 Snow / Icy Sidewalk,Sidewalk,,,,,11372,Jackson Heights,QUEENS,03 QUEENS,40.74984524881936,-73.88338109579466
32547341,2016-01-27T13:31:00.000,Snow,E9 Snow / Icy Sidewalk,Sidewalk,2874 BRIGHTON    3 STREET,BRIGHTON    3 STREET,BANNER 3 TERRACE,NEPTUNE AVENUE,11235,BROOKLYN,BROOKLYN,13 BROOKLYN,40.58118051314619,-73.96585005914875
32547342,2016-01-27T13:05:00.000,Snow,E9 Snow / Icy Sidewalk,Sidewalk,11 JACQUES AVENUE,JACQUES AVENUE,NEW DORP PLAZA,EDISON STREET,10306,STATEN ISLAND,STATEN ISLAND,02 STATEN ISLAND,40.57412607274871,-74.1149622347374
32547343,2016-01-27T12:01:00.000,Snow,E9 Snow / Icy Sidewalk,Sidewalk,216 WIELAND AVENUE,WIELAND AVENUE,ELKS PLACE,MAGUIRE AVENUE,10309,STATEN ISLAND,STATEN ISLAND,03 STATEN ISLAND,40.54036791656546,-74.21135515553344
32547348,2016-01-27T07:54:00.000,Snow,E9 Snow / Icy Sidewalk,Sidewalk,5815 NEW UTRECHT AVENUE,NEW UTRECHT AVENUE,58 STREET,59 STREET,11219,BROOKLYN,BROOKLYN,12 BROOKLYN,40.62903555146068,-73.99615961003984
32547351,2016-01-27T11:03:00.000,Snow,E9 Snow / Icy Sidewalk,Sidewalk,,,,,10464,BRONX,BRONX,10 BRONX,40.85104642016833,-73.78739741327351
32547352,2016-01-27T10:03:00.000,Snow,E9 Snow / Icy Sidewalk,Sidewalk,965 ZEREGA AVENUE,ZEREGA AVENUE,QUIMBY AVENUE,CROSS BRONX EXPWY ET 6 A EB,10473,BRONX,BRONX,09 BRONX,40.82743033758311,-73.84368963142357
32547353,2016-01-27T10:05:00.000,Snow,E9 Snow / Icy Sidewalk,Sidewalk,5-83 GRANDVIEW AVENUE,GRANDVIEW AVENUE,MENAHAN STREET,GROVE STREET,11385,Ridgewood,QUEENS,05 QUEENS,40.708807217929895,-73.90613688144107
32547355,2016-01-27T09:31:00.000,Snow,E9 Snow / Icy Sidewalk,Sidewalk,950 BERGEN STREET,BERGEN STREET,FRANKLIN AVENUE,BEDFORD AVENUE,11216,BROOKLYN,BROOKLYN,08 BROOKLYN,40.67669279124,-73.95523793878783
32547356,2016-01-27T09:10:00.000,Snow,E9 Snow / Icy Sidewalk,Sidewalk,286 EAST   17 STREET,EAST   17 STREET,BEVERLEY ROAD,CORTELYOU ROAD,11226,BROOKLYN,BROOKLYN,14 BROOKLYN,40.64369231003465,-73.9629821825992
32547358,2016-01-27T08:22:00.000,Snow,E9 Snow / Icy Sidewalk,Sidewalk,,,,,10002,NEW YORK,MANHATTAN,03 MANHATTAN,40.71993510515809,-73.97875164371303
32547359,2016-01-27T08:27:00.000,Snow,E9 Snow / Icy Sidewalk,Sidewalk,1854 CEDAR AVENUE,CEDAR AVENUE,WEST TREMONT AVENUE,MAJOR DEEGAN EXPWY ET 8 NB,10453,BRONX,BRONX,05 BRONX,40.85373916370406,-73.9192094769846
32547360,2016-01-27T06:30:00.000,Snow,E9 Snow / Icy Sidewalk,Sidewalk,70 HUGUENOT AVENUE,HUGUENOT AVENUE,RAILY COURT,SUSSEX GREEN,10312,STATEN ISLAND,STATEN ISLAND,03 STATEN ISLAND,40.55240204733827,-74.2017276639403
32547367,2016-01-27T18:49:00.000,Snow,E9 Snow / Icy Sidewalk,Sidewalk,115 CROSBY STREET,CROSBY STREET,PRINCE STREET,JERSEY STREET,10012,NEW YORK,MANHATTAN,02 MANHATTAN,40.724213351067775,-73.99666281984109
32547368,2016-01-27T16:03:00.000,Snow,E9 Snow / Icy Sidewalk,Sidewalk,3525 FORT HAMILTON PARKWAY,FORT HAMILTON PARKWAY,CHESTER AVENUE,36 STREET,11218,BROOKLYN,BROOKLYN,12 BROOKLYN,40.645122065632535,-73.98690493258896
32547369,2016-01-27T15:30:00.000,Snow,E9 Snow / Icy Sidewalk,Sidewalk,,,,,11215,BROOKLYN,BROOKLYN,06 BROOKLYN,40.66442611865891,-73.98695160627513
32547370,2016-01-27T15:28:00.000,Snow,E9 Snow / Icy Sidewalk,Sidewalk,335 MAUJER STREET,MAUJER STREET,WATERBURY STREET,MORGAN AVENUE,11206,BROOKLYN,BROOKLYN,01 BROOKLYN,40.71228625599161,-73.93628749085833
32547371,2016-01-27T14:50:00.000,Snow,E9 Snow / Icy Sidewalk,Sidewalk,133-27 129 STREET,129 STREET,133 AVENUE,135 AVENUE,11420,South Ozone Park,QUEENS,10 QUEENS,40.67022118796536,-73.81033109937204
32547372,2016-01-27T14:25:00.000,Snow,E9 Snow / Icy Sidewalk,Sidewalk,,,,,11418,Richmond Hill,QUEENS,09 QUEENS,40.70566662759642,-73.8184644972545
32547373,2016-01-27T14:00:00.000,Snow,E9 Snow / Icy Sidewalk,Sidewalk,,,,,10027,NEW YORK,MANHATTAN,09 MANHATTAN,40.81377818926912,-73.95968679967802
32547374,2016-01-27T13:59:00.000,Snow,E9 Snow / Icy Sidewalk,Sidewalk,391 SOUTH    3 STREET,SOUTH    3 STREET,HOOPER STREET,HEWES STREET,11211,BROOKLYN,BROOKLYN,01 BROOKLYN,40.708651545792115,-73.95191975284163
32547375,2016-01-27T12:34:00.000,Snow,E9 Snow / Icy Sidewalk,Sidewalk,166-04 UNION TURNPIKE,UNION TURNPIKE,166 STREET,167 STREET,11366,Fresh Meadows,QUEENS,08 QUEENS,40.72238494989227,-73.80178759082862
32547377,2016-01-27T12:35:00.000,Snow,E9 Snow / Icy Sidewalk,Sidewalk,261 WALTON AVENUE,WALTON AVENUE,EAST 138 STREET,EAST 140 STREET,10451,BRONX,BRONX,01 BRONX,40.81445570834547,-73.93008429397027
32547378,2016-01-27T11:55:00.000,Snow,E9 Snow / Icy Sidewalk,Sidewalk,,,,,10465,BRONX,BRONX,10 BRONX,40.8216782722053,-73.8364011637904
32547379,2016-01-27T11:06:00.000,Snow,E9 Snow / Icy Sidewalk,Sidewalk,1461 66 STREET,66 STREET,14 AVENUE,NEW UTRECHT AVENUE,11219,BROOKLYN,BROOKLYN,11 BROOKLYN,40.62335389371616,-73.99877881672359
32547380,2016-01-27T11:08:00.000,Snow,E9 Snow / Icy Sidewalk,Sidewalk,1022 79 STREET,79 STREET,10 AVENUE,11 AVENUE,11228,BROOKLYN,BROOKLYN,10 BROOKLYN,40.6216126224047,-74.01575969759452
32547383,2016-01-27T10:24:00.000,Snow,E9 Snow / Icy Sidewalk,Sidewalk,201-28 24 AVENUE,24 AVENUE,201 STREET,202 STREET,11360,Bayside,QUEENS,07 QUEENS,40.7761145164873,-73.78995103262751
32547753,2016-01-27T13:12:00.000,Snow,15S Re-Plow/Spread/Ice-Snow Cond.,Street,11-27 BAY   24 STREET,BAY   24 STREET,,,11691,Far Rockaway,QUEENS,14 QUEENS,40.60523948812572,-73.76229731448998
32548162,2016-01-27T17:35:00.000,Snow,E9 Snow / Icy Sidewalk,Sidewalk,60-26 78 STREET,78 STREET,CALDWELL AVENUE,ELIOT AVENUE,11379,Middle Village,QUEENS,05 QUEENS,40.724901600217315,-73.88136468974533
32548197,2016-01-27T22:08:00.000,Snow,15S Re-Plow/Spread/Ice-Snow Cond.,Street,,,,,,,BROOKLYN,05 BROOKLYN,,
32548198,2016-01-27T16:41:00.000,Snow,15S Re-Plow/Spread/Ice-Snow Cond.,Street,,,,,11355,Flushing,QUEENS,07 QUEENS,40.761377823086946,-73.81044332756606
32548199,2016-01-27T09:08:00.000,Snow,15S Re-Plow/Spread/Ice-Snow Cond.,Street,,,,,11420,South Ozone Park,QUEENS,10 QUEENS,40.66433823166315,-73.81314494432493
32548201,2016-01-27T20:24:00.000,Snow,15S Re-Plow/Spread/Ice-Snow Cond.,Street,,,,,11212,BROOKLYN,BROOKLYN,08 BROOKLYN,40.667365266075045,-73.9227263046268
32548202,2016-01-27T14:34:00.000,Snow,15S Re-Plow/Spread/Ice-Snow Cond.,Street,,,,,11411,Cambria Heights,QUEENS,13 QUEENS,40.69108090809368,-73.72910110276544
32548203,2016-01-27T05:47:00.000,Snow,15S Re-Plow/Spread/Ice-Snow Cond.,Street,83 LINCOLN AVENUE,LINCOLN AVENUE,JAMAICA AVENUE,ETNA STREET,11208,BROOKLYN,BROOKLYN,05 BROOKLYN,40.68851894651686,-73.87046407848652
32548204,2016-01-27T21:38:00.000,Snow,15S Re-Plow/Spread/Ice-Snow Cond.,Street,32-61 54 STREET,54 STREET,32 AVENUE,NORTHERN BOULEVARD,11377,Woodside,QUEENS,01 QUEENS,40.75367075566068,-73.9067450067052
32548205,2016-01-27T18:08:00.000,Snow,15S Re-Plow/Spread/Ice-Snow Cond.,Street,320 EAST  235 STREET,EAST  235 STREET,KATONAH AVENUE,MARTHA AVENUE,10470,BRONX,BRONX,12 BRONX,40.89767921133044,-73.86630906357074
32548207,2016-01-27T11:53:00.000,Snow,15S Re-Plow/Spread/Ice-Snow Cond.,Street,141-01 71 ROAD,71 ROAD,141 STREET,MAIN STREET,11367,Flushing,QUEENS,08 QUEENS,40.72682643978296,-73.82403158964571
32548208,2016-01-27T11:29:00.000,Snow,15S Re-Plow/Spread/Ice-Snow Cond.,Street,,,,,11207,BROOKLYN,BROOKLYN,05 BROOKLYN,40.66065647048319,-73.88578611871073
32548209,2016-01-27T10:37:00.000,Snow,15S Re-Plow/Spread/Ice-Snow Cond.,Street,,,,,11417,Ozone Park,QUEENS,10 QUEENS,40.6737483611764,-73.84323147449767
32548210,2016-01-27T15:25:00.000,Snow,15S Re-Plow/Spread/Ice-Snow Cond.,Street,176-29 KILDARE ROAD,KILDARE ROAD,BEND,BEND,11432,Jamaica,QUEENS,08 QUEENS,40.72174828990252,-73.78948743632725
32548218,2016-01-27T11:39:00.000,Snow,15S Re-Plow/Spread/Ice-Snow Cond.,Street,,,,,10309,STATEN ISLAND,STATEN ISLAND,03 STATEN ISLAND,40.533818152648664,-74.20100243826376
32548219,2016-01-27T10:50:00.000,Snow,15S Re-Plow/Spread/Ice-Snow Cond.,Street,,,,,11427,Queens Village,QUEENS,13 QUEENS,40.72980961261089,-73.7446821126412
32548220,2016-01-27T08:24:00.000,Snow,15S Re-Plow/Spread/Ice-Snow Cond.,Street,,,,,11368,Corona,QUEENS,04 QUEENS,40.74110515916286,-73.85381242642514
32548225,2016-01-27T23:13:00.000,Snow,15S Re-Plow/Spread/Ice-Snow Cond.,Street,,,,,10012,NEW YORK,MANHATTAN,02 MANHATTAN,40.72336518912059,-73.99570320974436
32548226,2016-01-27T15:51:00.000,Snow,15S Re-Plow/Spread/Ice-Snow Cond.,Street,,,,,10312,STATEN ISLAND,STATEN ISLAND,03 STATEN ISLAND,40.529373733559744,-74.16135093979543
32548227,2016-01-27T14:41:00.000,Snow,15S Re-Plow/Spread/Ice-Snow Cond.,Street,,,,,10463,BRONX,BRONX,Unspecified BRONX,40.88403476236139,-73.89796587318172
32548228,2016-01-27T12:43:00.000,Snow,15S Re-Plow/Spread/Ice-Snow Cond.,Street,,,,,11423,Hollis,QUEENS,12 QUEENS,40.715398030040184,-73.77275881549869
32548229,2016-01-27T10:58:00.000,Snow,15S Re-Plow/Spread/Ice-Snow Cond.,Street,1478 DWIGHT PLACE,DWIGHT PLACE,MC DONOUGH PLACE,GRISWOLD AVENUE,10465,BRONX,BRONX,10 BRONX,40.84384365721464,-73.82454971742995
32548230,2016-01-27T08:53:00.000,Snow,15S Re-Plow/Spread/Ice-Snow Cond.,Street,196-10 NORTHERN BOULEVARD,NORTHERN BOULEVARD,196 STREET,FRANCIS LEWIS BOULEVARD,11358,Flushing,QUEENS,11 QUEENS,40.75791081035098,-73.7851968430108
32548232,2016-01-27T09:42:00.000,Snow,15S Re-Plow/Spread/Ice-Snow Cond.,Street,1615 EASTCHESTER ROAD,EASTCHESTER ROAD,SILVER STREET,JARRETT PLACE,10461,BRONX,BRONX,11 BRONX,40.84483736181831,-73.84575948586473
32548233,2016-01-27T12:14:00.000,Snow,15S Re-Plow/Spread/Ice-Snow Cond.,Street,,,,,11372,Jackson Heights,QUEENS,03 QUEENS,40.75555632031126,-73.88536713032268
32548234,2016-01-27T03:47:00.000,Snow,15S Re-Plow/Spread/Ice-Snow Cond.,Street,327 SLEIGHT AVENUE,SLEIGHT AVENUE,AMBOY ROAD,PARADISE PLACE,10307,STATEN ISLAND,STATEN ISLAND,03 STATEN ISLAND,40.50953236091897,-74.24203387235454
32548235,2016-01-27T17:18:00.000,Snow,15S Re-Plow/Spread/Ice-Snow Cond.,Street,217 VANDERBILT STREET,VANDERBILT STREET,EAST 2 STREET,EAST 3 STREET,11218,BROOKLYN,BROOKLYN,07 BROOKLYN,40.652301307873095,-73.97933538882162
32548239,2016-01-27T17:48:00.000,Snow,15S Re-Plow/Spread/Ice-Snow Cond.,Street,,,,,11427,Queens Village,QUEENS,13 QUEENS,40.72308866638819,-73.7565447774103
32548240,2016-01-27T10:58:00.000,Snow,15S Re-Plow/Spread/Ice-Snow Cond.,Street,,,,,11419,South Richmond Hill,QUEENS,10 QUEENS,40.68593776369708,-73.8259387357781
32548241,2016-01-27T02:23:00.000,Snow,15S Re-Plow/Spread/Ice-Snow Cond.,Street,190-15 90 AVENUE,90 AVENUE,190 STREET,191 STREET,11423,Hollis,QUEENS,12 QUEENS,40.713485336469795,-73.77020062149465
32548242,2016-01-27T18:51:00.000,Snow,15S Re-Plow/Spread/Ice-Snow Cond.,Street,1399 AVENUE H,AVENUE H,EAST 13 STREET,EAST 14 STREET,11230,BROOKLYN,BROOKLYN,14 BROOKLYN,40.62983400209207,-73.96336454610186
32548264,2016-01-27T09:32:00.000,Snow,15S Re-Plow/Spread/Ice-Snow Cond.,Street,969 76 STREET,76 STREET,FT HAMILTON PARKWAY,10 AVENUE,11228,BROOKLYN,BROOKLYN,10 BROOKLYN,40.62421471900576,-74.01550454465288
32548268,2016-01-27T13:41:00.000,Snow,15S Re-Plow/Spread/Ice-Snow Cond.,Street,,,,,,,QUEENS,11 QUEENS,,
32548270,2016-01-27T17:36:00.000,Snow,15S Re-Plow/Spread/Ice-Snow Cond.,Street,78-14 CLOVERDALE BOULEVARD,CLOVERDALE BOULEVARD,KINGSBURY AVENUE,BEND,11364,Oakland Gardens,QUEENS,11 QUEENS,40.737877933321734,-73.7428685878117
32548274,2016-01-27T03:07:00.000,Snow,E9 Snow / Icy Sidewalk,Sidewalk,223-04 144 AVENUE,144 AVENUE,223 STREET,224 STREET,11413,Springfield Gardens,QUEENS,13 QUEENS,40.66527690883345,-73.75467593554865
32548302,2016-01-27T06:29:00.000,Snow,E9 Snow / Icy Sidewalk,Sidewalk,253 MACON STREET,MACON STREET,TOMPKINS AVENUE,THROOP AVENUE,11216,BROOKLYN,BROOKLYN,03 BROOKLYN,40.68202248051922,-73.94152632484239
32548320,2016-01-27T06:28:00.000,Snow,E9 Snow / Icy Sidewalk,Sidewalk,127 WEST  128 STREET,WEST  128 STREET,LENOX AVENUE,7 AVENUE,10027,NEW YORK,MANHATTAN,10 MANHATTAN,40.81010518738186,-73.94503705419919
32548338,2016-01-27T21:36:00.000,Snow,E9 Snow / Icy Sidewalk,Sidewalk,69-11 LITTLE NECK PARKWAY,LITTLE NECK PARKWAY,BEND,GRAND CENTRAL PARKWAY,11004,Glen Oaks,QUEENS,13 QUEENS,40.753255908436614,-73.72236946756406
32548339,2016-01-27T19:11:00.000,Snow,E9 Snow / Icy Sidewalk,Sidewalk,23-27 206 STREET,206 STREET,23 AVENUE,26 AVENUE,11360,Bayside,QUEENS,07 QUEENS,40.77761950243674,-73.78742965086991
32548340,2016-01-27T17:22:00.000,Snow,E9 Snow / Icy Sidewalk,Sidewalk,,,,,11413,Springfield Gardens,QUEENS,12 QUEENS,40.68011763639642,-73.7532368707747
32548352,2016-01-27T10:14:00.000,Snow,E9 Snow / Icy Sidewalk,Sidewalk,3123 AVENUE M,AVENUE M,EAST 31 STREET,EAST 32 STREET,11210,BROOKLYN,BROOKLYN,18 BROOKLYN,40.61975293087775,-73.94423203304261
32548353,2016-01-27T04:39:00.000,Snow,E9 Snow / Icy Sidewalk,Sidewalk,,,,,10469,BRONX,BRONX,12 BRONX,40.88244834622546,-73.8566659457604
32548355,2016-01-27T15:27:00.000,Snow,E9 Snow / Icy Sidewalk,Sidewalk,160-25 129 AVENUE,129 AVENUE,160 STREET,161 STREET,11434,Jamaica,QUEENS,12 QUEENS,40.67567981928503,-73.78058032519682
32548360,2016-01-27T02:10:00.000,Snow,E9 Snow / Icy Sidewalk,Sidewalk,,,,,11211,BROOKLYN,BROOKLYN,01 BROOKLYN,40.70704188520367,-73.95569726850539
32548362,2016-01-27T09:06:00.000,Snow,E9 Snow / Icy Sidewalk,Sidewalk,2070 7 AVENUE,7 AVENUE,WEST 123 STREET,WEST 124 STREET,10027,NEW YORK,MANHATTAN,10 MANHATTAN,40.807960669032425,-73.94907737920948
32548366,2016-01-27T09:39:00.000,Snow,E9 Snow / Icy Sidewalk,Sidewalk,,,,,10302,STATEN ISLAND,STATEN ISLAND,01 STATEN ISLAND,40.6189732978311,-74.14203704968952
32548369,2016-01-27T02:34:00.000,Snow,E9 Snow / Icy Sidewalk,Sidewalk,1615 EASTCHESTER ROAD,EASTCHESTER ROAD,SILVER STREET,JARRETT PLACE,10461,BRONX,BRONX,11 BRONX,40.84483736181831,-73.84575948586473
32548373,2016-01-27T19:10:00.000,Snow,E9 Snow / Icy Sidewalk,Sidewalk,638 WEST  227 STREET,WEST  227 STREET,FAIRFIELD AVENUE,HENRY HUDSON PARKWAY,10463,BRONX,BRONX,08 BRONX,40.88097566723513,-73.91658351413474
32548375,2016-01-27T03:07:00.000,Snow,E9 Snow / Icy Sidewalk,Sidewalk,155-45 AGUILAR AVENUE,AGUILAR AVENUE,KISSENA BOULEVARD,BEND,11367,Flushing,QUEENS,08 QUEENS,40.72807386970696,-73.81268120141435
32548377,2016-01-27T23:34:00.000,Snow,E9 Snow / Icy Sidewalk,Sidewalk,,,,,11207,BROOKLYN,BROOKLYN,05 BROOKLYN,40.65945241562969,-73.8984571633474
32548379,2016-01-27T16:53:00.000,Snow,E9 Snow / Icy Sidewalk,Sidewalk,1430 EAST   15 STREET,EAST   15 STREET,AVENUE N,AVENUE O,11230,BROOKLYN,BROOKLYN,14 BROOKLYN,40.61465946703746,-73.9594108482412
32548383,2016-01-27T02:27:00.000,Snow,E9 Snow / Icy Sidewalk,Sidewalk,,,,,10305,STATEN ISLAND,STATEN ISLAND,01 STATEN ISLAND,40.60628025052199,-74.06822472579624
32548385,2016-01-27T15:15:00.000,Snow,E9 Snow / Icy Sidewalk,Sidewalk,109-04 MYRTLE AVENUE,MYRTLE AVENUE,109 STREET,84 AVENUE,11418,Richmond Hill,QUEENS,09 QUEENS,40.70101469515055,-73.84103951449234
32548386,2016-01-27T15:20:00.000,Snow,E9 Snow / Icy Sidewalk,Sidewalk,414 78 STREET,78 STREET,4 AVENUE,5 AVENUE,11209,BROOKLYN,BROOKLYN,10 BROOKLYN,40.62829172512806,-74.0253621429314
32548387,2016-01-27T15:22:00.000,Snow,E9 Snow / Icy Sidewalk,Sidewalk,513 SOUTH AVENUE,SOUTH AVENUE,WEMPLE STREET,AMADOR STREET,10303,STATEN ISLAND,STATEN ISLAND,01 STATEN ISLAND,40.62602147611619,-74.16689101189948
32548388,2016-01-27T14:29:00.000,Snow,E9 Snow / Icy Sidewalk,Sidewalk,,,,,11373,Elmhurst,QUEENS,04 QUEENS,40.73711457493877,-73.88560814906549
32548389,2016-01-27T14:00:00.000,Snow,E9 Snow / Icy Sidewalk,Sidewalk,85-54 106 STREET,106 STREET,85 AVENUE,86 AVENUE,11418,Richmond Hill,QUEENS,09 QUEENS,40.69824465627653,-73.84262570608784
32548390,2016-01-27T14:03:00.000,Snow,E9 Snow / Icy Sidewalk,Sidewalk,1995 GLEASON AVENUE,GLEASON AVENUE,VIRGINIA AVENUE,PUGSLEY AVENUE,10472,BRONX,BRONX,09 BRONX,40.83102496186055,-73.85779574887515
32548391,2016-01-27T14:13:00.000,Snow,E9 Snow / Icy Sidewalk,Sidewalk,,,,,10304,STATEN ISLAND,STATEN ISLAND,02 STATEN ISLAND,40.60769024690654,-74.08944240780289
32548393,2016-01-27T12:11:00.000,Snow,E9 Snow / Icy Sidewalk,Sidewalk,,,,,10308,STATEN ISLAND,STATEN ISLAND,03 STATEN ISLAND,40.54339303460302,-74.1501122373528
32548394,2016-01-27T11:42:00.000,Snow,E9 Snow / Icy Sidewalk,Sidewalk,,,,,10011,NEW YORK,MANHATTAN,02 MANHATTAN,40.73736073291079,-73.99683897658859
32548395,2016-01-27T23:39:00.000,Snow,E9 Snow / Icy Sidewalk,Sidewalk,,,,,11208,BROOKLYN,BROOKLYN,05 BROOKLYN,40.67611165208636,-73.86725795011887
32548396,2016-01-27T10:34:00.000,Snow,E9 Snow / Icy Sidewalk,Sidewalk,1705 DORCHESTER ROAD,DORCHESTER ROAD,EAST 17 STREET,EAST 18 STREET,11226,BROOKLYN,BROOKLYN,14 BROOKLYN,40.6401841954019,-73.96212656251828
32548400,2016-01-27T10:58:00.000,Snow,E9 Snow / Icy Sidewalk,Sidewalk,96 PROSPECT PARK WEST,PROSPECT PARK WEST,5 STREET,6 STREET,11215,BROOKLYN,BROOKLYN,06 BROOKLYN,40.66693834034607,-73.97491514009386
32548401,2016-01-27T08:51:00.000,Snow,E9 Snow / Icy Sidewalk,Sidewalk,301 WEST   47 STREET,WEST   47 STREET,8 AVENUE,9 AVENUE,10036,NEW YORK,MANHATTAN,04 MANHATTAN,40.76059168809972,-73.98789656598343
32548402,2016-01-27T08:53:00.000,Snow,E9 Snow / Icy Sidewalk,Sidewalk,67-14 108 STREET,108 STREET,67 AVENUE,67 ROAD,11375,Forest Hills,QUEENS,06 QUEENS,40.72859993959022,-73.84738513846659
32548403,2016-01-27T07:55:00.000,Snow,E9 Snow / Icy Sidewalk,Sidewalk,,,,,11385,Ridgewood,QUEENS,05 QUEENS,40.702761863826396,-73.87073214487003
32548405,2016-01-27T19:57:00.000,Snow,E9 Snow / Icy Sidewalk,Sidewalk,1501 2 AVENUE,2 AVENUE,EAST 78 STREET,EAST 79 STREET,10075,NEW YORK,MANHATTAN,08 MANHATTAN,40.77284720356323,-73.9554224253458
32548406,2016-01-27T17:27:00.000,Snow,E9 Snow / Icy Sidewalk,Sidewalk,,,,,10012,NEW YORK,MANHATTAN,02 MANHATTAN,40.72639244431637,-73.99179568017881
32548407,2016-01-27T15:31:00.000,Snow,E9 Snow / Icy Sidewalk,Sidewalk,99-05 ASCAN AVENUE,ASCAN AVENUE,MANSE STREET,LOUBET STREET,11375,Forest Hills,QUEENS,06 QUEENS,40.71053415660596,-73.84551477652901
32548408,2016-01-27T15:03:00.000,Snow,E9 Snow / Icy Sidewalk,Sidewalk,56-25 FLUSHING AVENUE,FLUSHING AVENUE,56 STREET,57 STREET,11378,Maspeth,QUEENS,05 QUEENS,40.716644868134715,-73.91130239771674
32548410,2016-01-27T10:22:00.000,Snow,E9 Snow / Icy Sidewalk,Sidewalk,,,,,10025,NEW YORK,MANHATTAN,07 MANHATTAN,40.791497463457084,-73.97223187969249
32548414,2016-01-27T11:36:00.000,Snow,E9 Snow / Icy Sidewalk,Sidewalk,141-28 11 AVENUE,11 AVENUE,141 STREET,143 PLACE,11357,Whitestone,QUEENS,07 QUEENS,40.788617645879896,-73.82859902389798
32548415,2016-01-27T10:22:00.000,Snow,E9 Snow / Icy Sidewalk,Sidewalk,1511 OUTLOOK AVENUE,OUTLOOK AVENUE,GRISWOLD AVENUE,BAY SHORE AVENUE,10465,BRONX,BRONX,10 BRONX,40.84531241978805,-73.81596179153316
32548416,2016-01-27T10:24:00.000,Snow,E9 Snow / Icy Sidewalk,Sidewalk,2707 AVENUE I,AVENUE I,EAST 27 STREET,EAST 28 STREET,11210,BROOKLYN,BROOKLYN,14 BROOKLYN,40.62887926945225,-73.94999938994245
32548417,2016-01-27T09:31:00.000,Snow,E9 Snow / Icy Sidewalk,Sidewalk,85-62 67 DRIVE,67 DRIVE,WOODHAVEN BOULEVARD,ALDERTON STREET,11374,Rego Park,QUEENS,06 QUEENS,40.716527759805984,-73.85977156666414
32548418,2016-01-27T08:52:00.000,Snow,E9 Snow / Icy Sidewalk,Sidewalk,99 GALLOWAY AVENUE,GALLOWAY AVENUE,CRYSTAL AVENUE,DEAD END,10302,STATEN ISLAND,STATEN ISLAND,01 STATEN ISLAND,40.6228900479228,-74.1420958167659
32548419,2016-01-27T08:54:00.000,Snow,E9 Snow / Icy Sidewalk,Sidewalk,771 8 AVENUE,8 AVENUE,WEST 47 STREET,WEST 48 STREET,10036,NEW YORK,MANHATTAN,04 MANHATTAN,40.7605477172115,-73.98738399225354
32548420,2016-01-27T05:15:00.000,Snow,E9 Snow / Icy Sidewalk,Sidewalk,,,,,11360,Bayside,QUEENS,07 QUEENS,40.778006835365,-73.78760533807943
32548421,2016-01-27T03:41:00.000,Snow,E9 Snow / Icy Sidewalk,Sidewalk,,,,,,,BROOKLYN,05 BROOKLYN,,
32548422,2016-01-27T18:47:00.000,Snow,E9 Snow / Icy Sidewalk,Sidewalk,,,,,,,QUEENS,08 QUEENS,,
32548423,2016-01-27T15:42:00.000,Snow,E9 Snow / Icy Sidewalk,Sidewalk,948 EAST    8 STREET,EAST    8 STREET,AVENUE I,AVENUE J,11230,BROOKLYN,BROOKLYN,12 BROOKLYN,40.626017474772766,-73.96833082344993
32548424,2016-01-27T15:24:00.000,Snow,E9 Snow / Icy Sidewalk,Sidewalk,,,,,11357,Whitestone,QUEENS,07 QUEENS,40.787677606807925,-73.81875367806425
32548425,2016-01-27T12:21:00.000,Snow,E9 Snow / Icy Sidewalk,Sidewalk,72-53 73 STREET,73 STREET,COOPER AVENUE,MYRTLE AVENUE,11385,Ridgewood,QUEENS,05 QUEENS,40.70310878632197,-73.87672207452388
32548430,2016-01-27T10:28:00.000,Snow,E9 Snow / Icy Sidewalk,Sidewalk,3033 HYLAN BOULEVARD,HYLAN BOULEVARD,GUYON AVENUE,ADELAIDE AVENUE,10306,STATEN ISLAND,STATEN ISLAND,03 STATEN ISLAND,40.55978394794521,-74.12080014084432
32548431,2016-01-27T10:00:00.000,Snow,E9 Snow / Icy Sidewalk,Sidewalk,,,,,10314,STATEN ISLAND,STATEN ISLAND,02 STATEN ISLAND,40.58225775380544,-74.15559254043313
32548432,2016-01-27T09:13:00.000,Snow,E9 Snow / Icy Sidewalk,Sidewalk,175 SKILLMAN AVENUE,SKILLMAN AVENUE,GRAHAM AVENUE,HUMBOLDT STREET,11211,BROOKLYN,BROOKLYN,01 BROOKLYN,40.71601484818912,-73.94387733402634
32548437,2016-01-27T08:00:00.000,Snow,E9 Snow / Icy Sidewalk,Sidewalk,133 GERRY STREET,GERRY STREET,THROOP AVENUE,BROADWAY,11206,BROOKLYN,BROOKLYN,01 BROOKLYN,40.702687093992154,-73.94558004866019
32548438,2016-01-27T08:06:00.000,Snow,E9 Snow / Icy Sidewalk,Sidewalk,,,,,10306,STATEN ISLAND,STATEN ISLAND,03 STATEN ISLAND,40.5689499719654,-74.12489841381486
32548439,2016-01-27T07:57:00.000,Snow,E9 Snow / Icy Sidewalk,Sidewalk,2416 TIEBOUT AVENUE,TIEBOUT AVENUE,EAST 184 STREET,EAST 187 STREET,10458,BRONX,BRONX,05 BRONX,40.85941301514961,-73.89591773575482
32548445,2016-01-27T21:53:00.000,Snow,E9 Snow / Icy Sidewalk,Sidewalk,706 MONROE STREET,MONROE STREET,MALCOLM X BOULEVARD,PATCHEN AVENUE,11221,BROOKLYN,BROOKLYN,03 BROOKLYN,40.68799872998544,-73.92850413198296
32548446,2016-01-27T19:33:00.000,Snow,E9 Snow / Icy Sidewalk,Sidewalk,162-39 84 STREET,84 STREET,162 AVENUE,163 AVENUE,11414,Howard Beach,QUEENS,10 QUEENS,40.652385127787475,-73.8468711421057
32548447,2016-01-27T19:53:00.000,Snow,E9 Snow / Icy Sidewalk,Sidewalk,144-64 MELBOURNE AVENUE,MELBOURNE AVENUE,MAIN STREET,147 STREET,11367,Flushing,QUEENS,08 QUEENS,40.73448565378841,-73.82310928123792
32548448,2016-01-27T20:12:00.000,Snow,E9 Snow / Icy Sidewalk,Sidewalk,210 ALLEN AVENUE,ALLEN AVENUE,BEVY COURT,CELESTE COURT,11229,BROOKLYN,BROOKLYN,15 BROOKLYN,40.596398290165745,-73.93062589506349
32548450,2016-01-27T18:08:00.000,Snow,E9 Snow / Icy Sidewalk,Sidewalk,85-55 66 ROAD,66 ROAD,WOODHAVEN BOULEVARD,FITCHETT STREET,11374,Rego Park,QUEENS,06 QUEENS,40.71847263935998,-73.86108058871434
32548452,2016-01-27T15:31:00.000,Snow,E9 Snow / Icy Sidewalk,Sidewalk,843 EAST   10 STREET,EAST   10 STREET,DEAD END,AVENUE I,11230,BROOKLYN,BROOKLYN,12 BROOKLYN,40.62810308709439,-73.96681315303304
32548453,2016-01-27T11:44:00.000,Snow,E9 Snow / Icy Sidewalk,Sidewalk,,,,,10013,NEW YORK,MANHATTAN,Unspecified MANHATTAN,40.72031794440261,-74.01216827113397
32548457,2016-01-27T10:17:00.000,Snow,E9 Snow / Icy Sidewalk,Sidewalk,2402 AVENUE S,AVENUE S,EAST 24 STREET,BEDFORD AVENUE,11229,BROOKLYN,BROOKLYN,15 BROOKLYN,40.604452609249854,-73.94831427268551
32548458,2016-01-27T09:56:00.000,Snow,E9 Snow / Icy Sidewalk,Sidewalk,109-05 72 AVENUE,72 AVENUE,QUEENS BOULEVARD,110 STREET,11375,Forest Hills,QUEENS,06 QUEENS,40.72076683828329,-73.841620122501
32548459,2016-01-27T08:57:00.000,Snow,E9 Snow / Icy Sidewalk,Sidewalk,767 THIRD AVENUE,THIRD AVENUE,EAST 47 STREET,EAST 48 STREET,10017,NEW YORK,MANHATTAN,06 MANHATTAN,40.75427597859904,-73.97187923794615
32548460,2016-01-27T08:25:00.000,Snow,E9 Snow / Icy Sidewalk,Sidewalk,1817 VICTORY BOULEVARD,VICTORY BOULEVARD,MANOR ROAD,RAYMOND AVENUE,10314,STATEN ISLAND,STATEN ISLAND,01 STATEN ISLAND,40.61301628975533,-74.12373465349997
32549204,2016-01-28T15:22:00.000,Snow,E9 Snow / Icy Sidewalk,Sidewalk,1817 VICTORY BOULEVARD,VICTORY BOULEVARD,MANOR ROAD,RAYMOND AVENUE,10314,STATEN ISLAND,STATEN ISLAND,01 STATEN ISLAND,40.61301628975533,-74.12373465349997
32549266,2016-01-28T07:47:00.000,Snow,15S Re-Plow/Spread/Ice-Snow Cond.,Street,211 WEST  179 STREET,WEST  179 STREET,LORING PLACE,HENNESSY PLACE,10453,BRONX,BRONX,05 BRONX,40.85566545681718,-73.91471743838058
32549272,2016-01-28T16:32:00.000,Snow,15S Re-Plow/Spread/Ice-Snow Cond.,Street,97-37 63 DRIVE,63 DRIVE,97 STREET,98 STREET,11374,Rego Park,QUEENS,06 QUEENS,40.73065519448885,-73.85989337818461
32549274,2016-01-28T11:47:00.000,Snow,15S Re-Plow/Spread/Ice-Snow Cond.,Street,,,,,11219,BROOKLYN,BROOKLYN,12 BROOKLYN,40.63404674257135,-73.98596314926891
32549284,2016-01-28T12:12:00.000,Snow,15S Re-Plow/Spread/Ice-Snow Cond.,Street,,,,,,,BRONX,10 BRONX,,
32549286,2016-01-28T13:46:00.000,Snow,15S Re-Plow/Spread/Ice-Snow Cond.,Street,20-16 27 STREET,27 STREET,20 AVENUE,21 AVENUE,11105,Astoria,QUEENS,01 QUEENS,40.780980155545855,-73.90919823904672
32549296,2016-01-28T12:03:00.000,Snow,15S Re-Plow/Spread/Ice-Snow Cond.,Street,1452 72 STREET,72 STREET,14 AVENUE,15 AVENUE,11228,BROOKLYN,BROOKLYN,11 BROOKLYN,40.61999425268614,-74.00229455632284
32549298,2016-01-28T06:32:00.000,Snow,15S Re-Plow/Spread/Ice-Snow Cond.,Street,2263 EAST   70 STREET,EAST   70 STREET,AVENUE V,AVENUE W,11234,BROOKLYN,BROOKLYN,18 BROOKLYN,40.616779508353105,-73.90525773925523
32549312,2016-01-28T18:42:00.000,Snow,15S Re-Plow/Spread/Ice-Snow Cond.,Street,73-30 68 AVENUE,68 AVENUE,73 PLACE,75 STREET,11379,Middle Village,QUEENS,05 QUEENS,40.710518943610815,-73.87863452108792
32549315,2016-01-28T13:09:00.000,Snow,15S Re-Plow/Spread/Ice-Snow Cond.,Street,,,,,11433,Jamaica,QUEENS,12 QUEENS,40.702166885662926,-73.79239125419967
32549316,2016-01-28T20:49:00.000,Snow,15S Re-Plow/Spread/Ice-Snow Cond.,Street,463 WEST STREET,WEST STREET,BANK STREET,BETHUNE STREET,10014,NEW YORK,MANHATTAN,02 MANHATTAN,40.736756500051584,-74.00995929853407
32549330,2016-01-28T22:56:00.000,Snow,15S Re-Plow/Spread/Ice-Snow Cond.,Street,,,,,,,QUEENS,11 QUEENS,,
32549331,2016-01-28T09:52:00.000,Snow,15S Re-Plow/Spread/Ice-Snow Cond.,Street,,,,,11363,Little Neck,QUEENS,11 QUEENS,40.76877551655407,-73.74902019702859
32549343,2016-01-28T13:14:00.000,Snow,15S Re-Plow/Spread/Ice-Snow Cond.,Street,145-78 225 STREET,225 STREET,145 ROAD,146 AVENUE,11413,Springfield Gardens,QUEENS,13 QUEENS,40.66104287588918,-73.7552285564559
32549344,2016-01-28T12:47:00.000,Snow,15S Re-Plow/Spread/Ice-Snow Cond.,Street,81-19 266 STREET,266 STREET,81 AVENUE,82 AVENUE,11004,Glen Oaks,QUEENS,13 QUEENS,40.743657528761695,-73.70473339390192
32549345,2016-01-28T17:29:00.000,Snow,15S Re-Plow/Spread/Ice-Snow Cond.,Street,,,,,11203,BROOKLYN,BROOKLYN,17 BROOKLYN,40.652500802372614,-73.92463916536879
32549350,2016-01-28T09:13:00.000,Snow,15S Re-Plow/Spread/Ice-Snow Cond.,Street,,,,,11423,Hollis,QUEENS,08 QUEENS,40.716656168951936,-73.769139945629
32549351,2016-01-28T08:45:00.000,Snow,15S Re-Plow/Spread/Ice-Snow Cond.,Street,12 CLINTON STREET,CLINTON STREET,BEND,PIERREPONT STREET,11201,BROOKLYN,BROOKLYN,02 BROOKLYN,40.69616983759194,-73.99139549982843
32549355,2016-01-28T09:33:00.000,Snow,15S Re-Plow/Spread/Ice-Snow Cond.,Street,2440 FULTON STREET,FULTON STREET,SACKMAN STREET,VAN SINDEREN AVENUE,11233,BROOKLYN,BROOKLYN,16 BROOKLYN,40.677868708935286,-73.90347287780116
32549356,2016-01-28T09:28:00.000,Snow,15S Re-Plow/Spread/Ice-Snow Cond.,Street,,,,,10308,STATEN ISLAND,STATEN ISLAND,03 STATEN ISLAND,40.55374447297581,-74.14954173091297
32549360,2016-01-28T14:56:00.000,Snow,15S Re-Plow/Spread/Ice-Snow Cond.,Street,3 BARTLETT AVENUE,BARTLETT AVENUE,RICHMOND AVENUE,BEND,10312,STATEN ISLAND,STATEN ISLAND,03 STATEN ISLAND,40.54754594075023,-74.16606172397485
32549377,2016-01-28T15:53:00.000,Snow,15S Re-Plow/Spread/Ice-Snow Cond.,Street,22 VAN NAME AVENUE,VAN NAME AVENUE,RICHMOND TERRACE,HARBOR LANE,10303,STATEN ISLAND,STATEN ISLAND,01 STATEN ISLAND,40.63610872349635,-74.15298341854418
32549378,2016-01-28T08:47:00.000,Snow,15S Re-Plow/Spread/Ice-Snow Cond.,Street,81-36 247 STREET,247 STREET,81 AVENUE,82 AVENUE,11426,Bellerose,QUEENS,13 QUEENS,40.739701343735675,-73.72198569673466
32549379,2016-01-28T08:30:00.000,Snow,15S Re-Plow/Spread/Ice-Snow Cond.,Street,133-42 87 STREET,87 STREET,133 AVENUE,135 AVENUE,11417,Ozone Park,QUEENS,10 QUEENS,40.67377839352397,-73.84927345034636
32549386,2016-01-28T11:59:00.000,Snow,15S Re-Plow/Spread/Ice-Snow Cond.,Street,101-70 132 STREET,132 STREET,101 AVENUE,103 AVENUE,11419,South Richmond Hill,QUEENS,09 QUEENS,40.69159366524541,-73.8146984774896
32549404,2016-01-28T00:44:00.000,Snow,15S Re-Plow/Spread/Ice-Snow Cond.,Street,1577 48 STREET,48 STREET,15 AVENUE,16 AVENUE,11219,BROOKLYN,BROOKLYN,12 BROOKLYN,40.632012809660694,-73.98559969649561
32549417,2016-01-28T09:16:00.000,Snow,E9 Snow / Icy Sidewalk,Sidewalk,,,,,11374,Rego Park,QUEENS,06 QUEENS,40.729775889568344,-73.85251311909049
32549434,2016-01-28T10:13:00.000,Snow,E9 Snow / Icy Sidewalk,Sidewalk,,,,,11205,BROOKLYN,BROOKLYN,02 BROOKLYN,40.6980388365381,-73.96284021048844
32549435,2016-01-28T09:35:00.000,Snow,E9 Snow / Icy Sidewalk,Sidewalk,,,,,11236,BROOKLYN,BROOKLYN,17 BROOKLYN,40.647030187068474,-73.92018409963798
32549436,2016-01-28T08:18:00.000,Snow,E9 Snow / Icy Sidewalk,Sidewalk,18 EAST  199 STREET,EAST  199 STREET,JEROME AVENUE,GRAND CONCOURSE,10468,BRONX,BRONX,07 BRONX,40.87221114725121,-73.8895845250505
32549467,2016-01-28T20:27:00.000,Snow,E9 Snow / Icy Sidewalk,Sidewalk,63-03 ELLWELL CRESCENT,ELLWELL CRESCENT,CARLTON STREET,64 ROAD,11374,Rego Park,QUEENS,06 QUEENS,40.723568817117176,-73.86498435477752
32549475,2016-01-28T09:31:00.000,Snow,E9 Snow / Icy Sidewalk,Sidewalk,,,,,11213,BROOKLYN,BROOKLYN,09 BROOKLYN,40.667823543138425,-73.93121487397924
32549480,2016-01-28T09:10:00.000,Snow,E9 Snow / Icy Sidewalk,Sidewalk,,,,,11433,Jamaica,QUEENS,12 QUEENS,40.702473911305376,-73.79992086969553
32549481,2016-01-28T08:17:00.000,Snow,E9 Snow / Icy Sidewalk,Sidewalk,113-72 LIBERTY AVENUE,LIBERTY AVENUE,113 STREET,114 STREET,11419,South Richmond Hill,QUEENS,10 QUEENS,40.685560680902576,-73.8288999817777
32549482,2016-01-28T12:20:00.000,Snow,E9 Snow / Icy Sidewalk,Sidewalk,302 AVENUE N,AVENUE N,EAST 3 STREET,EAST 4 STREET,11230,BROOKLYN,BROOKLYN,12 BROOKLYN,40.614273395135946,-73.97172570834388
32549483,2016-01-28T12:06:00.000,Snow,E9 Snow / Icy Sidewalk,Sidewalk,63 FLUSHING AVENUE,FLUSHING AVENUE,NORTH OXFORD STREET,CUMBERLAND STREET,11205,BROOKLYN,BROOKLYN,02 BROOKLYN,40.69802842462896,-73.97513064206048
32549489,2016-01-28T09:16:00.000,Snow,E9 Snow / Icy Sidewalk,Sidewalk,56 VAN PELT AVENUE,VAN PELT AVENUE,LAGUNA LANE,NYCTA SUBWAY,10303,STATEN ISLAND,STATEN ISLAND,01 STATEN ISLAND,40.63520307032754,-74.1549377473288
32549490,2016-01-28T08:33:00.000,Snow,E9 Snow / Icy Sidewalk,Sidewalk,280 PACIFIC STREET,PACIFIC STREET,SMITH STREET,HOYT STREET,11201,BROOKLYN,BROOKLYN,02 BROOKLYN,40.68781731838519,-73.98918262067576
32549491,2016-01-28T03:13:00.000,Snow,E9 Snow / Icy Sidewalk,Sidewalk,65-19 BOELSEN CRESCENT,BOELSEN CRESCENT,65 DRIVE,BEND,11374,Rego Park,QUEENS,06 QUEENS,40.72231716020653,-73.86034382677366
32549500,2016-01-28T15:18:00.000,Snow,E9 Snow / Icy Sidewalk,Sidewalk,,,,,11429,Queens Village,QUEENS,13 QUEENS,40.7049885455051,-73.74712516350341
32549501,2016-01-28T14:25:00.000,Snow,E9 Snow / Icy Sidewalk,Sidewalk,,,,,10033,NEW YORK,MANHATTAN,12 MANHATTAN,40.85467610607451,-73.93865256383363
32549502,2016-01-28T14:14:00.000,Snow,E9 Snow / Icy Sidewalk,Sidewalk,522 EVERGREEN AVENUE,EVERGREEN AVENUE,PALMETTO STREET,WOODBINE STREET,11221,BROOKLYN,BROOKLYN,04 BROOKLYN,40.69153797104983,-73.9180032834447
32549503,2016-01-28T13:58:00.000,Snow,E9 Snow / Icy Sidewalk,Sidewalk,98 PELL PLACE,PELL PLACE,DEAD END,CITY ISLAND AVENUE,10464,BRONX,BRONX,10 BRONX,40.84234200118547,-73.78541213368536
32549506,2016-01-28T11:32:00.000,Snow,E9 Snow / Icy Sidewalk,Sidewalk,36-26 170 STREET,170 STREET,CROCHERON AVENUE,39 AVENUE,11358,Flushing,QUEENS,07 QUEENS,40.76211931198758,-73.7962112884748
32549507,2016-01-28T21:46:00.000,Snow,E9 Snow / Icy Sidewalk,Sidewalk,,,,,11364,Oakland Gardens,QUEENS,11 QUEENS,40.74034546730604,-73.74657958428945
32549508,2016-01-28T18:50:00.000,Snow,E9 Snow / Icy Sidewalk,Sidewalk,140 58 STREET,58 STREET,1 AVENUE,2 AVENUE,11220,BROOKLYN,BROOKLYN,07 BROOKLYN,40.64533737627992,-74.02286419138082
32549511,2016-01-28T13:07:00.000,Snow,E9 Snow / Icy Sidewalk,Sidewalk,,,,,11358,Flushing,QUEENS,11 QUEENS,40.75184709842669,-73.78786199030534
32549512,2016-01-28T11:48:00.000,Snow,E9 Snow / Icy Sidewalk,Sidewalk,5701 6 AVENUE,6 AVENUE,57 STREET,58 STREET,11220,BROOKLYN,BROOKLYN,07 BROOKLYN,40.63976708035071,-74.01227248769047
32549522,2016-01-28T11:00:00.000,Snow,E9 Snow / Icy Sidewalk,Sidewalk,4930 20 AVENUE,20 AVENUE,AVENUE I,50 STREET,11204,BROOKLYN,BROOKLYN,12 BROOKLYN,40.625604984258416,-73.97656257681541
32549523,2016-01-28T10:41:00.000,Snow,E9 Snow / Icy Sidewalk,Sidewalk,60-45 ELIOT AVENUE,ELIOT AVENUE,60 PLACE,60 LANE,11378,Maspeth,QUEENS,05 QUEENS,40.7134657049192,-73.90356922156947
32549524,2016-01-28T10:06:00.000,Snow,E9 Snow / Icy Sidewalk,Sidewalk,,,,,10309,STATEN ISLAND,STATEN ISLAND,03 STATEN ISLAND,40.52280072989877,-74.19926078139106
32549525,2016-01-28T17:41:00.000,Snow,E9 Snow / Icy Sidewalk,Sidewalk,3740 LYME AVENUE,LYME AVENUE,DEAD END,SEA GATE AVENUE,11224,BROOKLYN,BROOKLYN,13 BROOKLYN,40.57745257125512,-74.00443139677016
32549528,2016-01-28T08:52:00.000,Snow,E9 Snow / Icy Sidewalk,Sidewalk,,,,,11220,BROOKLYN,BROOKLYN,07 BROOKLYN,40.647905783709504,-74.00740547226809
32549529,2016-01-28T08:15:00.000,Snow,E9 Snow / Icy Sidewalk,Sidewalk,494 GREENE AVENUE,GREENE AVENUE,NOSTRAND AVENUE,MARCY AVENUE,11216,BROOKLYN,BROOKLYN,03 BROOKLYN,40.68840850727134,-73.95101846971869
32549530,2016-01-28T08:23:00.000,Snow,E9 Snow / Icy Sidewalk,Sidewalk,557 3 AVENUE,3 AVENUE,14 STREET,15 STREET,11215,BROOKLYN,BROOKLYN,06 BROOKLYN,40.668165076536546,-73.99375660642725
32549532,2016-01-28T11:22:00.000,Snow,E9 Snow / Icy Sidewalk,Sidewalk,2839 RANDALL AVENUE,RANDALL AVENUE,CROSS BRONX EXPRESSWAY,CALHOUN AVENUE,10465,BRONX,BRONX,10 BRONX,40.825118265815256,-73.82393786799098
32549533,2016-01-28T08:09:00.000,Snow,E9 Snow / Icy Sidewalk,Sidewalk,450 PAGE AVENUE,PAGE AVENUE,CHEEVERS LANE,EASTWOOD AVENUE,10307,STATEN ISLAND,STATEN ISLAND,03 STATEN ISLAND,40.51340695974698,-74.23193122753811
32549534,2016-01-28T07:47:00.000,Snow,E9 Snow / Icy Sidewalk,Sidewalk,1280 ALLERTON AVENUE,ALLERTON AVENUE,BOUCK AVENUE,WILSON AVENUE,10469,BRONX,BRONX,11 BRONX,40.865314931972655,-73.84939972175155
32550203,2016-01-28T13:52:00.000,Snow,15S Re-Plow/Spread/Ice-Snow Cond.,Street,,,,,11375,Forest Hills,QUEENS,06 QUEENS,40.719584033150895,-73.83977227669764
32550204,2016-01-28T23:19:00.000,Snow,15S Re-Plow/Spread/Ice-Snow Cond.,Street,,,,,10465,BRONX,BRONX,10 BRONX,40.84270007138046,-73.82518160353753
32550205,2016-01-28T22:10:00.000,Snow,15S Re-Plow/Spread/Ice-Snow Cond.,Street,1477 LONGFELLOW AVENUE,LONGFELLOW AVENUE,JENNINGS STREET,EAST 172 STREET,10460,BRONX,BRONX,03 BRONX,40.832097233348065,-73.88670599909469
32550240,2016-01-28T13:12:00.000,Snow,15S Re-Plow/Spread/Ice-Snow Cond.,Street,248-30 54 AVENUE,54 AVENUE,248 STREET,BEND,11362,Little Neck,QUEENS,11 QUEENS,40.760655884371836,-73.73404866352787
32550241,2016-01-28T09:43:00.000,Snow,15S Re-Plow/Spread/Ice-Snow Cond.,Street,32 WILLOWBROOK COURT,WILLOWBROOK COURT,BEND,BEND,10302,STATEN ISLAND,STATEN ISLAND,01 STATEN ISLAND,40.62155148558904,-74.14576362740725
32550242,2016-01-28T16:08:00.000,Snow,15S Re-Plow/Spread/Ice-Snow Cond.,Street,,,,,11004,Glen Oaks,QUEENS,13 QUEENS,40.74723392291737,-73.70903394184133
32550243,2016-01-28T15:27:00.000,Snow,15S Re-Plow/Spread/Ice-Snow Cond.,Street,,,,,11377,Woodside,QUEENS,01 QUEENS,40.75573284112764,-73.90434904017165
32550247,2016-01-28T10:09:00.000,Snow,15S Re-Plow/Spread/Ice-Snow Cond.,Street,,,,,11211,BROOKLYN,BROOKLYN,01 BROOKLYN,40.70699726558607,-73.96136362962878
32550260,2016-01-28T12:16:00.000,Snow,15S Re-Plow/Spread/Ice-Snow Cond.,Street,,,,,11365,Fresh Meadows,QUEENS,11 QUEENS,40.74259937513169,-73.78751612387777
32550261,2016-01-28T09:48:00.000,Snow,15S Re-Plow/Spread/Ice-Snow Cond.,Street,171-25 GLADWIN AVENUE,GLADWIN AVENUE,AUBURNDALE LANE,FRESH MEADOW LANE,11365,Fresh Meadows,QUEENS,07 QUEENS,40.749674548976394,-73.79618078426475
32550273,2016-01-28T11:10:00.000,Snow,15S Re-Plow/Spread/Ice-Snow Cond.,Street,,,,,11234,BROOKLYN,BROOKLYN,18 BROOKLYN,40.613352477959474,-73.92143816386736
32550282,2016-01-28T15:14:00.000,Snow,15S Re-Plow/Spread/Ice-Snow Cond.,Street,,,,,10306,STATEN ISLAND,STATEN ISLAND,03 STATEN ISLAND,40.570940146856636,-74.12217012401993
32550283,2016-01-28T11:28:00.000,Snow,15S Re-Plow/Spread/Ice-Snow Cond.,Street,5-02 127 STREET,127 STREET,5 AVENUE,6 AVENUE,11356,College Point,QUEENS,07 QUEENS,40.79233776327508,-73.84077812536756
32550286,2016-01-28T15:01:00.000,Snow,15S Re-Plow/Spread/Ice-Snow Cond.,Street,158-20 59 AVENUE,59 AVENUE,PARSONS BOULEVARD,159 STREET,11365,Fresh Meadows,QUEENS,07 QUEENS,40.74058276850248,-73.80995758353563
32550287,2016-01-28T14:22:00.000,Snow,15S Re-Plow/Spread/Ice-Snow Cond.,Street,219-04 119 AVENUE,119 AVENUE,219 STREET,220 STREET,11411,Cambria Heights,QUEENS,13 QUEENS,40.692050547051174,-73.74257292879255
32550288,2016-01-28T12:16:00.000,Snow,15S Re-Plow/Spread/Ice-Snow Cond.,Street,60-69 68 AVENUE,68 AVENUE,60 LANE,FRESH POND ROAD,11385,Ridgewood,QUEENS,05 QUEENS,40.70485553686267,-73.89740337031719
32550289,2016-01-28T12:20:00.000,Snow,15S Re-Plow/Spread/Ice-Snow Cond.,Street,32-16 162 STREET,162 STREET,32 AVENUE,33 AVENUE,11358,Flushing,QUEENS,07 QUEENS,40.76897621286281,-73.80281862759402
32550290,2016-01-28T17:20:00.000,Snow,15S Re-Plow/Spread/Ice-Snow Cond.,Street,89-23 70 AVENUE,70 AVENUE,SYBILLA STREET,METROPOLITAN AVENUE,11375,Forest Hills,QUEENS,06 QUEENS,40.70976852182953,-73.8540470724458
32550335,2016-01-28T15:11:00.000,Snow,15S Re-Plow/Spread/Ice-Snow Cond.,Street,110-08 ROCKAWAY BEACH BOULEVARD,ROCKAWAY BEACH BOULEVARD,BEACH 110 STREET,BEACH 111 STREET,11694,Rockaway Park,QUEENS,14 QUEENS,40.58119755514568,-73.83220578406642
32550338,2016-01-28T07:45:00.000,Snow,15S Re-Plow/Spread/Ice-Snow Cond.,Street,1150 84 STREET,84 STREET,11 AVENUE,12 AVENUE,11228,BROOKLYN,BROOKLYN,10 BROOKLYN,40.61720719797846,-74.01599999007593
32550342,2016-01-28T13:49:00.000,Snow,E9 Snow / Icy Sidewalk,Sidewalk,1550 54 STREET,54 STREET,15 AVENUE,16 AVENUE,11219,BROOKLYN,BROOKLYN,12 BROOKLYN,40.62897199990117,-73.98943353372324
32550343,2016-01-28T08:29:00.000,Snow,E9 Snow / Icy Sidewalk,Sidewalk,,,,,,,BROOKLYN,15 BROOKLYN,,
32550346,2016-01-28T16:22:00.000,Snow,15S Re-Plow/Spread/Ice-Snow Cond.,Street,,,,,11101,Long Island City,QUEENS,02 QUEENS,40.74603472114661,-73.93440021822178
32550347,2016-01-28T13:01:00.000,Snow,15S Re-Plow/Spread/Ice-Snow Cond.,Street,,,,,10470,BRONX,BRONX,12 BRONX,40.90048871340402,-73.85410575838245
32550348,2016-01-28T17:32:00.000,Snow,E9 Snow / Icy Sidewalk,Sidewalk,,,,,11204,BROOKLYN,BROOKLYN,12 BROOKLYN,40.626599685772966,-73.98270086337442
32550352,2016-01-28T14:16:00.000,Snow,15S Re-Plow/Spread/Ice-Snow Cond.,Street,,,,,11229,BROOKLYN,BROOKLYN,14 BROOKLYN,40.61061265297715,-73.95670488790807
32550357,2016-01-28T08:15:00.000,Snow,15S Re-Plow/Spread/Ice-Snow Cond.,Street,,,,,11004,Glen Oaks,QUEENS,13 QUEENS,40.74505480723582,-73.71021274603943
32550371,2016-01-28T14:13:00.000,Snow,E9 Snow / Icy Sidewalk,Sidewalk,,,,,10305,STATEN ISLAND,STATEN ISLAND,02 STATEN ISLAND,40.60041441996472,-74.0811970034665
32550381,2016-01-28T13:54:00.000,Snow,E9 Snow / Icy Sidewalk,Sidewalk,28 2 PLACE,2 PLACE,HENRY STREET,CLINTON STREET,11231,BROOKLYN,BROOKLYN,06 BROOKLYN,40.680310875634625,-74.000223534008
32550382,2016-01-28T09:58:00.000,Snow,E9 Snow / Icy Sidewalk,Sidewalk,,,,,11218,BROOKLYN,BROOKLYN,12 BROOKLYN,40.64195475387904,-73.98849461599339
32550383,2016-01-28T06:17:00.000,Snow,E9 Snow / Icy Sidewalk,Sidewalk,,,,,11357,Whitestone,QUEENS,07 QUEENS,40.78555881277182,-73.79585788057987
32550386,2016-01-28T15:56:00.000,Snow,E9 Snow / Icy Sidewalk,Sidewalk,,,,,10029,NEW YORK,MANHATTAN,11 MANHATTAN,40.785173985393826,-73.94331710091983
32550401,2016-01-28T13:57:00.000,Snow,E9 Snow / Icy Sidewalk,Sidewalk,920 MACE AVENUE,MACE AVENUE,BRONXWOOD AVENUE,RADCLIFF AVENUE,10469,BRONX,BRONX,11 BRONX,40.86308392184699,-73.86066643626211
32550402,2016-01-28T13:43:00.000,Snow,E9 Snow / Icy Sidewalk,Sidewalk,123 WIELAND AVENUE,WIELAND AVENUE,FOSTER ROAD,LENEVAR AVENUE,10309,STATEN ISLAND,STATEN ISLAND,03 STATEN ISLAND,40.54094184271639,-74.20820882700511
32550404,2016-01-28T15:18:00.000,Snow,E9 Snow / Icy Sidewalk,Sidewalk,1392 LINCOLN PLACE,LINCOLN PLACE,UTICA AVENUE,ROCHESTER AVENUE,11213,BROOKLYN,BROOKLYN,08 BROOKLYN,40.669686660026116,-73.93023965277341
32550412,2016-01-28T18:30:00.000,Snow,E9 Snow / Icy Sidewalk,Sidewalk,520 UNION AVENUE,UNION AVENUE,JACKSON STREET,WITHERS STREET,11211,BROOKLYN,BROOKLYN,01 BROOKLYN,40.71607064515582,-73.95193604487756
32550413,2016-01-28T18:32:00.000,Snow,E9 Snow / Icy Sidewalk,Sidewalk,753 MYRTLE AVENUE,MYRTLE AVENUE,NOSTRAND AVENUE,MARCY AVENUE,11206,BROOKLYN,BROOKLYN,03 BROOKLYN,40.69503765568706,-73.9522793702077
32550414,2016-01-28T17:24:00.000,Snow,E9 Snow / Icy Sidewalk,Sidewalk,,,,,,,STATEN ISLAND,03 STATEN ISLAND,,
32550415,2016-01-28T12:29:00.000,Snow,E9 Snow / Icy Sidewalk,Sidewalk,3379 3 AVENUE,3 AVENUE,EAST 165 STREET,FRANKLIN AVENUE,10456,BRONX,BRONX,03 BRONX,40.826667664334195,-73.90767249870733
32550420,2016-01-28T09:00:00.000,Snow,E9 Snow / Icy Sidewalk,Sidewalk,37-38 90 STREET,90 STREET,37 AVENUE,ROOSEVELT AVENUE,11372,Jackson Heights,QUEENS,03 QUEENS,40.74963794426811,-73.87671898142658
32550421,2016-01-28T19:38:00.000,Snow,E9 Snow / Icy Sidewalk,Sidewalk,172 SUNNYSIDE AVENUE,SUNNYSIDE AVENUE,HENDRIX STREET,BARBEY STREET,11207,BROOKLYN,BROOKLYN,05 BROOKLYN,40.68212571744906,-73.89102417731227
32550422,2016-01-28T17:07:00.000,Snow,E9 Snow / Icy Sidewalk,Sidewalk,435 NOSTRAND AVENUE,NOSTRAND AVENUE,JEFFERSON AVENUE,HANCOCK STREET,11216,BROOKLYN,BROOKLYN,03 BROOKLYN,40.682704447044394,-73.95003114222934
32550424,2016-01-28T10:03:00.000,Snow,E9 Snow / Icy Sidewalk,Sidewalk,24-63 CRESCENT STREET,CRESCENT STREET,24 AVENUE,HOYT AVENUE,11102,Astoria,QUEENS,01 QUEENS,40.774016696588305,-73.9202449168958
32550425,2016-01-28T09:39:00.000,Snow,E9 Snow / Icy Sidewalk,Sidewalk,,,,,11364,Oakland Gardens,QUEENS,11 QUEENS,40.74950541414344,-73.76234919026304
32550426,2016-01-28T07:39:00.000,Snow,E9 Snow / Icy Sidewalk,Sidewalk,225 ST JOHNS AVENUE,ST JOHNS AVENUE,BEETHOVEN STREET,WAGNER STREET,10305,STATEN ISLAND,STATEN ISLAND,01 STATEN ISLAND,40.60889683930704,-74.07142916140373
32550427,2016-01-28T05:00:00.000,Snow,E9 Snow / Icy Sidewalk,Sidewalk,,,,,10032,NEW YORK,MANHATTAN,12 MANHATTAN,40.841069180984626,-73.93604127478231
32550444,2016-01-28T13:54:00.000,Snow,E9 Snow / Icy Sidewalk,Sidewalk,144-43 75 AVENUE,75 AVENUE,MAIN STREET,147 STREET,11367,Flushing,QUEENS,08 QUEENS,40.72432963040716,-73.81931199567613
32550447,2016-01-28T16:03:00.000,Snow,E9 Snow / Icy Sidewalk,Sidewalk,69-41 INGRAM STREET,INGRAM STREET,69 AVENUE,70 AVENUE,11375,Forest Hills,QUEENS,06 QUEENS,40.71582869999626,-73.85169265545007
32550449,2016-01-28T13:56:00.000,Snow,E9 Snow / Icy Sidewalk,Sidewalk,144-39 75 AVENUE,75 AVENUE,MAIN STREET,147 STREET,11367,Flushing,QUEENS,08 QUEENS,40.72431598024059,-73.81935893376784
32550450,2016-01-28T12:42:00.000,Snow,E9 Snow / Icy Sidewalk,Sidewalk,28 SKILLMAN AVENUE,SKILLMAN AVENUE,MEEKER AVENUE,LORIMER STREET,11211,BROOKLYN,BROOKLYN,01 BROOKLYN,40.71537010587161,-73.95046117079988
32550451,2016-01-28T17:25:00.000,Snow,E9 Snow / Icy Sidewalk,Sidewalk,114-12 103 AVENUE,103 AVENUE,114 STREET,115 STREET,11419,South Richmond Hill,QUEENS,10 QUEENS,40.68681791231355,-73.82898329368558
32550452,2016-01-28T16:45:00.000,Snow,E9 Snow / Icy Sidewalk,Sidewalk,202 WATCHOGUE ROAD,WATCHOGUE ROAD,ST JOHN AVENUE,NEAL DOW AVENUE,10314,STATEN ISLAND,STATEN ISLAND,01 STATEN ISLAND,40.61575265390594,-74.13605463654966
32550453,2016-01-28T09:48:00.000,Snow,E9 Snow / Icy Sidewalk,Sidewalk,3147 TIBBETT AVENUE,TIBBETT AVENUE,WEST 231 STREET,WEST 232 STREET,10463,BRONX,BRONX,08 BRONX,40.88137525001788,-73.90786413183953
32550454,2016-01-28T09:39:00.000,Snow,E9 Snow / Icy Sidewalk,Sidewalk,,,,,10459,BRONX,BRONX,03 BRONX,40.830136980901635,-73.89187665421247
32550456,2016-01-28T09:28:00.000,Snow,E9 Snow / Icy Sidewalk,Sidewalk,1047 74 STREET,74 STREET,10 AVENUE,11 AVENUE,11228,BROOKLYN,BROOKLYN,10 BROOKLYN,40.624264507507526,-74.01234888908368
32550457,2016-01-28T11:28:00.000,Snow,E9 Snow / Icy Sidewalk,Sidewalk,245-30 GRAND CENTRAL PKW,GRAND CENTRAL PKW,BEND,GRAND CENTRAL PARKWAY ET 24 EB,11426,Bellerose,QUEENS,13 QUEENS,40.7502073421115,-73.72732676009264
32550459,2016-01-28T09:29:00.000,Snow,E9 Snow / Icy Sidewalk,Sidewalk,,,,,11223,BROOKLYN,BROOKLYN,15 BROOKLYN,40.604802534186106,-73.96679592479946
32550460,2016-01-28T08:20:00.000,Snow,E9 Snow / Icy Sidewalk,Sidewalk,,,,,11230,BROOKLYN,BROOKLYN,14 BROOKLYN,40.62997984931682,-73.97499748237568
32550462,2016-01-28T07:50:00.000,Snow,E9 Snow / Icy Sidewalk,Sidewalk,1828 LURTING AVENUE,LURTING AVENUE,MORRIS PARK AVENUE,RHINELANDER AVENUE,10461,BRONX,BRONX,11 BRONX,40.84987412838564,-73.85437943120303
32550463,2016-01-28T01:32:00.000,Snow,E9 Snow / Icy Sidewalk,Sidewalk,203 DAHLGREN PLACE,DAHLGREN PLACE,GOWANUS EXPRESSWAY EXIT 17 EB,FT HILL PLACE,11228,BROOKLYN,BROOKLYN,10 BROOKLYN,40.614894172939046,-74.0263619700137
32551095,2016-01-28T12:32:00.000,Snow,15S Re-Plow/Spread/Ice-Snow Cond.,Street,,,,,10458,BRONX,BRONX,07 BRONX,40.87679738008242,-73.88383824610251
32551120,2016-01-28T14:06:00.000,Snow,15S Re-Plow/Spread/Ice-Snow Cond.,Street,92-15 VANDERVEER STREET,VANDERVEER STREET,214 PLACE,92 ROAD,11428,Queens Village,QUEENS,13 QUEENS,40.72074932768641,-73.74477093575469
32551125,2016-01-28T16:08:00.000,Snow,15S Re-Plow/Spread/Ice-Snow Cond.,Street,,,,,11218,BROOKLYN,BROOKLYN,12 BROOKLYN,40.63684603335148,-73.98305130497697
32551126,2016-01-28T15:17:00.000,Snow,15S Re-Plow/Spread/Ice-Snow Cond.,Street,500 2 AVENUE,2 AVENUE,EAST 28 STREET,EAST 29 STREET,10016,NEW YORK,MANHATTAN,06 MANHATTAN,40.741110852575645,-73.97853919576679
32551130,2016-01-28T08:52:00.000,Snow,15S Re-Plow/Spread/Ice-Snow Cond.,Street,702 REMSEN AVENUE,REMSEN AVENUE,AVENUE A,AVENUE B,11236,BROOKLYN,BROOKLYN,17 BROOKLYN,40.65015426751079,-73.91703428051568
32551147,2016-01-28T13:35:00.000,Snow,15S Re-Plow/Spread/Ice-Snow Cond.,Street,,,,,11433,Jamaica,QUEENS,12 QUEENS,40.690012372317575,-73.79203244731988
32551151,2016-01-28T12:47:00.000,Snow,15S Re-Plow/Spread/Ice-Snow Cond.,Street,580 WOODROW ROAD,WOODROW ROAD,CARLTON BOULEVARD,ARDEN AVENUE,10312,STATEN ISLAND,STATEN ISLAND,03 STATEN ISLAND,40.55111252447001,-74.18680470206783
32551162,2016-01-28T11:30:00.000,Snow,15S Re-Plow/Spread/Ice-Snow Cond.,Street,,,,,10025,NEW YORK,MANHATTAN,07 MANHATTAN,40.80043803510952,-73.96571229378941
32551163,2016-01-28T09:01:00.000,Snow,15S Re-Plow/Spread/Ice-Snow Cond.,Street,218 KIRSHON AVENUE,KIRSHON AVENUE,ARLENE STREET,ELSON STREET,10314,STATEN ISLAND,STATEN ISLAND,02 STATEN ISLAND,40.61486226360337,-74.16611032411798
32551175,2016-01-28T16:09:00.000,Snow,15S Re-Plow/Spread/Ice-Snow Cond.,Street,42-54 156 STREET,156 STREET,SANFORD AVENUE,BEECH AVENUE,11355,Flushing,QUEENS,07 QUEENS,40.75999598850254,-73.80970005036447
32551176,2016-01-28T15:57:00.000,Snow,15S Re-Plow/Spread/Ice-Snow Cond.,Street,,,,,11235,BROOKLYN,BROOKLYN,15 BROOKLYN,40.58966996035932,-73.93883841185945
32551177,2016-01-28T13:54:00.000,Snow,15S Re-Plow/Spread/Ice-Snow Cond.,Street,,,,,11385,Ridgewood,QUEENS,05 QUEENS,40.709288757728245,-73.861164653685
32551178,2016-01-28T20:54:00.000,Snow,15S Re-Plow/Spread/Ice-Snow Cond.,Street,,,,,11230,BROOKLYN,BROOKLYN,14 BROOKLYN,40.629842190450276,-73.96322043516365
32551179,2016-01-28T11:36:00.000,Snow,15S Re-Plow/Spread/Ice-Snow Cond.,Street,,,,,11219,BROOKLYN,BROOKLYN,12 BROOKLYN,40.63348687563356,-73.98654692995608
32551180,2016-01-28T10:32:00.000,Snow,15S Re-Plow/Spread/Ice-Snow Cond.,Street,26-12 BOROUGH PLACE,BOROUGH PLACE,26 AVENUE,27 AVENUE,11377,Woodside,QUEENS,01 QUEENS,40.76091614429698,-73.9025331105801
32551185,2016-01-28T16:44:00.000,Snow,15S Re-Plow/Spread/Ice-Snow Cond.,Street,,,,,10031,NEW YORK,MANHATTAN,09 MANHATTAN,40.82523253248517,-73.94760441246605
32551186,2016-01-28T14:40:00.000,Snow,15S Re-Plow/Spread/Ice-Snow Cond.,Street,,,,,11354,Flushing,QUEENS,07 QUEENS,40.7729933337961,-73.80698037163394
32551188,2016-01-28T17:25:00.000,Snow,15S Re-Plow/Spread/Ice-Snow Cond.,Street,,,,,10303,STATEN ISLAND,STATEN ISLAND,01 STATEN ISLAND,40.62736690658295,-74.16655934062803
32551189,2016-01-28T16:54:00.000,Snow,15S Re-Plow/Spread/Ice-Snow Cond.,Street,310 BEVERLEY ROAD,BEVERLEY ROAD,EAST 3 STREET,EAST 4 STREET,11218,BROOKLYN,BROOKLYN,12 BROOKLYN,40.642963133299084,-73.97711500196614
32551190,2016-01-28T05:39:00.000,Snow,15S Re-Plow/Spread/Ice-Snow Cond.,Street,,,,,,,QUEENS,12 QUEENS,,
32551192,2016-01-28T08:25:00.000,Snow,15S Re-Plow/Spread/Ice-Snow Cond.,Street,280 REYNOLDS AVENUE,REYNOLDS AVENUE,WISSMAN AVENUE,MILES AVENUE,10465,BRONX,BRONX,10 BRONX,40.82087327801493,-73.80910323845926
32551215,2016-01-28T11:27:00.000,Snow,15S Re-Plow/Spread/Ice-Snow Cond.,Street,196-34 58 AVENUE,58 AVENUE,196 PLACE,197 STREET,11365,Fresh Meadows,QUEENS,11 QUEENS,40.74459209463823,-73.78021622821066
32551227,2016-01-28T11:11:00.000,Snow,15S Re-Plow/Spread/Ice-Snow Cond.,Street,,,,,10309,STATEN ISLAND,STATEN ISLAND,03 STATEN ISLAND,40.51912633757141,-74.19713496750717
32551230,2016-01-28T08:17:00.000,Snow,E9 Snow / Icy Sidewalk,Sidewalk,231 BAY RIDGE PARKWAY,BAY RIDGE PARKWAY,RIDGE BOULEVARD,3 AVENUE,11209,BROOKLYN,BROOKLYN,10 BROOKLYN,40.63187543438791,-74.02949228009204
32551233,2016-01-28T14:33:00.000,Snow,15S Re-Plow/Spread/Ice-Snow Cond.,Street,,,,,,,STATEN ISLAND,Unspecified STATEN ISLAND,,
32551238,2016-01-28T17:52:00.000,Snow,15S Re-Plow/Spread/Ice-Snow Cond.,Street,69 ARDEN AVENUE,ARDEN AVENUE,KYLE COURT,FOREST GREEN,10312,STATEN ISLAND,STATEN ISLAND,03 STATEN ISLAND,40.55720173263089,-74.19596255850789
32551239,2016-01-28T09:42:00.000,Snow,E9 Snow / Icy Sidewalk,Sidewalk,2901 DEWITT PLACE,DEWITT PLACE,ARNOW AVENUE,SEYMOUR AVENUE,10469,BRONX,BRONX,11 BRONX,40.86805619213686,-73.84678668632785
32551244,2016-01-28T09:44:00.000,Snow,15S Re-Plow/Spread/Ice-Snow Cond.,Street,,,,,10451,BRONX,BRONX,04 BRONX,40.821174807898906,-73.92573438417857
32551245,2016-01-28T07:45:00.000,Snow,15S Re-Plow/Spread/Ice-Snow Cond.,Street,,,,,11375,Forest Hills,QUEENS,06 QUEENS,40.71106342971609,-73.8451672724716
32551246,2016-01-28T07:42:00.000,Snow,15S Re-Plow/Spread/Ice-Snow Cond.,Street,,,,,11375,Forest Hills,QUEENS,06 QUEENS,40.726878621365174,-73.83906201866492
32551258,2016-01-28T08:58:00.000,Snow,E9 Snow / Icy Sidewalk,Sidewalk,1525 DORCHESTER ROAD,DORCHESTER ROAD,NYCTA SUBWAY,EAST 16 STREET,11226,BROOKLYN,BROOKLYN,14 BROOKLYN,40.639534126270725,-73.96350334790395
32551261,2016-01-28T19:01:00.000,Snow,E9 Snow / Icy Sidewalk,Sidewalk,,,,,11423,Hollis,QUEENS,12 QUEENS,40.719282666268136,-73.7636077526533
32551263,2016-01-28T15:53:00.000,Snow,E9 Snow / Icy Sidewalk,Sidewalk,68 SHOTWELL AVENUE,SHOTWELL AVENUE,BEND,WARING AVENUE,10312,STATEN ISLAND,STATEN ISLAND,03 STATEN ISLAND,40.554968822799104,-74.18177739984469
32551313,2016-01-28T14:27:00.000,Snow,E9 Snow / Icy Sidewalk,Sidewalk,183-11 HILLSIDE AVENUE,HILLSIDE AVENUE,183 STREET,184 STREET,11432,Jamaica,QUEENS,08 QUEENS,40.713899948554555,-73.7786833642214
32551316,2016-01-28T22:57:00.000,Snow,E9 Snow / Icy Sidewalk,Sidewalk,58-28 ROOSEVELT AVENUE,ROOSEVELT AVENUE,58 STREET,59 STREET,11377,Woodside,QUEENS,02 QUEENS,40.74538395641502,-73.90625135876542
32551322,2016-01-28T19:21:00.000,Snow,E9 Snow / Icy Sidewalk,Sidewalk,1410 BEVERLY ROAD,BEVERLY ROAD,EAST 14 STREET,EAST 15 STREET,11226,BROOKLYN,BROOKLYN,14 BROOKLYN,40.64421467232604,-73.9657349187299
32551324,2016-01-28T10:04:00.000,Snow,E9 Snow / Icy Sidewalk,Sidewalk,33-05 UTOPIA PARKWAY,UTOPIA PARKWAY,33 AVENUE,35 AVENUE,11358,Flushing,QUEENS,11 QUEENS,40.76676269662718,-73.79272418603423
32551325,2016-01-28T09:35:00.000,Snow,E9 Snow / Icy Sidewalk,Sidewalk,,,,,11204,BROOKLYN,BROOKLYN,12 BROOKLYN,40.63271797542146,-73.98376210813936
32551326,2016-01-28T15:46:00.000,Snow,E9 Snow / Icy Sidewalk,Sidewalk,1951 EAST   17 STREET,EAST   17 STREET,AVENUE S,AVENUE T,11229,BROOKLYN,BROOKLYN,15 BROOKLYN,40.60247648330485,-73.95515445215868
32551327,2016-01-28T15:50:00.000,Snow,E9 Snow / Icy Sidewalk,Sidewalk,,,,,11106,Astoria,QUEENS,01 QUEENS,40.761599665302725,-73.92458792215176
32551328,2016-01-28T12:03:00.000,Snow,E9 Snow / Icy Sidewalk,Sidewalk,652 KENT AVENUE,KENT AVENUE,KEAP STREET,HOOPER STREET,11211,BROOKLYN,BROOKLYN,02 BROOKLYN,40.70137948522601,-73.96367866919267
32551329,2016-01-28T12:06:00.000,Snow,E9 Snow / Icy Sidewalk,Sidewalk,,,,,11211,BROOKLYN,BROOKLYN,01 BROOKLYN,40.715812536247306,-73.94002129169755
32551332,2016-01-28T14:38:00.000,Snow,E9 Snow / Icy Sidewalk,Sidewalk,27-03 42 ROAD,42 ROAD,27 STREET,28 STREET,11101,Long Island City,QUEENS,02 QUEENS,40.749356379588065,-73.9403917037878
32551333,2016-01-28T11:34:00.000,Snow,E9 Snow / Icy Sidewalk,Sidewalk,4202 5 AVENUE,5 AVENUE,42 STREET,43 STREET,11232,BROOKLYN,BROOKLYN,07 BROOKLYN,40.649492362343175,-74.00576595493357
32551334,2016-01-28T17:59:00.000,Snow,E9 Snow / Icy Sidewalk,Sidewalk,226 FOREST GREEN,FOREST GREEN,BEND,BEND,10312,STATEN ISLAND,STATEN ISLAND,03 STATEN ISLAND,40.55587717651927,-74.19526412805791
32551335,2016-01-28T17:20:00.000,Snow,E9 Snow / Icy Sidewalk,Sidewalk,2910 BAISLEY AVENUE,BAISLEY AVENUE,BRADFORD AVENUE,EDISON AVENUE,10461,BRONX,BRONX,10 BRONX,40.83557278855817,-73.8293417553976
32551336,2016-01-28T17:03:00.000,Snow,E9 Snow / Icy Sidewalk,Sidewalk,79-72 COOPER AVENUE,COOPER AVENUE,79 PLACE,VALENTINE PLACE,11385,Ridgewood,QUEENS,05 QUEENS,40.70887464958725,-73.87090063746501
32551337,2016-01-28T13:56:00.000,Snow,E9 Snow / Icy Sidewalk,Sidewalk,,,,,10466,BRONX,BRONX,12 BRONX,40.889175837266485,-73.84415567193834
32551338,2016-01-28T12:15:00.000,Snow,E9 Snow / Icy Sidewalk,Sidewalk,219-04 119 AVENUE,119 AVENUE,219 STREET,220 STREET,11411,Cambria Heights,QUEENS,13 QUEENS,40.692050547051174,-73.74257292879255
32551339,2016-01-28T17:39:00.000,Snow,E9 Snow / Icy Sidewalk,Sidewalk,1054 EAST   82 STREET,EAST   82 STREET,AVENUE J,AVENUE K,11236,BROOKLYN,BROOKLYN,18 BROOKLYN,40.63393747043676,-73.90898758521784
32551340,2016-01-28T09:10:00.000,Snow,E9 Snow / Icy Sidewalk,Sidewalk,20 LYMAN AVENUE,LYMAN AVENUE,BAY STREET,SUMMER STREET,10305,STATEN ISLAND,STATEN ISLAND,01 STATEN ISLAND,40.60752979813506,-74.06221516983216
32551342,2016-01-28T08:29:00.000,Snow,E9 Snow / Icy Sidewalk,Sidewalk,,,,,11237,BROOKLYN,BROOKLYN,01 BROOKLYN,40.70644526205035,-73.92682521873122
32551348,2016-01-28T07:21:00.000,Snow,E9 Snow / Icy Sidewalk,Sidewalk,34-24 HUNTERS POINT AVENUE,HUNTERS POINT AVENUE,34 STREET,35 STREET,11101,Long Island City,QUEENS,02 QUEENS,40.738226941769305,-73.93147056832613
32551349,2016-01-28T03:16:00.000,Snow,E9 Snow / Icy Sidewalk,Sidewalk,4 GLADWIN AVENUE,GLADWIN AVENUE,WOODROW ROAD,CLAY PIT ROAD,10309,STATEN ISLAND,STATEN ISLAND,03 STATEN ISLAND,40.540433784028956,-74.22155167585895
32551352,2016-01-28T11:00:00.000,Snow,E9 Snow / Icy Sidewalk,Sidewalk,131-15 FARMERS BOULEVARD,FARMERS BOULEVARD,MATHEWSON COURT,132 AVENUE,11434,Jamaica,QUEENS,12 QUEENS,40.678618416637725,-73.76208984776511
32551353,2016-01-28T10:45:00.000,Snow,E9 Snow / Icy Sidewalk,Sidewalk,248-06 NORTHERN BOULEVARD,NORTHERN BOULEVARD,248 STREET,248 STREET,11362,Little Neck,QUEENS,11 QUEENS,40.76703259145762,-73.73913148855839
32551354,2016-01-28T08:16:00.000,Snow,E9 Snow / Icy Sidewalk,Sidewalk,277 NOSTRAND AVENUE,NOSTRAND AVENUE,LAFAYETTE AVENUE,CLIFTON PLACE,11216,BROOKLYN,BROOKLYN,03 BROOKLYN,40.68928422497989,-73.95133874911888
32551357,2016-01-28T04:41:00.000,Snow,E9 Snow / Icy Sidewalk,Sidewalk,,,,,10462,BRONX,BRONX,09 BRONX,40.83615033626389,-73.85419263950313
32552034,2016-01-28T13:56:00.000,Snow,15S Re-Plow/Spread/Ice-Snow Cond.,Street,1282 BURKE AVENUE,BURKE AVENUE,BOUCK AVENUE,WILSON AVENUE,10469,BRONX,BRONX,11 BRONX,40.8713726493507,-73.84952701624765
32552035,2016-01-28T13:07:00.000,Snow,15S Re-Plow/Spread/Ice-Snow Cond.,Street,481 WOODWARD AVENUE,WOODWARD AVENUE,HARMAN STREET,GREENE AVENUE,11385,Ridgewood,QUEENS,05 QUEENS,40.70777321595784,-73.9105567587147
32552036,2016-01-28T11:57:00.000,Snow,15S Re-Plow/Spread/Ice-Snow Cond.,Street,172-04 AMELIA ROAD,AMELIA ROAD,172 STREET,MERRILL STREET,11434,Jamaica,QUEENS,12 QUEENS,40.68313047078883,-73.77277142405435
32552037,2016-01-28T09:51:00.000,Snow,15S Re-Plow/Spread/Ice-Snow Cond.,Street,21-70 42 STREET,42 STREET,21 AVENUE,DITMARS BOULEVARD,11105,Astoria,QUEENS,01 QUEENS,40.77248084428904,-73.90384119389977
32552054,2016-01-28T14:28:00.000,Snow,15S Re-Plow/Spread/Ice-Snow Cond.,Street,,,,,11375,Forest Hills,QUEENS,06 QUEENS,40.719584033150895,-73.83977227669764
32552062,2016-01-28T10:41:00.000,Snow,15S Re-Plow/Spread/Ice-Snow Cond.,Street,,,,,11201,BROOKLYN,BROOKLYN,02 BROOKLYN,40.69921884567321,-73.98686184921445
32552077,2016-01-28T16:34:00.000,Snow,15S Re-Plow/Spread/Ice-Snow Cond.,Street,,,,,10002,NEW YORK,MANHATTAN,03 MANHATTAN,40.71855584723336,-73.98820001110087
32552081,2016-01-28T21:28:00.000,Snow,15S Re-Plow/Spread/Ice-Snow Cond.,Street,132-18 59 AVENUE,59 AVENUE,LAWRENCE STREET,136 STREET,11355,Flushing,QUEENS,07 QUEENS,40.74457082930869,-73.83292750594173
32552082,2016-01-28T17:20:00.000,Snow,15S Re-Plow/Spread/Ice-Snow Cond.,Street,22 VAN NAME AVENUE,VAN NAME AVENUE,RICHMOND TERRACE,HARBOR LANE,10303,STATEN ISLAND,STATEN ISLAND,01 STATEN ISLAND,40.63610872349635,-74.15298341854418
32552083,2016-01-28T08:24:00.000,Snow,15S Re-Plow/Spread/Ice-Snow Cond.,Street,,,,,10001,NEW YORK,MANHATTAN,04 MANHATTAN,40.75219047356557,-73.99346359839569
32552084,2016-01-28T07:57:00.000,Snow,15S Re-Plow/Spread/Ice-Snow Cond.,Street,,,,,10028,NEW YORK,MANHATTAN,08 MANHATTAN,40.775245567916876,-73.94762208008792
32552115,2016-01-28T11:50:00.000,Snow,15S Re-Plow/Spread/Ice-Snow Cond.,Street,,,,,10461,BRONX,BRONX,10 BRONX,40.8429181201429,-73.84939259808885
32552117,2016-01-28T07:42:00.000,Snow,15S Re-Plow/Spread/Ice-Snow Cond.,Street,,,,,11385,Ridgewood,QUEENS,05 QUEENS,40.70259527108999,-73.85529262689504
32552120,2016-01-28T15:22:00.000,Snow,15S Re-Plow/Spread/Ice-Snow Cond.,Street,407 EAST   53 STREET,EAST   53 STREET,SNYDER AVENUE,TILDEN AVENUE,11203,BROOKLYN,BROOKLYN,17 BROOKLYN,40.649669847264356,-73.92721903191797
32552121,2016-01-28T11:25:00.000,Snow,15S Re-Plow/Spread/Ice-Snow Cond.,Street,196-40 58 AVENUE,58 AVENUE,196 PLACE,197 STREET,11365,Fresh Meadows,QUEENS,11 QUEENS,40.74460845977276,-73.7801620410511
32552124,2016-01-28T09:16:00.000,Snow,15S Re-Plow/Spread/Ice-Snow Cond.,Street,120 FAYETTE AVENUE,FAYETTE AVENUE,PARKINSON AVENUE,DEAD END,10305,STATEN ISLAND,STATEN ISLAND,02 STATEN ISLAND,40.59885547998911,-74.08485011297505
32552125,2016-01-28T17:01:00.000,Snow,15S Re-Plow/Spread/Ice-Snow Cond.,Street,165 SUNSET AVENUE,SUNSET AVENUE,BIRCHARD AVENUE,WASHINGTON AVENUE,10314,STATEN ISLAND,STATEN ISLAND,02 STATEN ISLAND,40.602078540426035,-74.13565585158796
32552129,2016-01-28T05:00:00.000,Snow,15S Re-Plow/Spread/Ice-Snow Cond.,Street,104-16 94 AVENUE,94 AVENUE,104 STREET,106 STREET,11416,Ozone Park,QUEENS,09 QUEENS,40.68978779953447,-73.84047851686017
32552176,2016-01-28T11:01:00.000,Snow,E9 Snow / Icy Sidewalk,Sidewalk,,,,,10465,BRONX,BRONX,10 BRONX,40.8334261752254,-73.82550952126111
32552182,2016-01-28T09:52:00.000,Snow,15S Re-Plow/Spread/Ice-Snow Cond.,Street,168 PRINCETON AVENUE,PRINCETON AVENUE,COLGATE PLACE,CLAWSON STREET,10306,STATEN ISLAND,STATEN ISLAND,02 STATEN ISLAND,40.56712513917708,-74.11662385236586
32552183,2016-01-28T08:15:00.000,Snow,15S Re-Plow/Spread/Ice-Snow Cond.,Street,71-33 MANSE STREET,MANSE STREET,71 AVENUE,72 AVENUE,11375,Forest Hills,QUEENS,06 QUEENS,40.71171641838191,-73.84910109241139
32552186,2016-01-28T09:14:00.000,Snow,15S Re-Plow/Spread/Ice-Snow Cond.,Street,,,,,11210,BROOKLYN,BROOKLYN,14 BROOKLYN,40.630790348939755,-73.94551258096052
32552187,2016-01-28T08:43:00.000,Snow,15S Re-Plow/Spread/Ice-Snow Cond.,Street,12-25 118 STREET,118 STREET,DEAD END,14 AVENUE,11356,College Point,QUEENS,07 QUEENS,40.78684090339493,-73.84958083797555
32552192,2016-01-28T10:47:00.000,Snow,E9 Snow / Icy Sidewalk,Sidewalk,32-08 81 STREET,81 STREET,32 AVENUE,NORTHERN BOULEVARD,11370,East Elmhurst,QUEENS,03 QUEENS,40.75714402125616,-73.88661691146034
32552214,2016-01-28T10:45:00.000,Snow,E9 Snow / Icy Sidewalk,Sidewalk,131 WEST   88 STREET,WEST   88 STREET,COLUMBUS AVENUE,AMSTERDAM AVENUE,10024,NEW YORK,MANHATTAN,07 MANHATTAN,40.78823672716634,-73.97225129581513
32552221,2016-01-28T06:09:00.000,Snow,E9 Snow / Icy Sidewalk,Sidewalk,,,,,11207,BROOKLYN,BROOKLYN,04 BROOKLYN,40.68874505791444,-73.90874330206339
32552249,2016-01-28T16:03:00.000,Snow,E9 Snow / Icy Sidewalk,Sidewalk,69-45 INGRAM STREET,INGRAM STREET,69 AVENUE,70 AVENUE,11375,Forest Hills,QUEENS,06 QUEENS,40.71580666292648,-73.85163138017307
32552255,2016-01-28T15:53:00.000,Snow,E9 Snow / Icy Sidewalk,Sidewalk,158 MALONE AVENUE,MALONE AVENUE,HYLAN BOULEVARD,PENDALE STREET,10306,STATEN ISLAND,STATEN ISLAND,03 STATEN ISLAND,40.55908855190246,-74.12427177270419
32552256,2016-01-28T15:15:00.000,Snow,E9 Snow / Icy Sidewalk,Sidewalk,530 PRESIDENT STREET,PRESIDENT STREET,3 AVENUE,4 AVENUE,11215,BROOKLYN,BROOKLYN,06 BROOKLYN,40.677460854634745,-73.98524378065014
32552260,2016-01-28T16:22:00.000,Snow,E9 Snow / Icy Sidewalk,Sidewalk,2103 HONEYWELL AVENUE,HONEYWELL AVENUE,EAST 180 STREET,EAST 181 STREET,10460,BRONX,BRONX,06 BRONX,40.84514393330598,-73.882306832464
32552261,2016-01-28T16:02:00.000,Snow,E9 Snow / Icy Sidewalk,Sidewalk,,,,,,,QUEENS,07 QUEENS,,
32552263,2016-01-28T14:56:00.000,Snow,E9 Snow / Icy Sidewalk,Sidewalk,84-28 164 STREET,164 STREET,84 ROAD,84 DRIVE,11432,Jamaica,QUEENS,08 QUEENS,40.71447021154346,-73.80246764609112
32552264,2016-01-28T16:58:00.000,Snow,E9 Snow / Icy Sidewalk,Sidewalk,290 FOUNTAIN AVENUE,FOUNTAIN AVENUE,BELMONT AVENUE,SUTTER AVENUE,11208,BROOKLYN,BROOKLYN,05 BROOKLYN,40.6728455380273,-73.87475561479549
32552273,2016-01-28T11:38:00.000,Snow,E9 Snow / Icy Sidewalk,Sidewalk,33-02 169 STREET,169 STREET,33 AVENUE,35 AVENUE,11358,Flushing,QUEENS,07 QUEENS,40.7670658211608,-73.79647773997125
32552274,2016-01-28T11:28:00.000,Snow,E9 Snow / Icy Sidewalk,Sidewalk,2734 HARDING AVENUE,HARDING AVENUE,BALCOM AVENUE,HUNTINGTON AVENUE,10465,BRONX,BRONX,10 BRONX,40.81488463198359,-73.82130600491124
32552278,2016-01-28T06:45:00.000,Snow,E9 Snow / Icy Sidewalk,Sidewalk,8 RUSSEK DRIVE,RUSSEK DRIVE,MIMOSA LANE,SUSSEX GREEN,10312,STATEN ISLAND,STATEN ISLAND,03 STATEN ISLAND,40.551308819088796,-74.20061244669694
32552281,2016-01-28T11:27:00.000,Snow,E9 Snow / Icy Sidewalk,Sidewalk,335 RALPH AVENUE,RALPH AVENUE,HERKIMER STREET,ATLANTIC AVENUE,11233,BROOKLYN,BROOKLYN,03 BROOKLYN,40.67764379152409,-73.9217445841918
32552282,2016-01-28T11:00:00.000,Snow,E9 Snow / Icy Sidewalk,Sidewalk,,,,,10453,BRONX,BRONX,05 BRONX,40.8583897391259,-73.90278068903007
32552283,2016-01-28T09:29:00.000,Snow,E9 Snow / Icy Sidewalk,Sidewalk,15 ST PAULS AVENUE,ST PAULS AVENUE,VAN DUZER STREET,HANNAH STREET,10301,STATEN ISLAND,STATEN ISLAND,01 STATEN ISLAND,40.63740000502248,-74.07795960983957
32552284,2016-01-28T09:06:00.000,Snow,E9 Snow / Icy Sidewalk,Sidewalk,,,,,10306,STATEN ISLAND,STATEN ISLAND,03 STATEN ISLAND,40.564706707666346,-74.12720833425381
32552285,2016-01-28T09:11:00.000,Snow,E9 Snow / Icy Sidewalk,Sidewalk,370 EAST  162 STREET,EAST  162 STREET,COURTLANDT AVENUE,MELROSE AVENUE,10451,BRONX,BRONX,03 BRONX,40.82507266761479,-73.9143772582238
32552290,2016-01-28T07:09:00.000,Snow,E9 Snow / Icy Sidewalk,Sidewalk,1904 HOBART AVENUE,HOBART AVENUE,ST THERESA AVENUE,WILKINSON AVENUE,10461,BRONX,BRONX,10 BRONX,40.849732829842935,-73.83125368266671
32552291,2016-01-28T06:57:00.000,Snow,E9 Snow / Icy Sidewalk,Sidewalk,2217 EAST   18 STREET,EAST   18 STREET,AVENUE V,GRAVESEND NECK ROAD,11229,BROOKLYN,BROOKLYN,15 BROOKLYN,40.596560604180674,-73.95305191904728
32552292,2016-01-28T06:33:00.000,Snow,E9 Snow / Icy Sidewalk,Sidewalk,4004 AVENUE P,AVENUE P,KIMBALL STREET,COLEMAN STREET,11234,BROOKLYN,BROOKLYN,18 BROOKLYN,40.618216826424444,-73.93560284255607
32552308,2016-01-28T18:58:00.000,Snow,E9 Snow / Icy Sidewalk,Sidewalk,106-01 177 STREET,177 STREET,106 AVENUE,106 ROAD,11433,Jamaica,QUEENS,12 QUEENS,40.70281785973475,-73.78079756580419
32552310,2016-01-28T11:23:00.000,Snow,E9 Snow / Icy Sidewalk,Sidewalk,82-18 35 AVENUE,35 AVENUE,82 STREET,83 STREET,11372,Jackson Heights,QUEENS,03 QUEENS,40.75180605165919,-73.88442434851687
32552312,2016-01-28T13:54:00.000,Snow,E9 Snow / Icy Sidewalk,Sidewalk,,,,,11357,Whitestone,QUEENS,07 QUEENS,40.77674163720608,-73.7999468560447
32552316,2016-01-28T09:41:00.000,Snow,E9 Snow / Icy Sidewalk,Sidewalk,209-05 39 AVENUE,39 AVENUE,209 STREET,CORPORAL KENNEDY STREET,11361,Bayside,QUEENS,11 QUEENS,40.76379340930114,-73.77684618117884
32552317,2016-01-28T08:51:00.000,Snow,E9 Snow / Icy Sidewalk,Sidewalk,312 94 STREET,94 STREET,3 AVENUE,HAMILTON WALK,11209,BROOKLYN,BROOKLYN,10 BROOKLYN,40.617733342036956,-74.03292234683047
32552320,2016-01-28T06:26:00.000,Snow,E9 Snow / Icy Sidewalk,Sidewalk,,,,,11208,BROOKLYN,BROOKLYN,05 BROOKLYN,40.68495846080234,-73.86760090351072
32552321,2016-01-28T04:20:00.000,Snow,E9 Snow / Icy Sidewalk,Sidewalk,1332 PROSPECT PLACE,PROSPECT PLACE,SCHENECTADY AVENUE,UTICA AVENUE,11213,BROOKLYN,BROOKLYN,08 BROOKLYN,40.673338470454084,-73.93234476478081
32552422,2016-01-28T10:23:00.000,Snow,15I Street Condition Ice-Non Storm,Street,,,,,,,BRONX,08 BRONX,,
32553030,2016-01-28T12:32:00.000,Snow,15S Re-Plow/Spread/Ice-Snow Cond.,Street,456 WEST   52 STREET,WEST   52 STREET,9 AVENUE,10 AVENUE,10019,NEW YORK,MANHATTAN,04 MANHATTAN,40.76538691993179,-73.98960322109833
32553032,2016-01-28T08:40:00.000,Snow,15S Re-Plow/Spread/Ice-Snow Cond.,Street,,,,,11220,BROOKLYN,BROOKLYN,12 BROOKLYN,40.635304546620446,-74.00616826009099
32553033,2016-01-28T06:23:00.000,Snow,15S Re-Plow/Spread/Ice-Snow Cond.,Street,78-12 19 ROAD,19 ROAD,78 STREET,19 AVENUE,11370,East Elmhurst,QUEENS,01 QUEENS,40.77300542770428,-73.89183943985051
32553043,2016-01-28T10:11:00.000,Snow,15S Re-Plow/Spread/Ice-Snow Cond.,Street,,,,,10011,NEW YORK,MANHATTAN,04 MANHATTAN,40.74228477603876,-74.00441709886807
32553054,2016-01-28T13:07:00.000,Snow,15S Re-Plow/Spread/Ice-Snow Cond.,Street,,,,,10023,NEW YORK,MANHATTAN,07 MANHATTAN,40.77980719995474,-73.98447728054211
32553055,2016-01-28T10:24:00.000,Snow,15S Re-Plow/Spread/Ice-Snow Cond.,Street,2132 DEAN STREET,DEAN STREET,HOWARD AVENUE,SARATOGA AVENUE,11233,BROOKLYN,BROOKLYN,16 BROOKLYN,40.67508803023771,-73.91728446132143
32553056,2016-01-28T07:55:00.000,Snow,15S Re-Plow/Spread/Ice-Snow Cond.,Street,,,,,10462,BRONX,BRONX,11 BRONX,40.85237470500174,-73.86581815522422
32553059,2016-01-28T20:19:00.000,Snow,15S Re-Plow/Spread/Ice-Snow Cond.,Street,,,,,11218,BROOKLYN,BROOKLYN,07 BROOKLYN,40.647297736297716,-73.98029189341415
32553060,2016-01-28T14:37:00.000,Snow,15S Re-Plow/Spread/Ice-Snow Cond.,Street,,,,,11004,Glen Oaks,QUEENS,13 QUEENS,40.74180802614262,-73.71583123253906
32553061,2016-01-28T23:44:00.000,Snow,15S Re-Plow/Spread/Ice-Snow Cond.,Street,,,,,11211,BROOKLYN,BROOKLYN,01 BROOKLYN,40.718065709583726,-73.94496505103045
32553067,2016-01-28T17:37:00.000,Snow,15S Re-Plow/Spread/Ice-Snow Cond.,Street,,,,,10301,STATEN ISLAND,STATEN ISLAND,01 STATEN ISLAND,40.63925556672707,-74.08178834475471
32553069,2016-01-28T12:00:00.000,Snow,15S Re-Plow/Spread/Ice-Snow Cond.,Street,2070 HENDRICKSON STREET,HENDRICKSON STREET,AVENUE S,AVENUE T,11234,BROOKLYN,BROOKLYN,18 BROOKLYN,40.61146699590151,-73.92585963244909
32553077,2016-01-28T11:57:00.000,Snow,15S Re-Plow/Spread/Ice-Snow Cond.,Street,159-18 84 ROAD,84 ROAD,159 STREET,160 STREET,11432,Jamaica,QUEENS,08 QUEENS,40.713885863553976,-73.80586376466823
32553082,2016-01-28T08:18:00.000,Snow,15S Re-Plow/Spread/Ice-Snow Cond.,Street,,,,,11366,Fresh Meadows,QUEENS,08 QUEENS,40.72081998539061,-73.80636305873233
32553085,2016-01-28T14:11:00.000,Snow,15S Re-Plow/Spread/Ice-Snow Cond.,Street,545 8 AVENUE,8 AVENUE,WEST 37 STREET,WEST 38 STREET,10018,NEW YORK,MANHATTAN,04 MANHATTAN,40.75426815159779,-73.99196188823672
32553086,2016-01-28T19:49:00.000,Snow,15S Re-Plow/Spread/Ice-Snow Cond.,Street,1414 NEWKIRK AVENUE,NEWKIRK AVENUE,EAST 14 STREET,EAST 15 STREET,11226,BROOKLYN,BROOKLYN,14 BROOKLYN,40.635197516930205,-73.96399211789479
32553133,2016-01-28T11:54:00.000,Snow,15S Re-Plow/Spread/Ice-Snow Cond.,Street,,,,,11419,South Richmond Hill,QUEENS,10 QUEENS,40.68792031274343,-73.81080720257536
32553137,2016-01-28T07:45:00.000,Snow,15S Re-Plow/Spread/Ice-Snow Cond.,Street,3123 FENTON AVENUE,FENTON AVENUE,DEAD END,DEYO STREET,10469,BRONX,BRONX,12 BRONX,40.87149632718674,-73.84549878108449
32553143,2016-01-28T00:21:00.000,Snow,15S Re-Plow/Spread/Ice-Snow Cond.,Street,,,,,10301,STATEN ISLAND,STATEN ISLAND,01 STATEN ISLAND,40.61285590929706,-74.10263532192043
32553168,2016-01-28T19:35:00.000,Snow,E9 Snow / Icy Sidewalk,Sidewalk,,,,,11355,Flushing,QUEENS,07 QUEENS,40.75317286136624,-73.82191910731743
32553177,2016-01-28T16:37:00.000,Snow,E9 Snow / Icy Sidewalk,Sidewalk,138 CITY ISLAND AVENUE,CITY ISLAND AVENUE,REYNOLDS STREET,PELL PLACE,10464,BRONX,BRONX,10 BRONX,40.84196429287639,-73.78450981229884
32553183,2016-01-28T17:56:00.000,Snow,E9 Snow / Icy Sidewalk,Sidewalk,,,,,10030,NEW YORK,MANHATTAN,10 MANHATTAN,40.81717607167883,-73.94605725033874
32553227,2016-01-28T16:21:00.000,Snow,E9 Snow / Icy Sidewalk,Sidewalk,,,,,10301,STATEN ISLAND,STATEN ISLAND,01 STATEN ISLAND,40.62589801595827,-74.10391983792437
32553228,2016-01-28T14:43:00.000,Snow,E9 Snow / Icy Sidewalk,Sidewalk,74 MAPLE AVENUE,MAPLE AVENUE,NYCTA SUBWAY,GROVE AVENUE,10302,STATEN ISLAND,STATEN ISLAND,01 STATEN ISLAND,40.63836601551585,-74.13456220814571
32553230,2016-01-28T16:20:00.000,Snow,E9 Snow / Icy Sidewalk,Sidewalk,1560 OCEAN PARKWAY,OCEAN PARKWAY,AVENUE O,AVENUE P,11230,BROOKLYN,BROOKLYN,12 BROOKLYN,40.610665740636456,-73.96793472403336
32553231,2016-01-28T13:52:00.000,Snow,E9 Snow / Icy Sidewalk,Sidewalk,83-65 116 STREET,116 STREET,CURZON ROAD,84 AVENUE,11418,Richmond Hill,QUEENS,09 QUEENS,40.704561875578335,-73.83584100769966
32553232,2016-01-28T13:52:00.000,Snow,E9 Snow / Icy Sidewalk,Sidewalk,975 EAST   78 STREET,EAST   78 STREET,FLATLANDS AVENUE,PAERDEGAT 1 STREET,11236,BROOKLYN,BROOKLYN,18 BROOKLYN,40.633119997786885,-73.91314997978299
32553233,2016-01-28T12:44:00.000,Snow,E9 Snow / Icy Sidewalk,Sidewalk,,,,,11221,BROOKLYN,BROOKLYN,03 BROOKLYN,40.6875573483809,-73.93895055011791
32553234,2016-01-28T21:47:00.000,Snow,E9 Snow / Icy Sidewalk,Sidewalk,3143 SCHUYLER PLACE,SCHUYLER PLACE,ARNOW PLACE,SANDS PLACE,10461,BRONX,BRONX,10 BRONX,40.85037430366126,-73.8288555675784
32553236,2016-01-28T18:18:00.000,Snow,E9 Snow / Icy Sidewalk,Sidewalk,1062 49 STREET,49 STREET,FT HAMILTON PARKWAY,11 AVENUE,11219,BROOKLYN,BROOKLYN,12 BROOKLYN,40.63812906548213,-73.99727244712109
32553237,2016-01-28T17:42:00.000,Snow,E9 Snow / Icy Sidewalk,Sidewalk,,,,,11229,BROOKLYN,BROOKLYN,15 BROOKLYN,40.60088307808847,-73.95868099794131
32553240,2016-01-28T10:24:00.000,Snow,E9 Snow / Icy Sidewalk,Sidewalk,202 ATKINS AVENUE,ATKINS AVENUE,PITKIN AVENUE,BELMONT AVENUE,11208,BROOKLYN,BROOKLYN,05 BROOKLYN,40.674000009632664,-73.87887401854573
32553241,2016-01-28T10:24:00.000,Snow,E9 Snow / Icy Sidewalk,Sidewalk,,,,,11103,Astoria,QUEENS,01 QUEENS,40.76963296499623,-73.91584930317036
32553243,2016-01-28T18:59:00.000,Snow,E9 Snow / Icy Sidewalk,Sidewalk,,,,,,,QUEENS,09 QUEENS,,
32553244,2016-01-28T18:43:00.000,Snow,E9 Snow / Icy Sidewalk,Sidewalk,88-20 70 ROAD,70 ROAD,URSULA PLACE,SYBILLA STREET,11375,Forest Hills,QUEENS,06 QUEENS,40.70817859598229,-73.85349148421453
32553245,2016-01-28T16:53:00.000,Snow,E9 Snow / Icy Sidewalk,Sidewalk,4201 SEAGATE AVENUE,SEAGATE AVENUE,LAUREL AVENUE,CYPRESS AVENUE,11224,BROOKLYN,BROOKLYN,13 BROOKLYN,40.57810577203571,-74.00582818971402
32553246,2016-01-28T07:09:00.000,Snow,E9 Snow / Icy Sidewalk,Sidewalk,113-59 SPRINGFIELD BOULEVARD,SPRINGFIELD BOULEVARD,113 DRIVE,114 AVENUE,11429,Queens Village,QUEENS,13 QUEENS,40.702490537269355,-73.7408375116388
32553247,2016-01-28T06:44:00.000,Snow,E9 Snow / Icy Sidewalk,Sidewalk,153 HUGUENOT AVENUE,HUGUENOT AVENUE,RAILY COURT,SUSSEX GREEN,10312,STATEN ISLAND,STATEN ISLAND,03 STATEN ISLAND,40.55107741235195,-74.20109394065763
32553250,2016-01-28T09:30:00.000,Snow,E9 Snow / Icy Sidewalk,Sidewalk,,,,,,,QUEENS,13 QUEENS,,
32553253,2016-01-28T17:02:00.000,Snow,E9 Snow / Icy Sidewalk,Sidewalk,623 AVENUE O,AVENUE O,OCEAN PARKWAY,EAST 7 STREET,11230,BROOKLYN,BROOKLYN,12 BROOKLYN,40.61202979514243,-73.96754868696291
32553254,2016-01-28T10:00:00.000,Snow,E9 Snow / Icy Sidewalk,Sidewalk,812 MYRTLE AVENUE,MYRTLE AVENUE,NOSTRAND AVENUE,MARCY AVENUE,11206,BROOKLYN,BROOKLYN,03 BROOKLYN,40.69526182006255,-73.95014073537288
32553255,2016-01-28T09:43:00.000,Snow,E9 Snow / Icy Sidewalk,Sidewalk,,,,,10462,BRONX,BRONX,11 BRONX,40.853594050089676,-73.85948620758532
32553259,2016-01-28T08:16:00.000,Snow,E9 Snow / Icy Sidewalk,Sidewalk,580 4 AVENUE,4 AVENUE,16 STREET,PROSPECT AVENUE,11215,BROOKLYN,BROOKLYN,07 BROOKLYN,40.66588957826276,-73.99245916063181
32553260,2016-01-28T08:22:00.000,Snow,E9 Snow / Icy Sidewalk,Sidewalk,96 15 STREET,15 STREET,3 AVENUE,4 AVENUE,11215,BROOKLYN,BROOKLYN,07 BROOKLYN,40.66750905195473,-73.99334933726982
32553261,2016-01-28T04:11:00.000,Snow,E9 Snow / Icy Sidewalk,Sidewalk,,,,,11206,BROOKLYN,BROOKLYN,03 BROOKLYN,40.69561683285894,-73.94055514876845
32553267,2016-01-28T09:44:00.000,Snow,E9 Snow / Icy Sidewalk,Sidewalk,,,,,11221,BROOKLYN,BROOKLYN,03 BROOKLYN,40.68597193718884,-73.9266746122703
32553268,2016-01-28T09:07:00.000,Snow,E9 Snow / Icy Sidewalk,Sidewalk,,,,,11377,Woodside,QUEENS,03 QUEENS,40.754280468930574,-73.89750049760583
32553269,2016-01-28T06:31:00.000,Snow,E9 Snow / Icy Sidewalk,Sidewalk,58-44 MAURICE AVENUE,MAURICE AVENUE,58 STREET,56 DRIVE,11378,Maspeth,QUEENS,05 QUEENS,40.72400651336755,-73.91155957362999
32553270,2016-01-28T06:44:00.000,Snow,E9 Snow / Icy Sidewalk,Sidewalk,30 RUSSEK DRIVE,RUSSEK DRIVE,MIMOSA LANE,SUSSEX GREEN,10312,STATEN ISLAND,STATEN ISLAND,03 STATEN ISLAND,40.55102082850614,-74.20048923574686
32553271,2016-01-28T03:36:00.000,Snow,E9 Snow / Icy Sidewalk,Sidewalk,65-26 BOELSEN CRESCENT,BOELSEN CRESCENT,65 DRIVE,BEND,11374,Rego Park,QUEENS,06 QUEENS,40.72231154374652,-73.86023921628794
32554019,2016-01-28T15:46:00.000,Snow,15S Re-Plow/Spread/Ice-Snow Cond.,Street,,,,,10304,STATEN ISLAND,STATEN ISLAND,02 STATEN ISLAND,40.588542863282235,-74.11107698013105
32554026,2016-01-28T16:26:00.000,Snow,15S Re-Plow/Spread/Ice-Snow Cond.,Street,,,,,10462,BRONX,BRONX,11 BRONX,40.8507142538667,-73.86590102667168
32554027,2016-01-28T14:41:00.000,Snow,15S Re-Plow/Spread/Ice-Snow Cond.,Street,,,,,11375,Forest Hills,QUEENS,06 QUEENS,40.71072770027467,-73.85074453285334
32554028,2016-01-28T19:08:00.000,Snow,15S Re-Plow/Spread/Ice-Snow Cond.,Street,,,,,10461,BRONX,BRONX,10 BRONX,40.8413195255728,-73.82703204687765
32554030,2016-01-28T11:10:00.000,Snow,15S Re-Plow/Spread/Ice-Snow Cond.,Street,,,,,10002,NEW YORK,MANHATTAN,03 MANHATTAN,40.71535587244843,-73.99340227958099
32554044,2016-01-28T08:30:00.000,Snow,15S Re-Plow/Spread/Ice-Snow Cond.,Street,,,,,11204,BROOKLYN,BROOKLYN,11 BROOKLYN,40.620303910001674,-73.98899184196064
32554045,2016-01-28T13:22:00.000,Snow,15S Re-Plow/Spread/Ice-Snow Cond.,Street,1119 HERKIMER STREET,HERKIMER STREET,LOUIS PLACE,SARATOGA AVENUE,11233,BROOKLYN,BROOKLYN,03 BROOKLYN,40.677840467379504,-73.91649149656988
32554046,2016-01-28T11:35:00.000,Snow,15S Re-Plow/Spread/Ice-Snow Cond.,Street,61-43 56 AVENUE,56 AVENUE,61 STREET,64 STREET,11378,Maspeth,QUEENS,05 QUEENS,40.7250516018139,-73.90388076762947
32554062,2016-01-28T09:37:00.000,Snow,15S Re-Plow/Spread/Ice-Snow Cond.,Street,,,,,11213,BROOKLYN,BROOKLYN,08 BROOKLYN,40.67251574185618,-73.93355326325968
32554064,2016-01-28T20:49:00.000,Snow,15S Re-Plow/Spread/Ice-Snow Cond.,Street,804 STANLEY AVENUE,STANLEY AVENUE,ASHFORD STREET,CLEVELAND STREET,11207,BROOKLYN,BROOKLYN,05 BROOKLYN,40.66130315931124,-73.87935122327762
32554065,2016-01-28T17:30:00.000,Snow,15S Re-Plow/Spread/Ice-Snow Cond.,Street,,,,,11427,Queens Village,QUEENS,13 QUEENS,40.7272232345187,-73.74680266700618
32554078,2016-01-28T14:07:00.000,Snow,15S Re-Plow/Spread/Ice-Snow Cond.,Street,,,,,11213,BROOKLYN,BROOKLYN,09 BROOKLYN,40.666277199895696,-73.93413982333855
32554083,2016-01-28T06:39:00.000,Snow,15S Re-Plow/Spread/Ice-Snow Cond.,Street,,,,,,,BRONX,08 BRONX,,
32554108,2016-01-28T16:08:00.000,Snow,15S Re-Plow/Spread/Ice-Snow Cond.,Street,1449 STICKNEY PLACE,STICKNEY PLACE,FENTON AVENUE,EAST 221 STREET,10469,BRONX,BRONX,12 BRONX,40.88045372815806,-73.85077938200467
32554118,2016-01-28T13:58:00.000,Snow,15S Re-Plow/Spread/Ice-Snow Cond.,Street,,,,,10310,STATEN ISLAND,STATEN ISLAND,01 STATEN ISLAND,40.63474043497849,-74.11117549277789
32554133,2016-01-28T10:28:00.000,Snow,15S Re-Plow/Spread/Ice-Snow Cond.,Street,35 JOURNEAY STREET,JOURNEAY STREET,UNION AVENUE,DEAD END,10303,STATEN ISLAND,STATEN ISLAND,01 STATEN ISLAND,40.63221919307387,-74.15916770657401
32554135,2016-01-28T09:54:00.000,Snow,15S Re-Plow/Spread/Ice-Snow Cond.,Street,,,,,11417,Ozone Park,QUEENS,10 QUEENS,40.68167049405539,-73.83779743982831
32554143,2016-01-28T12:56:00.000,Snow,15S Re-Plow/Spread/Ice-Snow Cond.,Street,216-38 31 ROAD,31 ROAD,216 STREET,218 STREET,11360,Bayside,QUEENS,11 QUEENS,40.77524057845749,-73.76927984711423
32554144,2016-01-28T07:26:00.000,Snow,15S Re-Plow/Spread/Ice-Snow Cond.,Street,12 XENIA STREET,XENIA STREET,HURLBERT STREET,MASON AVENUE,10305,STATEN ISLAND,STATEN ISLAND,02 STATEN ISLAND,40.59198574748099,-74.08416806794374
32554172,2016-01-28T10:54:00.000,Snow,E9 Snow / Icy Sidewalk,Sidewalk,,,,,11236,BROOKLYN,BROOKLYN,18 BROOKLYN,40.63744466623244,-73.90154245544326
32554186,2016-01-28T10:32:00.000,Snow,E9 Snow / Icy Sidewalk,Sidewalk,144-42 68 AVENUE,68 AVENUE,MAIN STREET,147 STREET,11367,Flushing,QUEENS,08 QUEENS,40.73369591904075,-73.82360210422775
32554187,2016-01-28T08:56:00.000,Snow,E9 Snow / Icy Sidewalk,Sidewalk,,,,,10460,BRONX,BRONX,06 BRONX,40.83892903955461,-73.87623187358427
32554193,2016-01-28T19:03:00.000,Snow,E9 Snow / Icy Sidewalk,Sidewalk,197-08 HILLSIDE AVENUE,HILLSIDE AVENUE,197 STREET,198 STREET,11423,Hollis,QUEENS,12 QUEENS,40.71845974478646,-73.76519795554447
32554194,2016-01-28T16:34:00.000,Snow,E9 Snow / Icy Sidewalk,Sidewalk,,,,,10452,BRONX,BRONX,04 BRONX,40.8398022848503,-73.92865902582713
32554196,2016-01-28T07:53:00.000,Snow,E9 Snow / Icy Sidewalk,Sidewalk,1036 EAST   19 STREET,EAST   19 STREET,AVENUE J,AVENUE K,11230,BROOKLYN,BROOKLYN,14 BROOKLYN,40.62505879627949,-73.95750605764252
32554200,2016-01-28T17:53:00.000,Snow,E9 Snow / Icy Sidewalk,Sidewalk,,,,,11416,Ozone Park,QUEENS,09 QUEENS,40.68424002310187,-73.84609489919268
32554201,2016-01-28T16:26:00.000,Snow,E9 Snow / Icy Sidewalk,Sidewalk,,,,,11434,Jamaica,QUEENS,12 QUEENS,40.68673223772658,-73.77447909138424
32554243,2016-01-28T15:47:00.000,Snow,E9 Snow / Icy Sidewalk,Sidewalk,1919 EAST   17 STREET,EAST   17 STREET,AVENUE S,AVENUE T,11229,BROOKLYN,BROOKLYN,15 BROOKLYN,40.60301999367094,-73.95525852229258
32554244,2016-01-28T14:42:00.000,Snow,E9 Snow / Icy Sidewalk,Sidewalk,195 WELLINGTON COURT,WELLINGTON COURT,ESSEX DRIVE,DEAD END,10314,STATEN ISLAND,STATEN ISLAND,02 STATEN ISLAND,40.578942894817544,-74.15896874393253
32554247,2016-01-28T11:54:00.000,Snow,E9 Snow / Icy Sidewalk,Sidewalk,172-09 127 AVENUE,127 AVENUE,172 STREET,174 PLACE,11434,Jamaica,QUEENS,12 QUEENS,40.68048136096802,-73.77118685994395
32554249,2016-01-28T14:38:00.000,Snow,E9 Snow / Icy Sidewalk,Sidewalk,,,,,11205,BROOKLYN,BROOKLYN,02 BROOKLYN,40.693436978784476,-73.97782610922518
32554250,2016-01-28T13:09:00.000,Snow,E9 Snow / Icy Sidewalk,Sidewalk,31-12 FARRINGTON STREET,FARRINGTON STREET,31 ROAD,31 DRIVE,11354,Flushing,QUEENS,07 QUEENS,40.768758450489926,-73.83353832132502
32554251,2016-01-28T12:44:00.000,Snow,E9 Snow / Icy Sidewalk,Sidewalk,114 SCHOFIELD STREET,SCHOFIELD STREET,WILLIAM AVENUE,CITY ISLAND AVENUE,10464,BRONX,BRONX,10 BRONX,40.84495966450937,-73.7864626857353
32554255,2016-01-28T21:24:00.000,Snow,E9 Snow / Icy Sidewalk,Sidewalk,10 GRASMERE COURT,GRASMERE COURT,FINGERBOARD ROAD,BEND,10305,STATEN ISLAND,STATEN ISLAND,02 STATEN ISLAND,40.601765387722864,-74.0842776274255
32554256,2016-01-28T17:26:00.000,Snow,E9 Snow / Icy Sidewalk,Sidewalk,85-02 121 STREET,121 STREET,85 AVENUE,HILLSIDE AVENUE,11415,Kew Gardens,QUEENS,09 QUEENS,40.70307943176987,-73.82998389226996
32554257,2016-01-28T15:50:00.000,Snow,E9 Snow / Icy Sidewalk,Sidewalk,141 FRANKLIN AVENUE,FRANKLIN AVENUE,CASSIDY PLACE,PENDLETON PLACE,10301,STATEN ISLAND,STATEN ISLAND,01 STATEN ISLAND,40.64220409540254,-74.09186326616246
32554258,2016-01-28T15:23:00.000,Snow,E9 Snow / Icy Sidewalk,Sidewalk,213-48 34 ROAD,34 ROAD,BELL BOULEVARD,DEAD END,11361,Bayside,QUEENS,11 QUEENS,40.769718790495006,-73.77375762297548
32554260,2016-01-28T20:58:00.000,Snow,E9 Snow / Icy Sidewalk,Sidewalk,,,,,11420,South Ozone Park,QUEENS,10 QUEENS,40.66971764452726,-73.82695076226983
32554261,2016-01-28T19:39:00.000,Snow,E9 Snow / Icy Sidewalk,Sidewalk,93 DIAMOND STREET,DIAMOND STREET,NASSAU AVENUE,NORMAN AVENUE,11222,BROOKLYN,BROOKLYN,01 BROOKLYN,40.7257766725386,-73.94695743066241
32554262,2016-01-28T19:49:00.000,Snow,E9 Snow / Icy Sidewalk,Sidewalk,65-47 WETHEROLE STREET,WETHEROLE STREET,65 ROAD,66 AVENUE,11374,Rego Park,QUEENS,06 QUEENS,40.72619343280491,-73.85864361051044
32554263,2016-01-28T17:53:00.000,Snow,E9 Snow / Icy Sidewalk,Sidewalk,,,,,10472,BRONX,BRONX,09 BRONX,40.82791774937304,-73.85326035814563
32554264,2016-01-28T11:08:00.000,Snow,E9 Snow / Icy Sidewalk,Sidewalk,60 7 AVENUE SOUTH,7 AVENUE SOUTH,MORTON STREET,COMMERCE STREET,10014,NEW YORK,MANHATTAN,02 MANHATTAN,40.73163515245393,-74.00394733159276
32554265,2016-01-28T10:42:00.000,Snow,E9 Snow / Icy Sidewalk,Sidewalk,73-27 COOK AVENUE,COOK AVENUE,73 PLACE,75 STREET,11379,Middle Village,QUEENS,05 QUEENS,40.708635118312664,-73.87776868258818
32554267,2016-01-28T11:13:00.000,Snow,E9 Snow / Icy Sidewalk,Sidewalk,32 DECATUR STREET,DECATUR STREET,TOMPKINS AVENUE,THROOP AVENUE,11216,BROOKLYN,BROOKLYN,03 BROOKLYN,40.680447249397716,-73.94205769917876
32554268,2016-01-28T10:34:00.000,Snow,E9 Snow / Icy Sidewalk,Sidewalk,208-06 89 AVENUE,89 AVENUE,208 STREET,209 STREET,11427,Queens Village,QUEENS,13 QUEENS,40.72062687162402,-73.75666921277931
32554269,2016-01-28T10:40:00.000,Snow,E9 Snow / Icy Sidewalk,Sidewalk,21 POWERS STREET,POWERS STREET,HOPE STREET,LORIMER STREET,11211,BROOKLYN,BROOKLYN,01 BROOKLYN,40.71178813366289,-73.95032676349929
32554270,2016-01-28T09:02:00.000,Snow,E9 Snow / Icy Sidewalk,Sidewalk,75-28 QUEENS BOULEVARD,QUEENS BOULEVARD,KNEELAND STREET,JACOBUS STREET,11373,Elmhurst,QUEENS,04 QUEENS,40.73872237697292,-73.88776330218224
32554271,2016-01-28T08:19:00.000,Snow,E9 Snow / Icy Sidewalk,Sidewalk,2670 COYLE STREET,COYLE STREET,AVENUE Z,VOORHIES AVENUE,11235,BROOKLYN,BROOKLYN,15 BROOKLYN,40.58835296785166,-73.93477834041038
32554273,2016-01-28T10:18:00.000,Snow,E9 Snow / Icy Sidewalk,Sidewalk,39-01 BELL BOULEVARD,BELL BOULEVARD,39 AVENUE,40 AVENUE,11361,Bayside,QUEENS,11 QUEENS,40.765166883166536,-73.77180202942574
32554274,2016-01-28T06:58:00.000,Snow,E9 Snow / Icy Sidewalk,Sidewalk,899 EAST    7 STREET,EAST    7 STREET,FOSTER AVENUE,AVENUE H,11230,BROOKLYN,BROOKLYN,14 BROOKLYN,40.62937481183053,-73.9700440849359
32554275,2016-01-28T14:45:00.000,Snow,E9 Snow / Icy Sidewalk,Sidewalk,76-14 68 AVENUE,68 AVENUE,76 STREET,78 STREET,11379,Middle Village,QUEENS,05 QUEENS,40.71087037062936,-73.87614862812751
32554276,2016-01-28T13:47:00.000,Snow,E9 Snow / Icy Sidewalk,Sidewalk,941 STAFFORD AVENUE,STAFFORD AVENUE,LENEVAR AVENUE,MAGUIRE AVENUE,10309,STATEN ISLAND,STATEN ISLAND,03 STATEN ISLAND,40.53909201684703,-74.20961699091369
32554279,2016-01-28T13:18:00.000,Snow,E9 Snow / Icy Sidewalk,Sidewalk,364 QUINCY STREET,QUINCY STREET,MARCY AVENUE,TOMPKINS AVENUE,11216,BROOKLYN,BROOKLYN,03 BROOKLYN,40.68742387955784,-73.94652640053766
32554285,2016-01-28T09:55:00.000,Snow,E9 Snow / Icy Sidewalk,Sidewalk,661 DRIGGS AVENUE,DRIGGS AVENUE,METROPOLITAN AVENUE,FILLMORE PLACE,11211,BROOKLYN,BROOKLYN,01 BROOKLYN,40.71455281203837,-73.9590902961154
32554287,2016-01-28T17:33:00.000,Snow,E9 Snow / Icy Sidewalk,Sidewalk,66 WIELAND AVENUE,WIELAND AVENUE,WOODROW ROAD,FOSTER ROAD,10309,STATEN ISLAND,STATEN ISLAND,03 STATEN ISLAND,40.541356377703046,-74.20665222759118
32554288,2016-01-28T09:10:00.000,Snow,E9 Snow / Icy Sidewalk,Sidewalk,292 ADA DRIVE,ADA DRIVE,ELSON COURT,FARRAGUT AVENUE,10314,STATEN ISLAND,STATEN ISLAND,01 STATEN ISLAND,40.62156698371801,-74.16477257501269
32554289,2016-01-28T08:18:00.000,Snow,E9 Snow / Icy Sidewalk,Sidewalk,133 16 STREET,16 STREET,4 AVENUE,5 AVENUE,11215,BROOKLYN,BROOKLYN,07 BROOKLYN,40.66593344906257,-73.99179230280185
32554290,2016-01-28T00:56:00.000,Snow,E9 Snow / Icy Sidewalk,Sidewalk,35-50 168 STREET,168 STREET,35 AVENUE,CROCHERON AVENUE,11358,Flushing,QUEENS,07 QUEENS,40.76386513149941,-73.797859290013
32554292,2016-01-28T11:18:00.000,Snow,E9 Snow / Icy Sidewalk,Sidewalk,36-16 170 STREET,170 STREET,CROCHERON AVENUE,39 AVENUE,11358,Flushing,QUEENS,07 QUEENS,40.76231139876314,-73.79618543190169
32555007,2016-01-28T19:50:00.000,Snow,15S Re-Plow/Spread/Ice-Snow Cond.,Street,1838 LURTING AVENUE,LURTING AVENUE,MORRIS PARK AVENUE,RHINELANDER AVENUE,10461,BRONX,BRONX,11 BRONX,40.85001424949542,-73.85449117674975
32555008,2016-01-28T14:25:00.000,Snow,15S Re-Plow/Spread/Ice-Snow Cond.,Street,112-22 72 AVENUE,72 AVENUE,112 STREET,DEAD END,11375,Forest Hills,QUEENS,06 QUEENS,40.721785830493396,-73.83816519235991
32555009,2016-01-28T21:21:00.000,Snow,15S Re-Plow/Spread/Ice-Snow Cond.,Street,,,,,11105,Astoria,QUEENS,01 QUEENS,40.778288324225066,-73.9137549947412
32555010,2016-01-28T10:36:00.000,Snow,15S Re-Plow/Spread/Ice-Snow Cond.,Street,,,,,11234,BROOKLYN,BROOKLYN,18 BROOKLYN,40.621703090299064,-73.90455912363983
32555012,2016-01-28T10:08:00.000,Snow,15S Re-Plow/Spread/Ice-Snow Cond.,Street,,,,,10011,NEW YORK,MANHATTAN,04 MANHATTAN,40.741667286270385,-74.00112952543432
32555016,2016-01-28T23:30:00.000,Snow,15S Re-Plow/Spread/Ice-Snow Cond.,Street,,,,,10002,NEW YORK,MANHATTAN,03 MANHATTAN,40.715953653567944,-73.98672147252647
32555033,2016-01-28T19:34:00.000,Snow,15S Re-Plow/Spread/Ice-Snow Cond.,Street,57-22 224 STREET,224 STREET,57 AVENUE,59 AVENUE,11364,Oakland Gardens,QUEENS,11 QUEENS,40.752223338612275,-73.75478524369179
32555040,2016-01-28T14:27:00.000,Snow,15S Re-Plow/Spread/Ice-Snow Cond.,Street,,,,,11217,BROOKLYN,BROOKLYN,02 BROOKLYN,40.68405253749512,-73.97745785403546
32555106,2016-01-28T10:52:00.000,Snow,15S Re-Plow/Spread/Ice-Snow Cond.,Street,78-56 266 STREET,266 STREET,78 AVENUE,79 AVENUE,11004,Glen Oaks,QUEENS,13 QUEENS,40.748624849075405,-73.70660615769187
32555107,2016-01-28T09:55:00.000,Snow,15S Re-Plow/Spread/Ice-Snow Cond.,Street,248 BEDELL AVENUE,BEDELL AVENUE,DELL COURT,GIEGERICH PLACE,10307,STATEN ISLAND,STATEN ISLAND,03 STATEN ISLAND,40.50762892308963,-74.23337119624503
32555111,2016-01-28T15:21:00.000,Snow,15S Re-Plow/Spread/Ice-Snow Cond.,Street,,,,,11210,BROOKLYN,BROOKLYN,14 BROOKLYN,40.63214672426268,-73.95273145623922
32555120,2016-01-28T10:19:00.000,Snow,15S Re-Plow/Spread/Ice-Snow Cond.,Street,,,,,10013,NEW YORK,MANHATTAN,02 MANHATTAN,40.72271742048056,-74.00444827110906
32555121,2016-01-28T10:04:00.000,Snow,15S Re-Plow/Spread/Ice-Snow Cond.,Street,,,,,10309,STATEN ISLAND,STATEN ISLAND,03 STATEN ISLAND,40.546093809416796,-74.21273336913792
32555122,2016-01-28T08:59:00.000,Snow,15S Re-Plow/Spread/Ice-Snow Cond.,Street,80 VANDAM STREET,VANDAM STREET,HUDSON STREET,GREENWICH STREET,10013,NEW YORK,MANHATTAN,02 MANHATTAN,40.72662303512929,-74.00775336160952
32555157,2016-01-28T09:52:00.000,Snow,E9 Snow / Icy Sidewalk,Sidewalk,2708 WEST   36 STREET,WEST   36 STREET,BAY VIEW AVENUE,CANAL AVENUE,11224,BROOKLYN,BROOKLYN,13 BROOKLYN,40.57993392614922,-74.0027287762352
32555158,2016-01-28T09:17:00.000,Snow,E9 Snow / Icy Sidewalk,Sidewalk,1664 41 STREET,41 STREET,16 AVENUE,DAHILL ROAD,11218,BROOKLYN,BROOKLYN,12 BROOKLYN,40.634803363908524,-73.97967227666395
32555161,2016-01-28T10:03:00.000,Snow,E9 Snow / Icy Sidewalk,Sidewalk,215 PRESENTATION CIRCLE,PRESENTATION CIRCLE,BEND,BEND,10312,STATEN ISLAND,STATEN ISLAND,03 STATEN ISLAND,40.555234479347256,-74.18387253438136
32555164,2016-01-28T11:11:00.000,Snow,E9 Snow / Icy Sidewalk,Sidewalk,4603 13 AVENUE,13 AVENUE,46 STREET,47 STREET,11219,BROOKLYN,BROOKLYN,12 BROOKLYN,40.6366080901578,-73.99045918703195
32555165,2016-01-28T08:19:00.000,Snow,E9 Snow / Icy Sidewalk,Sidewalk,1892 DALY AVENUE,DALY AVENUE,CROSS BRONX EXPRESSWAY,ELSMERE PLACE,10460,BRONX,BRONX,06 BRONX,40.84027734743774,-73.88481275735451
32555232,2016-01-28T14:22:00.000,Snow,E9 Snow / Icy Sidewalk,Sidewalk,507 WEST   24 STREET,WEST   24 STREET,10 AVENUE,HIGH LINE,10011,NEW YORK,MANHATTAN,04 MANHATTAN,40.74847969229263,-74.0039591569024
32555233,2016-01-28T15:25:00.000,Snow,E9 Snow / Icy Sidewalk,Sidewalk,,,,,11375,Forest Hills,QUEENS,06 QUEENS,40.719584033150895,-73.83977227669764
32555234,2016-01-28T14:30:00.000,Snow,E9 Snow / Icy Sidewalk,Sidewalk,1584 RICHMOND ROAD,RICHMOND ROAD,GARRETSON AVENUE,FOUR CORNERS ROAD,10304,STATEN ISLAND,STATEN ISLAND,02 STATEN ISLAND,40.59126409990331,-74.10091706336772
32555236,2016-01-28T14:24:00.000,Snow,E9 Snow / Icy Sidewalk,Sidewalk,3226 PEARSALL AVENUE,PEARSALL AVENUE,BURKE AVENUE,EAST GUN HILL ROAD,10469,BRONX,BRONX,11 BRONX,40.87167468011694,-73.85173556717574
32555240,2016-01-28T15:45:00.000,Snow,E9 Snow / Icy Sidewalk,Sidewalk,1931 EAST   17 STREET,EAST   17 STREET,AVENUE S,AVENUE T,11229,BROOKLYN,BROOKLYN,15 BROOKLYN,40.60281686332177,-73.95521904518331
32555241,2016-01-28T22:58:00.000,Snow,E9 Snow / Icy Sidewalk,Sidewalk,58-15 41 AVENUE,41 AVENUE,58 STREET,59 STREET,11377,Woodside,QUEENS,02 QUEENS,40.74461844439953,-73.90658806081343
32555242,2016-01-28T17:33:00.000,Snow,E9 Snow / Icy Sidewalk,Sidewalk,2137 EAST   14 STREET,EAST   14 STREET,AVENUE U,AVENUE V,11229,BROOKLYN,BROOKLYN,15 BROOKLYN,40.597868731650145,-73.95715606640516
32555243,2016-01-28T17:44:00.000,Snow,E9 Snow / Icy Sidewalk,Sidewalk,1421 OCEAN AVENUE,OCEAN AVENUE,AVENUE I,AVENUE J,11230,BROOKLYN,BROOKLYN,14 BROOKLYN,40.62733392178883,-73.95668683571388
32555244,2016-01-28T11:19:00.000,Snow,E9 Snow / Icy Sidewalk,Sidewalk,3A MONTAUK PLACE,MONTAUK PLACE,WILLOWBROOK ROAD,HAWTHORNE AVENUE,10314,STATEN ISLAND,STATEN ISLAND,01 STATEN ISLAND,40.610688500864015,-74.14719496773202
32555246,2016-01-28T09:16:00.000,Snow,E9 Snow / Icy Sidewalk,Sidewalk,90-18 CORONA AVENUE,CORONA AVENUE,90 STREET,BEND,11373,Elmhurst,QUEENS,04 QUEENS,40.741832260353455,-73.87453932297193
32555247,2016-01-28T13:36:00.000,Snow,E9 Snow / Icy Sidewalk,Sidewalk,50-04 DOUGLASTON PARKWAY,DOUGLASTON PARKWAY,VAN ZANDT AVENUE,51 AVENUE,11362,Little Neck,QUEENS,11 QUEENS,40.76063816521216,-73.74194687042157
32555248,2016-01-28T12:13:00.000,Snow,E9 Snow / Icy Sidewalk,Sidewalk,98-08 ROCKAWAY BOULEVARD,ROCKAWAY BOULEVARD,98 STREET,99 STREET,11417,Ozone Park,QUEENS,10 QUEENS,40.68012929913638,-73.84074318135191
32555249,2016-01-28T21:41:00.000,Snow,E9 Snow / Icy Sidewalk,Sidewalk,,,,,11204,BROOKLYN,BROOKLYN,12 BROOKLYN,40.62757300150698,-73.97657629585788
32555250,2016-01-28T21:21:00.000,Snow,E9 Snow / Icy Sidewalk,Sidewalk,,,,,10312,STATEN ISLAND,STATEN ISLAND,03 STATEN ISLAND,40.55145554912401,-74.18515757446036
32555251,2016-01-28T10:45:00.000,Snow,E9 Snow / Icy Sidewalk,Sidewalk,248-40 NORTHERN BOULEVARD,NORTHERN BOULEVARD,ZION STREET,249 STREET,11362,Little Neck,QUEENS,11 QUEENS,40.767180414323896,-73.7389576244588
32555252,2016-01-28T10:16:00.000,Snow,E9 Snow / Icy Sidewalk,Sidewalk,146 LINDEN BOULEVARD,LINDEN BOULEVARD,BEDFORD AVENUE,ROGERS AVENUE,11226,BROOKLYN,BROOKLYN,17 BROOKLYN,40.652431048251074,-73.95361084716991
32555255,2016-01-28T11:05:00.000,Snow,E9 Snow / Icy Sidewalk,Sidewalk,1510 46 STREET,46 STREET,15 AVENUE,16 AVENUE,11219,BROOKLYN,BROOKLYN,12 BROOKLYN,40.6337447559679,-73.98548042800827
32555256,2016-01-28T10:42:00.000,Snow,E9 Snow / Icy Sidewalk,Sidewalk,2 SPRAGUE AVENUE,SPRAGUE AVENUE,AMBOY ROAD,SANFORD STREET,10307,STATEN ISLAND,STATEN ISLAND,03 STATEN ISLAND,40.51146307670068,-74.24020315488177
32555257,2016-01-28T09:51:00.000,Snow,E9 Snow / Icy Sidewalk,Sidewalk,22-08 25 ROAD,25 ROAD,22 STREET,23 STREET,11102,Astoria,QUEENS,01 QUEENS,40.773689651162314,-73.9236752305559
32555258,2016-01-28T09:00:00.000,Snow,E9 Snow / Icy Sidewalk,Sidewalk,3840 AMBOY ROAD,AMBOY ROAD,MIDLAND ROAD,ADRIENNE PLACE,10308,STATEN ISLAND,STATEN ISLAND,03 STATEN ISLAND,40.55141008411542,-74.14628711779972
32555259,2016-01-28T08:37:00.000,Snow,E9 Snow / Icy Sidewalk,Sidewalk,,,,,11361,Bayside,QUEENS,11 QUEENS,40.769739135459766,-73.77016897448867
32555260,2016-01-28T19:27:00.000,Snow,E9 Snow / Icy Sidewalk,Sidewalk,138-24 ELDER AVENUE,ELDER AVENUE,COLDEN STREET,KISSENA BOULEVARD,11355,Flushing,QUEENS,07 QUEENS,40.75204776944821,-73.82387112467632
32555262,2016-01-28T08:06:00.000,Snow,E9 Snow / Icy Sidewalk,Sidewalk,954 ROCKAWAY AVENUE,ROCKAWAY AVENUE,LOTT AVENUE,HEGEMAN AVENUE,11212,BROOKLYN,BROOKLYN,16 BROOKLYN,40.656679515529646,-73.90742120719776
32555263,2016-01-28T08:08:00.000,Snow,E9 Snow / Icy Sidewalk,Sidewalk,,,,,11413,Springfield Gardens,QUEENS,13 QUEENS,40.66595410725681,-73.76083014436087
32555264,2016-01-28T10:09:00.000,Snow,E9 Snow / Icy Sidewalk,Sidewalk,270-05 80 AVENUE,80 AVENUE,270 STREET,LANGDALE STREET,11040,New Hyde Park,QUEENS,13 QUEENS,40.74685061871741,-73.70189699686361
32555265,2016-01-28T08:36:00.000,Snow,E9 Snow / Icy Sidewalk,Sidewalk,,,,,11362,Little Neck,QUEENS,11 QUEENS,40.76908500406077,-73.73167197650395
32555266,2016-01-28T08:17:00.000,Snow,E9 Snow / Icy Sidewalk,Sidewalk,12 WEST  129 STREET,WEST  129 STREET,5 AVENUE,LENOX AVENUE,10027,NEW YORK,MANHATTAN,10 MANHATTAN,40.80943101404616,-73.94154804961137
32555270,2016-01-28T06:30:00.000,Snow,E9 Snow / Icy Sidewalk,Sidewalk,,,,,10460,BRONX,BRONX,09 BRONX,40.84108689567926,-73.86447840535152
32555271,2016-01-28T02:14:00.000,Snow,E9 Snow / Icy Sidewalk,Sidewalk,164-53 77 ROAD,77 ROAD,164 STREET,166 STREET,11366,Fresh Meadows,QUEENS,08 QUEENS,40.72378483621628,-73.80342134499277
32555273,2016-01-28T07:46:00.000,Snow,E9 Snow / Icy Sidewalk,Sidewalk,182-15 RADNOR ROAD,RADNOR ROAD,GRAND CENTRAL PARKWAY,BEND,11432,Jamaica,QUEENS,08 QUEENS,40.72066099812416,-73.78337241371656
32555274,2016-01-28T07:40:00.000,Snow,E9 Snow / Icy Sidewalk,Sidewalk,1800 BRONXDALE AVENUE,BRONXDALE AVENUE,MORRIS PARK AVENUE,BEND,10462,BRONX,BRONX,11 BRONX,40.84689706895276,-73.85957264255607
32555275,2016-01-28T01:33:00.000,Snow,E9 Snow / Icy Sidewalk,Sidewalk,,,,,11367,Flushing,QUEENS,07 QUEENS,40.73880597415302,-73.83045566420661
32555975,2016-01-28T14:05:00.000,Snow,15S Re-Plow/Spread/Ice-Snow Cond.,Street,53-53 61 STREET,61 STREET,62 STREET,54 AVENUE,11378,Maspeth,QUEENS,05 QUEENS,40.72881753192339,-73.9040268722492
32555976,2016-01-28T07:19:00.000,Snow,15S Re-Plow/Spread/Ice-Snow Cond.,Street,,,,,11433,Jamaica,QUEENS,12 QUEENS,40.6986938102645,-73.79647729160061
32555981,2016-01-28T13:36:00.000,Snow,15S Re-Plow/Spread/Ice-Snow Cond.,Street,20-26 27 STREET,27 STREET,20 AVENUE,21 AVENUE,11105,Astoria,QUEENS,01 QUEENS,40.780834823939124,-73.90937536800533
32555987,2016-01-28T18:25:00.000,Snow,15S Re-Plow/Spread/Ice-Snow Cond.,Street,530 EAST  169 STREET,EAST  169 STREET,3 AVENUE,FULTON AVENUE,10456,BRONX,BRONX,03 BRONX,40.832588336700724,-73.90469386987536
32555992,2016-01-28T08:42:00.000,Snow,15S Re-Plow/Spread/Ice-Snow Cond.,Street,141-25 77 ROAD,77 ROAD,VLEIGH PLACE,MAIN STREET,11367,Flushing,QUEENS,08 QUEENS,40.72035870868063,-73.81979174428206
32556001,2016-01-28T13:01:00.000,Snow,15S Re-Plow/Spread/Ice-Snow Cond.,Street,,,,,11357,Whitestone,QUEENS,07 QUEENS,40.79763473270617,-73.81826065236078
32556005,2016-01-28T19:19:00.000,Snow,15S Re-Plow/Spread/Ice-Snow Cond.,Street,173 KENSINGTON STREET,KENSINGTON STREET,SHORE BOULEVARD,ORIENTAL BOULEVARD,11235,BROOKLYN,BROOKLYN,15 BROOKLYN,40.57905735990835,-73.94182166597177
32556031,2016-01-28T10:14:00.000,Snow,15S Re-Plow/Spread/Ice-Snow Cond.,Street,,,,,10128,NEW YORK,MANHATTAN,08 MANHATTAN,40.783570335136176,-73.94758303258597
32556040,2016-01-28T21:59:00.000,Snow,15S Re-Plow/Spread/Ice-Snow Cond.,Street,142 BANK STREET,BANK STREET,WASHINGTON STREET,JOE DIMAGGIO HIGHWAY,10014,NEW YORK,MANHATTAN,02 MANHATTAN,40.73614452733217,-74.00863131278348
32556041,2016-01-28T11:17:00.000,Snow,15S Re-Plow/Spread/Ice-Snow Cond.,Street,80-48 251 STREET,251 STREET,BEND,81 AVENUE,11426,Bellerose,QUEENS,13 QUEENS,40.74218088552227,-73.7190125632939
32556063,2016-01-28T07:06:00.000,Snow,15S Re-Plow/Spread/Ice-Snow Cond.,Street,,,,,11418,Richmond Hill,QUEENS,09 QUEENS,40.70093669324521,-73.84021020349044
32556078,2016-01-28T11:57:00.000,Snow,E9 Snow / Icy Sidewalk,Sidewalk,517 WEST   29 STREET,WEST   29 STREET,HIGH LINE,11 AVENUE,10001,NEW YORK,MANHATTAN,04 MANHATTAN,40.751899689008795,-74.00248678136009
32556084,2016-01-28T11:58:00.000,Snow,15S Re-Plow/Spread/Ice-Snow Cond.,Street,,,,,11360,Bayside,QUEENS,07 QUEENS,40.78544475577318,-73.77867666007816
32556085,2016-01-28T02:10:00.000,Snow,15S Re-Plow/Spread/Ice-Snow Cond.,Street,,,,,11426,Bellerose,QUEENS,13 QUEENS,40.73180092368449,-73.71707543612013
32556096,2016-01-28T08:30:00.000,Snow,15S Re-Plow/Spread/Ice-Snow Cond.,Street,,,,,11238,BROOKLYN,BROOKLYN,03 BROOKLYN,40.68333273563982,-73.95611323617995
32556099,2016-01-28T10:11:00.000,Snow,15S Re-Plow/Spread/Ice-Snow Cond.,Street,,,,,11377,Woodside,QUEENS,02 QUEENS,40.73957476844158,-73.89222570074998
32556100,2016-01-28T08:40:00.000,Snow,15S Re-Plow/Spread/Ice-Snow Cond.,Street,,,,,11435,Jamaica,QUEENS,12 QUEENS,40.70058236858732,-73.80774181591707
32556104,2016-01-28T11:56:00.000,Snow,E9 Snow / Icy Sidewalk,Sidewalk,,,,,11373,Elmhurst,QUEENS,04 QUEENS,40.73879128020803,-73.8880554790399
32556105,2016-01-28T08:17:00.000,Snow,E9 Snow / Icy Sidewalk,Sidewalk,,,,,11694,Rockaway Park,QUEENS,14 QUEENS,40.58102012977824,-73.83288303617225
32556174,2016-01-28T08:09:00.000,Snow,E9 Snow / Icy Sidewalk,Sidewalk,714 LAFAYETTE AVENUE,LAFAYETTE AVENUE,TOMPKINS AVENUE,THROOP AVENUE,11221,BROOKLYN,BROOKLYN,03 BROOKLYN,40.6906617203319,-73.9444395661374
32556175,2016-01-28T13:28:00.000,Snow,E9 Snow / Icy Sidewalk,Sidewalk,,,,,11417,Ozone Park,QUEENS,10 QUEENS,40.680165260400024,-73.84094499704986
32556178,2016-01-28T21:01:00.000,Snow,E9 Snow / Icy Sidewalk,Sidewalk,254 8 AVENUE,8 AVENUE,WEST 22 STREET,WEST 23 STREET,10011,NEW YORK,MANHATTAN,04 MANHATTAN,40.74514488169809,-73.99858531283543
32556184,2016-01-28T10:40:00.000,Snow,E9 Snow / Icy Sidewalk,Sidewalk,249-26 NORTHERN BOULEVARD,NORTHERN BOULEVARD,249 STREET,MARATHON PARKWAY,11362,Little Neck,QUEENS,11 QUEENS,40.768001661315594,-73.73799771560357
32556186,2016-01-28T08:44:00.000,Snow,E9 Snow / Icy Sidewalk,Sidewalk,57 WEST BURNSIDE AVENUE,WEST BURNSIDE AVENUE,GRAND AVENUE,HARRISON AVENUE,10453,BRONX,BRONX,05 BRONX,40.85413558252565,-73.90969842704082
32556196,2016-01-28T15:04:00.000,Snow,E9 Snow / Icy Sidewalk,Sidewalk,,,,,10025,NEW YORK,MANHATTAN,07 MANHATTAN,40.79275158051093,-73.97131404151617
32556197,2016-01-28T07:57:00.000,Snow,E9 Snow / Icy Sidewalk,Sidewalk,420 TOMPKINS AVENUE,TOMPKINS AVENUE,HANCOCK STREET,HALSEY STREET,11216,BROOKLYN,BROOKLYN,03 BROOKLYN,40.68280862594101,-73.94381514263141
32556198,2016-01-28T06:32:00.000,Snow,E9 Snow / Icy Sidewalk,Sidewalk,175 ROCHESTER AVENUE,ROCHESTER AVENUE,PROSPECT PLACE,PARK PLACE,11213,BROOKLYN,BROOKLYN,08 BROOKLYN,40.67281429066939,-73.92794361211219
32556199,2016-01-28T05:53:00.000,Snow,E9 Snow / Icy Sidewalk,Sidewalk,67-06 MYRTLE AVENUE,MYRTLE AVENUE,67 STREET,67 PLACE,11385,Ridgewood,QUEENS,05 QUEENS,40.70152342566822,-73.88578462894928
32556200,2016-01-28T04:33:00.000,Snow,E9 Snow / Icy Sidewalk,Sidewalk,320 AVENUE N,AVENUE N,EAST 3 STREET,EAST 4 STREET,11230,BROOKLYN,BROOKLYN,12 BROOKLYN,40.61428708980456,-73.97160684243526
32556201,2016-01-28T16:02:00.000,Snow,E9 Snow / Icy Sidewalk,Sidewalk,69-55 INGRAM STREET,INGRAM STREET,69 AVENUE,70 AVENUE,11375,Forest Hills,QUEENS,06 QUEENS,40.71575157243594,-73.85147999580745
32556203,2016-01-28T13:15:00.000,Snow,E9 Snow / Icy Sidewalk,Sidewalk,990 BLAKE AVENUE,BLAKE AVENUE,ELTON STREET,LINWOOD STREET,11208,BROOKLYN,BROOKLYN,05 BROOKLYN,40.66974598102485,-73.88187734900043
32556204,2016-01-28T11:56:00.000,Snow,E9 Snow / Icy Sidewalk,Sidewalk,1170 RICHMOND AVENUE,RICHMOND AVENUE,MELISSA STREET,ADA DRIVE,10314,STATEN ISLAND,STATEN ISLAND,01 STATEN ISLAND,40.61978990311253,-74.15374929036966
32556206,2016-01-28T21:53:00.000,Snow,E9 Snow / Icy Sidewalk,Sidewalk,3573 BRUCKNER BOULEVARD,BRUCKNER BOULEVARD,BUHRE AVENUE,ARNOW PLACE,10461,BRONX,BRONX,10 BRONX,40.848967743683446,-73.82800254162458
32556207,2016-01-28T18:15:00.000,Snow,E9 Snow / Icy Sidewalk,Sidewalk,9 SEBA AVENUE,SEBA AVENUE,BODY OF WATER,MADOC AVENUE,11229,BROOKLYN,BROOKLYN,15 BROOKLYN,40.586499729777586,-73.92496926815399
32556218,2016-01-28T16:21:00.000,Snow,E9 Snow / Icy Sidewalk,Sidewalk,39-22 208 STREET,208 STREET,41 AVENUE,BOYCE AVENUE,11361,Bayside,QUEENS,11 QUEENS,40.762886486828606,-73.77766865999855
32556219,2016-01-28T15:47:00.000,Snow,E9 Snow / Icy Sidewalk,Sidewalk,1802 EAST   12 STREET,EAST   12 STREET,AVENUE R,AVENUE S,11229,BROOKLYN,BROOKLYN,15 BROOKLYN,40.605116267462236,-73.9607131277672
32556220,2016-01-28T14:31:00.000,Snow,E9 Snow / Icy Sidewalk,Sidewalk,120-32 QUEENS BOULEVARD,QUEENS BOULEVARD,80 ROAD,82 AVENUE,11415,Kew Gardens,QUEENS,09 QUEENS,40.71349445896667,-73.8290591363562
32556221,2016-01-28T12:36:00.000,Snow,E9 Snow / Icy Sidewalk,Sidewalk,44 FABER STREET,FABER STREET,LARKIN STREET,NYCTA SUBWAY,10302,STATEN ISLAND,STATEN ISLAND,01 STATEN ISLAND,40.63928209275019,-74.1351441665879
32556227,2016-01-28T23:41:00.000,Snow,E9 Snow / Icy Sidewalk,Sidewalk,24-02 42 STREET,42 STREET,ASTORIA BOULEVARD,25 AVENUE,11103,Astoria,QUEENS,01 QUEENS,40.768329652006294,-73.90919743618801
32556232,2016-01-28T10:51:00.000,Snow,E9 Snow / Icy Sidewalk,Sidewalk,627 WEST  112 STREET,WEST  112 STREET,BROADWAY,RIVERSIDE DRIVE,10025,NEW YORK,MANHATTAN,09 MANHATTAN,40.805713588876365,-73.96635976859775
32556276,2016-01-28T12:46:00.000,Snow,E9 Snow / Icy Sidewalk,Sidewalk,287 PACIFIC STREET,PACIFIC STREET,SMITH STREET,HOYT STREET,11201,BROOKLYN,BROOKLYN,02 BROOKLYN,40.687743187656125,-73.98895186219828
32556282,2016-01-28T20:46:00.000,Snow,E9 Snow / Icy Sidewalk,Sidewalk,120-10 QUEENS BOULEVARD,QUEENS BOULEVARD,80 ROAD,82 AVENUE,11415,Kew Gardens,QUEENS,09 QUEENS,40.713852602152194,-73.82995280553315
32556283,2016-01-28T19:11:00.000,Snow,E9 Snow / Icy Sidewalk,Sidewalk,67-92 AUSTIN STREET,AUSTIN STREET,67 DRIVE,68 AVENUE,11375,Forest Hills,QUEENS,06 QUEENS,40.72307627568133,-73.85278409274943
32556284,2016-01-28T16:38:00.000,Snow,E9 Snow / Icy Sidewalk,Sidewalk,2166 HOMECREST AVENUE,HOMECREST AVENUE,AVENUE U,AVENUE V,11229,BROOKLYN,BROOKLYN,15 BROOKLYN,40.59720788738942,-73.95894253702775
32556290,2016-01-28T10:51:00.000,Snow,E9 Snow / Icy Sidewalk,Sidewalk,218-10 119 AVENUE,119 AVENUE,FRANCIS LEWIS BOULEVARD,218 STREET,11411,Cambria Heights,QUEENS,13 QUEENS,40.692454266401676,-73.74390921808708
32556291,2016-01-28T10:55:00.000,Snow,E9 Snow / Icy Sidewalk,Sidewalk,89-36 220 STREET,220 STREET,89 AVENUE,90 AVENUE,11427,Queens Village,QUEENS,13 QUEENS,40.728599131196944,-73.74220082794503
32556296,2016-01-28T07:17:00.000,Snow,E9 Snow / Icy Sidewalk,Sidewalk,8950 SHORE ROAD,SHORE ROAD,NARROWS AVENUE,91 STREET,11209,BROOKLYN,BROOKLYN,10 BROOKLYN,40.62194700891531,-74.04025497329546
32556882,2016-01-30T00:04:00.000,Snow,15S Re-Plow/Spread/Ice-Snow Cond.,Street,,,,,10461,BRONX,BRONX,11 BRONX,40.85030395093334,-73.85136752307609
32556883,2016-01-29T08:04:00.000,Snow,15S Re-Plow/Spread/Ice-Snow Cond.,Street,3944 MONTICELLO AVENUE,MONTICELLO AVENUE,EAST 233 STREET,STRANG AVENUE,10466,BRONX,BRONX,12 BRONX,40.88985041151345,-73.83773072901494
32556909,2016-01-29T16:21:00.000,Snow,15S Re-Plow/Spread/Ice-Snow Cond.,Street,1824 TOMLINSON AVENUE,TOMLINSON AVENUE,MORRIS PARK AVENUE,RHINELANDER AVENUE,10461,BRONX,BRONX,11 BRONX,40.85054447829857,-73.85272246792937
32556913,2016-01-29T07:00:00.000,Snow,15S Re-Plow/Spread/Ice-Snow Cond.,Street,223-17 57 AVENUE,57 AVENUE,223 STREET,224 STREET,11364,Oakland Gardens,QUEENS,11 QUEENS,40.75256050401781,-73.75587040535945
32556914,2016-01-29T17:47:00.000,Snow,15S Re-Plow/Spread/Ice-Snow Cond.,Street,,,,,11217,BROOKLYN,BROOKLYN,06 BROOKLYN,40.67933383480237,-73.97532148567821
32556915,2016-01-29T12:49:00.000,Snow,15S Re-Plow/Spread/Ice-Snow Cond.,Street,,,,,10471,BRONX,BRONX,08 BRONX,40.89760991758423,-73.90767523779556
32556916,2016-01-29T11:02:00.000,Snow,15S Re-Plow/Spread/Ice-Snow Cond.,Street,29-66 215 PLACE,215 PLACE,29 AVENUE,32 ROAD,11360,Bayside,QUEENS,11 QUEENS,40.77524926656607,-73.77088289666054
32556919,2016-01-29T10:11:00.000,Snow,15S Re-Plow/Spread/Ice-Snow Cond.,Street,421 HANOVER AVENUE,HANOVER AVENUE,PIERCE STREET,STATEN ISLAND EXPWY ET 13 WB,10304,STATEN ISLAND,STATEN ISLAND,01 STATEN ISLAND,40.60837956167822,-74.08534481937967
32556920,2016-01-29T09:30:00.000,Snow,15S Re-Plow/Spread/Ice-Snow Cond.,Street,1920 BROWN STREET,BROWN STREET,AVENUE S,AVENUE T,11229,BROOKLYN,BROOKLYN,15 BROOKLYN,40.604583437673384,-73.94071903288058
32556923,2016-01-29T10:04:00.000,Snow,15S Re-Plow/Spread/Ice-Snow Cond.,Street,3001 VALENTINE AVENUE,VALENTINE AVENUE,EAST 201 STREET,EAST 202 STREET,10458,BRONX,BRONX,07 BRONX,40.87237192944718,-73.88558156314949
32556924,2016-01-29T08:58:00.000,Snow,15S Re-Plow/Spread/Ice-Snow Cond.,Street,,,,,10469,BRONX,BRONX,11 BRONX,40.85977262237125,-73.85307077464574
32556985,2016-01-29T10:11:00.000,Snow,E9 Snow / Icy Sidewalk,Sidewalk,253 WEST  125 STREET,WEST  125 STREET,7 AVENUE,8 AVENUE,10027,NEW YORK,MANHATTAN,10 MANHATTAN,40.80977817083062,-73.95021028255442
32557024,2016-01-29T07:32:00.000,Snow,E9 Snow / Icy Sidewalk,Sidewalk,162 NORWOOD AVENUE,NORWOOD AVENUE,FORCE TUBE AVENUE,ARLINGTON AVENUE,11208,BROOKLYN,BROOKLYN,05 BROOKLYN,40.68230065620065,-73.87929520674555
32557027,2016-01-29T07:53:00.000,Snow,E9 Snow / Icy Sidewalk,Sidewalk,,,,,11208,BROOKLYN,BROOKLYN,05 BROOKLYN,40.6802223200696,-73.87120127137008
32557048,2016-01-29T23:12:00.000,Snow,E9 Snow / Icy Sidewalk,Sidewalk,1397 WEST    6 STREET,WEST    6 STREET,65 STREET,AVENUE O,11204,BROOKLYN,BROOKLYN,11 BROOKLYN,40.612049180365325,-73.98043916429337
32557049,2016-01-29T18:49:00.000,Snow,E9 Snow / Icy Sidewalk,Sidewalk,,,,,10012,NEW YORK,MANHATTAN,02 MANHATTAN,40.726639615083144,-73.9941299569706
32557052,2016-01-29T08:52:00.000,Snow,E9 Snow / Icy Sidewalk,Sidewalk,57-16 136 STREET,136 STREET,57 AVENUE,57 ROAD,11355,Flushing,QUEENS,07 QUEENS,40.74666225477061,-73.82913282704278
32557053,2016-01-29T11:03:00.000,Snow,E9 Snow / Icy Sidewalk,Sidewalk,1200 TABOR COURT,TABOR COURT,12 AVENUE,13 AVENUE,11219,BROOKLYN,BROOKLYN,10 BROOKLYN,40.62855800676554,-74.00188775791699
32557054,2016-01-29T10:51:00.000,Snow,E9 Snow / Icy Sidewalk,Sidewalk,,,,,11378,Maspeth,QUEENS,05 QUEENS,40.729063052334695,-73.89596979381004
32557055,2016-01-29T09:55:00.000,Snow,E9 Snow / Icy Sidewalk,Sidewalk,217-05 GRAND CENTRAL PKW,GRAND CENTRAL PKW,217 STREET,218 STREET,11427,Queens Village,QUEENS,11 QUEENS,40.729882870779505,-73.75182583863703
32557061,2016-01-29T11:57:00.000,Snow,E9 Snow / Icy Sidewalk,Sidewalk,60-10 67 AVENUE,67 AVENUE,60 STREET,60 PLACE,11385,Ridgewood,QUEENS,05 QUEENS,40.70477271887644,-73.8999822973053
32557062,2016-01-29T11:10:00.000,Snow,E9 Snow / Icy Sidewalk,Sidewalk,52-08 62 STREET,62 STREET,52 AVENUE,53 AVENUE,11378,Maspeth,QUEENS,05 QUEENS,40.73352161372466,-73.90028914724408
32557064,2016-01-29T09:29:00.000,Snow,E9 Snow / Icy Sidewalk,Sidewalk,115-35 220 STREET,220 STREET,115 AVENUE,115 ROAD,11411,Cambria Heights,QUEENS,13 QUEENS,40.69921233207584,-73.73799757268408
32557540,2016-01-29T15:36:00.000,Snow,15S Re-Plow/Spread/Ice-Snow Cond.,Street,87-45 117 STREET,117 STREET,JAMAICA AVENUE,89 AVENUE,11418,Richmond Hill,QUEENS,09 QUEENS,40.699015161189116,-73.83235645239924
32557541,2016-01-29T12:49:00.000,Snow,15S Re-Plow/Spread/Ice-Snow Cond.,Street,,,,,11235,BROOKLYN,BROOKLYN,13 BROOKLYN,40.57936971140956,-73.95974548922808
32557548,2016-01-29T15:44:00.000,Snow,15S Re-Plow/Spread/Ice-Snow Cond.,Street,2690 BROADWAY,BROADWAY,WEST 102 STREET,WEST 103 STREET,10025,NEW YORK,MANHATTAN,07 MANHATTAN,40.799030807580046,-73.96858080166778
32557549,2016-01-29T09:50:00.000,Snow,15S Re-Plow/Spread/Ice-Snow Cond.,Street,138-46 NORTHERN BOULEVARD,NORTHERN BOULEVARD,UNION STREET,BOWNE STREET,11354,Flushing,QUEENS,07 QUEENS,40.76411864495204,-73.82714229068048
32557550,2016-01-29T08:30:00.000,Snow,15S Re-Plow/Spread/Ice-Snow Cond.,Street,3 WEST  103 STREET,WEST  103 STREET,CENTRAL PARK WEST,MANHATTAN AVENUE,10025,NEW YORK,MANHATTAN,07 MANHATTAN,40.796253825082964,-73.96175606206236
32557565,2016-01-29T19:36:00.000,Snow,15S Re-Plow/Spread/Ice-Snow Cond.,Street,72 COMSTOCK AVENUE,COMSTOCK AVENUE,DOMAIN STREET,COOKE STREET,10314,STATEN ISLAND,STATEN ISLAND,01 STATEN ISLAND,40.61822405823069,-74.15875251848674
32557566,2016-01-29T16:44:00.000,Snow,15S Re-Plow/Spread/Ice-Snow Cond.,Street,,,,,10301,STATEN ISLAND,STATEN ISLAND,01 STATEN ISLAND,40.61571878022965,-74.09623194212243
32557567,2016-01-29T13:54:00.000,Snow,15S Re-Plow/Spread/Ice-Snow Cond.,Street,2427 EAST    1 STREET,EAST    1 STREET,AVENUE X,AVENUE Y,11223,BROOKLYN,BROOKLYN,15 BROOKLYN,40.58993736312051,-73.9691508474813
32557582,2016-01-29T18:37:00.000,Snow,15S Re-Plow/Spread/Ice-Snow Cond.,Street,,,,,11432,Jamaica,QUEENS,12 QUEENS,40.70798052513147,-73.80185567072522
32557583,2016-01-29T14:24:00.000,Snow,15S Re-Plow/Spread/Ice-Snow Cond.,Street,,,,,11206,BROOKLYN,BROOKLYN,03 BROOKLYN,40.69455870892529,-73.94324268024197
32557584,2016-01-29T09:07:00.000,Snow,15S Re-Plow/Spread/Ice-Snow Cond.,Street,,,,,11354,Flushing,QUEENS,07 QUEENS,40.77433219565583,-73.84271668027256
32557638,2016-01-29T22:19:00.000,Snow,E9 Snow / Icy Sidewalk,Sidewalk,1905 HARRISON AVENUE,HARRISON AVENUE,KINGSLAND PLACE,WEST BURNSIDE AVENUE,10453,BRONX,BRONX,05 BRONX,40.85300307966101,-73.91106272528715
32557642,2016-01-29T17:17:00.000,Snow,E9 Snow / Icy Sidewalk,Sidewalk,,,,,10022,NEW YORK,MANHATTAN,05 MANHATTAN,40.76160086638034,-73.96864177563774
32557643,2016-01-29T13:03:00.000,Snow,E9 Snow / Icy Sidewalk,Sidewalk,149 BEACH  123 STREET,BEACH  123 STREET,OCEAN PROMENADE,ROCKAWAY BEACH BOULEVARD,11694,Rockaway Park,QUEENS,14 QUEENS,40.576743470727834,-73.84241881502166
32557652,2016-01-29T21:42:00.000,Snow,E9 Snow / Icy Sidewalk,Sidewalk,,,,,11214,BROOKLYN,BROOKLYN,13 BROOKLYN,40.587031087332505,-73.98539337498602
32557653,2016-01-29T13:24:00.000,Snow,E9 Snow / Icy Sidewalk,Sidewalk,,,,,10309,STATEN ISLAND,STATEN ISLAND,03 STATEN ISLAND,40.5348042151798,-74.21575535041816
32557677,2016-01-29T08:17:00.000,Snow,E9 Snow / Icy Sidewalk,Sidewalk,96 CRANFORD STREET,CRANFORD STREET,O'GORMAN AVENUE,DURANT AVENUE,10308,STATEN ISLAND,STATEN ISLAND,03 STATEN ISLAND,40.55177043984348,-74.13902622249373
32557699,2016-01-29T13:51:00.000,Snow,E9 Snow / Icy Sidewalk,Sidewalk,,,,,11225,BROOKLYN,BROOKLYN,09 BROOKLYN,40.65691583055288,-73.95313919253645
32557700,2016-01-29T13:38:00.000,Snow,E9 Snow / Icy Sidewalk,Sidewalk,,,,,11234,BROOKLYN,BROOKLYN,18 BROOKLYN,40.61954729372975,-73.91726323532393
32557701,2016-01-29T11:05:00.000,Snow,E9 Snow / Icy Sidewalk,Sidewalk,3920 ORLOFF AVENUE,ORLOFF AVENUE,CANNON PLACE,BEND,10463,BRONX,BRONX,08 BRONX,40.8838145625835,-73.89422321043128
32557702,2016-01-29T06:53:00.000,Snow,E9 Snow / Icy Sidewalk,Sidewalk,266-15 HILLSIDE AVENUE,HILLSIDE AVENUE,266 STREET,267 STREET,11004,Glen Oaks,QUEENS,13 QUEENS,40.73856875410122,-73.70260885161248
32557708,2016-01-29T16:07:00.000,Snow,E9 Snow / Icy Sidewalk,Sidewalk,1706 47 STREET,47 STREET,17 AVENUE,18 AVENUE,11204,BROOKLYN,BROOKLYN,12 BROOKLYN,40.63043122546618,-73.981503776244
32557710,2016-01-29T15:20:00.000,Snow,E9 Snow / Icy Sidewalk,Sidewalk,,,,,11375,Forest Hills,QUEENS,06 QUEENS,40.71046991265126,-73.85091464019382
32557711,2016-01-29T14:28:00.000,Snow,E9 Snow / Icy Sidewalk,Sidewalk,1528 CASTLE HILL AVENUE,CASTLE HILL AVENUE,MANNING STREET,ST RAYMONDS AVENUE,10462,BRONX,BRONX,10 BRONX,40.837169026991205,-73.85235093550428
32557712,2016-01-29T11:56:00.000,Snow,E9 Snow / Icy Sidewalk,Sidewalk,,,,,10463,BRONX,BRONX,Unspecified BRONX,40.88129929579129,-73.89909112086623
32557713,2016-01-29T08:19:00.000,Snow,E9 Snow / Icy Sidewalk,Sidewalk,,,,,11209,BROOKLYN,BROOKLYN,10 BROOKLYN,40.62948627695368,-74.02263899976995
32558233,2016-01-29T09:40:00.000,Snow,15S Re-Plow/Spread/Ice-Snow Cond.,Street,,,,,10001,NEW YORK,MANHATTAN,04 MANHATTAN,40.75090335729659,-73.99811960274165
32558234,2016-01-29T13:39:00.000,Snow,15S Re-Plow/Spread/Ice-Snow Cond.,Street,,,,,10461,BRONX,BRONX,10 BRONX,40.84238447990717,-73.84642656736942
32558236,2016-01-29T12:54:00.000,Snow,15S Re-Plow/Spread/Ice-Snow Cond.,Street,32-75 34 STREET,34 STREET,BROADWAY,34 AVENUE,11106,Astoria,QUEENS,01 QUEENS,40.76039116397407,-73.92335476505967
32558252,2016-01-29T15:40:00.000,Snow,15S Re-Plow/Spread/Ice-Snow Cond.,Street,,,,,11205,BROOKLYN,BROOKLYN,02 BROOKLYN,40.68956154666117,-73.9671143059351
32558254,2016-01-29T17:00:00.000,Snow,15S Re-Plow/Spread/Ice-Snow Cond.,Street,41 SANDALWOOD DRIVE,SANDALWOOD DRIVE,COUNTRY WOODS LANE,IRONWOOD STREET,10308,STATEN ISLAND,STATEN ISLAND,03 STATEN ISLAND,40.562349752311526,-74.14718923498499
32558256,2016-01-29T12:14:00.000,Snow,15S Re-Plow/Spread/Ice-Snow Cond.,Street,283 EAST BROADWAY,EAST BROADWAY,SAMUEL DICKSTEIN PLAZA,GRAND STREET,10002,NEW YORK,MANHATTAN,03 MANHATTAN,40.71454525841941,-73.98409568305965
32558257,2016-01-29T09:05:00.000,Snow,15S Re-Plow/Spread/Ice-Snow Cond.,Street,,,,,11418,Richmond Hill,QUEENS,09 QUEENS,40.69645431466799,-73.82681284662861
32558262,2016-01-29T15:04:00.000,Snow,15S Re-Plow/Spread/Ice-Snow Cond.,Street,184-57 AVON ROAD,AVON ROAD,KENT STREET,CHEVY CHASE STREET,11432,Jamaica,QUEENS,08 QUEENS,40.72226429211718,-73.78065784360402
32558325,2016-01-29T15:36:00.000,Snow,E9 Snow / Icy Sidewalk,Sidewalk,77-30 250 STREET,250 STREET,SHILOH AVENUE,UNION TURNPIKE,11426,Bellerose,QUEENS,13 QUEENS,40.7438756112015,-73.72063661386828
32558326,2016-01-29T14:52:00.000,Snow,E9 Snow / Icy Sidewalk,Sidewalk,,,,,10075,NEW YORK,MANHATTAN,08 MANHATTAN,40.77333562386791,-73.95505383514801
32558327,2016-01-29T07:49:00.000,Snow,E9 Snow / Icy Sidewalk,Sidewalk,363 EUCLID AVENUE,EUCLID AVENUE,MC KINLEY AVENUE,HILL STREET,11208,BROOKLYN,BROOKLYN,05 BROOKLYN,40.67901666064999,-73.87303870834644
32558347,2016-01-29T16:10:00.000,Snow,E9 Snow / Icy Sidewalk,Sidewalk,173 BEACH  134 STREET,BEACH  134 STREET,OCEAN PROMENADE,ROCKAWAY BEACH BOULEVARD,11694,Rockaway Park,QUEENS,14 QUEENS,40.57364858636257,-73.85160878627713
32558363,2016-01-29T21:26:00.000,Snow,E9 Snow / Icy Sidewalk,Sidewalk,89-02 32 AVENUE,32 AVENUE,89 STREET,90 STREET,11369,East Elmhurst,QUEENS,03 QUEENS,40.758376991396965,-73.87908876335437
32558364,2016-01-29T19:16:00.000,Snow,E9 Snow / Icy Sidewalk,Sidewalk,224 14 STREET,14 STREET,4 AVENUE,5 AVENUE,11215,BROOKLYN,BROOKLYN,06 BROOKLYN,40.66675399988727,-73.99004754907413
32558366,2016-01-29T12:43:00.000,Snow,E9 Snow / Icy Sidewalk,Sidewalk,101 WEST  147 STREET,WEST  147 STREET,LENOX AVENUE,7 AVENUE,10039,NEW YORK,MANHATTAN,10 MANHATTAN,40.82193837120541,-73.93575977811496
32558367,2016-01-29T11:28:00.000,Snow,E9 Snow / Icy Sidewalk,Sidewalk,505 AVENUE W,AVENUE W,EAST 5 STREET,OCEAN PARKWAY,11223,BROOKLYN,BROOKLYN,15 BROOKLYN,40.59320547251939,-73.96580430187073
32558368,2016-01-29T11:01:00.000,Snow,E9 Snow / Icy Sidewalk,Sidewalk,52-12 62 STREET,62 STREET,52 AVENUE,53 AVENUE,11378,Maspeth,QUEENS,05 QUEENS,40.733455792766726,-73.90035058624478
32558372,2016-01-29T08:57:00.000,Snow,E9 Snow / Icy Sidewalk,Sidewalk,,,,,11231,BROOKLYN,BROOKLYN,06 BROOKLYN,40.678995913325,-73.99294800163177
32558376,2016-01-29T21:32:00.000,Snow,E9 Snow / Icy Sidewalk,Sidewalk,88-10 35 AVENUE,35 AVENUE,88 STREET,89 STREET,11372,Jackson Heights,QUEENS,03 QUEENS,40.7523877499991,-73.87889751398052
32558377,2016-01-29T21:09:00.000,Snow,E9 Snow / Icy Sidewalk,Sidewalk,372 HAWTHORNE STREET,HAWTHORNE STREET,NOSTRAND AVENUE,NEW YORK AVENUE,11225,BROOKLYN,BROOKLYN,09 BROOKLYN,40.6579677312072,-73.94825118520926
32558378,2016-01-29T08:34:00.000,Snow,E9 Snow / Icy Sidewalk,Sidewalk,58-20 230 STREET,230 STREET,58 AVENUE,58 ROAD,11364,Oakland Gardens,QUEENS,11 QUEENS,40.75269373774087,-73.74890032167997
32558393,2016-01-29T17:20:00.000,Snow,E9 Snow / Icy Sidewalk,Sidewalk,90-09 51 AVENUE,51 AVENUE,90 STREET,92 STREET,11373,Elmhurst,QUEENS,04 QUEENS,40.73958613313593,-73.87369914041174
32558394,2016-01-29T16:37:00.000,Snow,E9 Snow / Icy Sidewalk,Sidewalk,,,,,11373,Elmhurst,QUEENS,04 QUEENS,40.73616400082923,-73.87676556141705
32558395,2016-01-29T14:07:00.000,Snow,E9 Snow / Icy Sidewalk,Sidewalk,580 BAY STREET,BAY STREET,CROSS STREET,WATER STREET,10304,STATEN ISLAND,STATEN ISLAND,01 STATEN ISLAND,40.62752271374113,-74.0761612138779
32558396,2016-01-29T13:17:00.000,Snow,E9 Snow / Icy Sidewalk,Sidewalk,,,,,10306,STATEN ISLAND,STATEN ISLAND,02 STATEN ISLAND,40.57477453181763,-74.11148244714117
32558397,2016-01-29T11:32:00.000,Snow,E9 Snow / Icy Sidewalk,Sidewalk,,,,,10473,BRONX,BRONX,09 BRONX,40.81746672624922,-73.85394816190815
32558399,2016-01-29T19:50:00.000,Snow,E9 Snow / Icy Sidewalk,Sidewalk,,,,,11421,Woodhaven,QUEENS,09 QUEENS,40.68914426885279,-73.86762504486528
32558400,2016-01-29T11:34:00.000,Snow,E9 Snow / Icy Sidewalk,Sidewalk,,,,,10306,STATEN ISLAND,STATEN ISLAND,03 STATEN ISLAND,40.554342535891216,-74.13423824705217
32558401,2016-01-29T11:04:00.000,Snow,E9 Snow / Icy Sidewalk,Sidewalk,,,,,11418,Richmond Hill,QUEENS,09 QUEENS,40.70387024042108,-73.81937826970365
32558406,2016-01-29T07:26:00.000,Snow,E9 Snow / Icy Sidewalk,Sidewalk,837 HYLAN BOULEVARD,HYLAN BOULEVARD,BEND,FINGERBOARD ROAD,10305,STATEN ISLAND,STATEN ISLAND,02 STATEN ISLAND,40.599511800706196,-74.07235178690925
32558407,2016-01-29T01:58:00.000,Snow,E9 Snow / Icy Sidewalk,Sidewalk,111 TREADWELL AVENUE,TREADWELL AVENUE,SLAIGHT STREET,HARRISON AVENUE,10302,STATEN ISLAND,STATEN ISLAND,01 STATEN ISLAND,40.63714855714788,-74.13815560662309
32558913,2016-01-29T23:17:00.000,Snow,15S Re-Plow/Spread/Ice-Snow Cond.,Street,,,,,10314,STATEN ISLAND,STATEN ISLAND,02 STATEN ISLAND,40.588571336460745,-74.14684738099643
32558914,2016-01-29T08:48:00.000,Snow,15S Re-Plow/Spread/Ice-Snow Cond.,Street,,,,,11210,BROOKLYN,BROOKLYN,18 BROOKLYN,40.63231211124324,-73.93701594809399
32558915,2016-01-29T22:29:00.000,Snow,15S Re-Plow/Spread/Ice-Snow Cond.,Street,,,,,11222,BROOKLYN,BROOKLYN,01 BROOKLYN,40.732717249530765,-73.95805801710284
32558916,2016-01-29T14:56:00.000,Snow,15S Re-Plow/Spread/Ice-Snow Cond.,Street,1637 72 STREET,72 STREET,16 AVENUE,17 AVENUE,11204,BROOKLYN,BROOKLYN,11 BROOKLYN,40.61743611230962,-73.99802610882881
32558917,2016-01-29T11:37:00.000,Snow,15S Re-Plow/Spread/Ice-Snow Cond.,Street,172-90 HIGHLAND AVENUE,HIGHLAND AVENUE,AVA PLACE,DALNY ROAD,11432,Jamaica,QUEENS,08 QUEENS,40.71356059282307,-73.7879622011086
32558941,2016-01-29T16:23:00.000,Snow,15S Re-Plow/Spread/Ice-Snow Cond.,Street,45-40 159 STREET,159 STREET,45 AVENUE,46 AVENUE,11358,Flushing,QUEENS,07 QUEENS,40.75547445524787,-73.80748953787186
32558943,2016-01-29T13:21:00.000,Snow,15S Re-Plow/Spread/Ice-Snow Cond.,Street,12 GROVE STREET,GROVE STREET,GROVE COURT,BEDFORD STREET,10014,NEW YORK,MANHATTAN,02 MANHATTAN,40.73237616076827,-74.00574065302085
32558946,2016-01-29T14:47:00.000,Snow,15S Re-Plow/Spread/Ice-Snow Cond.,Street,,,,,10075,NEW YORK,MANHATTAN,08 MANHATTAN,40.77333562386791,-73.95505383514801
32558948,2016-01-29T10:46:00.000,Snow,15S Re-Plow/Spread/Ice-Snow Cond.,Street,415 LORETTO STREET,LORETTO STREET,CLERMONT AVENUE,BILLOP AVENUE,10307,STATEN ISLAND,STATEN ISLAND,03 STATEN ISLAND,40.500586702535166,-74.23822240138732
32559006,2016-01-29T18:20:00.000,Snow,E9 Snow / Icy Sidewalk,Sidewalk,103-48 104 STREET,104 STREET,103 AVENUE,LIBERTY AVENUE,11417,Ozone Park,QUEENS,10 QUEENS,40.68312761473368,-73.83754511290067
32559029,2016-01-29T16:27:00.000,Snow,E9 Snow / Icy Sidewalk,Sidewalk,1 HALLECK STREET,HALLECK STREET,BODY OF WATER,BEND,10474,BRONX,BRONX,02 BRONX,40.804938475041425,-73.87885969778009
32559058,2016-01-29T20:22:00.000,Snow,E9 Snow / Icy Sidewalk,Sidewalk,63 SIGNAL HILL ROAD,SIGNAL HILL ROAD,NESMYTHE TERRACE,BEND,10301,STATEN ISLAND,STATEN ISLAND,01 STATEN ISLAND,40.617988682837705,-74.08948862543541
32559059,2016-01-29T17:18:00.000,Snow,E9 Snow / Icy Sidewalk,Sidewalk,85-15 QUEENS BOULEVARD,QUEENS BOULEVARD,REEDER STREET,BROADWAY,11373,Elmhurst,QUEENS,04 QUEENS,40.736947797796496,-73.87821471082916
32559060,2016-01-29T16:53:00.000,Snow,E9 Snow / Icy Sidewalk,Sidewalk,245-16 RUSHMORE AVENUE,RUSHMORE AVENUE,245 STREET,OVERBROOK STREET,11362,Little Neck,QUEENS,11 QUEENS,40.76362268013655,-73.73993541527778
32559061,2016-01-29T14:05:00.000,Snow,E9 Snow / Icy Sidewalk,Sidewalk,78-10 66 ROAD,66 ROAD,78 STREET,79 STREET,11379,Middle Village,QUEENS,05 QUEENS,40.71458288763136,-73.87508480701045
32559066,2016-01-29T12:01:00.000,Snow,E9 Snow / Icy Sidewalk,Sidewalk,,,,,,,BRONX,08 BRONX,,
32559067,2016-01-29T11:46:00.000,Snow,E9 Snow / Icy Sidewalk,Sidewalk,68-41 JAY AVENUE,JAY AVENUE,54 AVENUE,69 STREET,11378,Maspeth,QUEENS,05 QUEENS,40.72916454300888,-73.89589747471241
32559068,2016-01-29T09:36:00.000,Snow,E9 Snow / Icy Sidewalk,Sidewalk,3469 CANNON PLACE,CANNON PLACE,BEND,WEST 238 STREET,10463,BRONX,BRONX,08 BRONX,40.88180052391531,-73.89789697578298
32559069,2016-01-29T08:55:00.000,Snow,E9 Snow / Icy Sidewalk,Sidewalk,87-17 123 STREET,123 STREET,JAMAICA AVENUE,89 AVENUE,11418,Richmond Hill,QUEENS,09 QUEENS,40.70001205697687,-73.82715703748434
32559080,2016-01-29T10:28:00.000,Snow,E9 Snow / Icy Sidewalk,Sidewalk,,,,,11222,BROOKLYN,BROOKLYN,01 BROOKLYN,40.73728627540815,-73.95542456593323
32559085,2016-01-29T17:27:00.000,Snow,E9 Snow / Icy Sidewalk,Sidewalk,59-40 48 AVENUE,48 AVENUE,59 PLACE,60 STREET,11377,Woodside,QUEENS,02 QUEENS,40.738554187515035,-73.9052433599083
32559086,2016-01-29T16:08:00.000,Snow,E9 Snow / Icy Sidewalk,Sidewalk,338 MELROSE STREET,MELROSE STREET,WILSON AVENUE,KNICKERBOCKER AVENUE,11237,BROOKLYN,BROOKLYN,04 BROOKLYN,40.703454368775354,-73.92825673121025
32559623,2016-01-29T23:47:00.000,Snow,15S Re-Plow/Spread/Ice-Snow Cond.,Street,,,,,10314,STATEN ISLAND,STATEN ISLAND,02 STATEN ISLAND,40.6066936624601,-74.16232291657995
32559624,2016-01-29T10:25:00.000,Snow,15S Re-Plow/Spread/Ice-Snow Cond.,Street,260-34 LANGSTON AVENUE,LANGSTON AVENUE,260 STREET,261 STREET,11004,Glen Oaks,QUEENS,13 QUEENS,40.75227256116811,-73.7186776423136
32559630,2016-01-29T09:33:00.000,Snow,15S Re-Plow/Spread/Ice-Snow Cond.,Street,156-40 99 STREET,99 STREET,157 AVENUE,158 AVENUE,11414,Howard Beach,QUEENS,10 QUEENS,40.66302952703802,-73.83504931198308
32559636,2016-01-29T14:21:00.000,Snow,15S Re-Plow/Spread/Ice-Snow Cond.,Street,,,,,10458,BRONX,BRONX,07 BRONX,40.87616647519668,-73.88150702155092
32559637,2016-01-29T13:12:00.000,Snow,15S Re-Plow/Spread/Ice-Snow Cond.,Street,130-26 121 STREET,121 STREET,HAWTREE CREEK ROAD,,11420,South Ozone Park,QUEENS,10 QUEENS,40.67277304980261,-73.81834854527925
32559638,2016-01-29T11:51:00.000,Snow,15S Re-Plow/Spread/Ice-Snow Cond.,Street,31-11 45 STREET,45 STREET,31 AVENUE,NEWTOWN ROAD,11103,Astoria,QUEENS,01 QUEENS,40.75915439776139,-73.91331051429876
32559639,2016-01-29T10:44:00.000,Snow,15S Re-Plow/Spread/Ice-Snow Cond.,Street,124-01 124 STREET,124 STREET,ROCKAWAY BOULEVARD,SUTTER AVENUE,11420,South Ozone Park,QUEENS,10 QUEENS,40.67418775962115,-73.81391406822577
32559640,2016-01-29T09:12:00.000,Snow,15S Re-Plow/Spread/Ice-Snow Cond.,Street,,,,,10470,BRONX,BRONX,12 BRONX,40.90192441045376,-73.86559874629512
32559646,2016-01-29T10:33:00.000,Snow,15S Re-Plow/Spread/Ice-Snow Cond.,Street,,,,,11375,Forest Hills,QUEENS,06 QUEENS,40.71201119200227,-73.84993005974266
32559647,2016-01-29T15:14:00.000,Snow,15S Re-Plow/Spread/Ice-Snow Cond.,Street,150-76 15 DRIVE,15 DRIVE,150 PLACE,CROSS ISLAND PARKWAY,11357,Whitestone,QUEENS,07 QUEENS,40.78655902839835,-73.81100358686344
32559656,2016-01-29T08:52:00.000,Snow,15S Re-Plow/Spread/Ice-Snow Cond.,Street,90-27 83 AVENUE,83 AVENUE,WOODHAVEN BOULEVARD,DEAD END,11385,Ridgewood,QUEENS,06 QUEENS,40.70326139825743,-73.85461674049812
32559658,2016-01-29T10:06:00.000,Snow,15S Re-Plow/Spread/Ice-Snow Cond.,Street,5 CHESHIRE PLACE,CHESHIRE PLACE,EAST CHESHIRE PLACE,MELROSE AVENUE,10301,STATEN ISLAND,STATEN ISLAND,01 STATEN ISLAND,40.62054184014566,-74.1020671922988
32559660,2016-01-29T12:34:00.000,Snow,15S Re-Plow/Spread/Ice-Snow Cond.,Street,,,,,10310,STATEN ISLAND,STATEN ISLAND,01 STATEN ISLAND,40.634754967093194,-74.11316073083358
32559661,2016-01-29T11:53:00.000,Snow,15S Re-Plow/Spread/Ice-Snow Cond.,Street,186 WEED AVENUE,WEED AVENUE,CLAYBOARD STREET,EBBITTS STREET,10306,STATEN ISLAND,STATEN ISLAND,02 STATEN ISLAND,40.56336528962536,-74.10763758719656
32559662,2016-01-29T08:38:00.000,Snow,15S Re-Plow/Spread/Ice-Snow Cond.,Street,,,,,10457,BRONX,BRONX,04 BRONX,40.83899657567418,-73.91072366506086
32559724,2016-01-29T07:55:00.000,Snow,E9 Snow / Icy Sidewalk,Sidewalk,,,,,10310,STATEN ISLAND,STATEN ISLAND,01 STATEN ISLAND,40.63798634408235,-74.10954148859899
32559726,2016-01-29T16:07:00.000,Snow,E9 Snow / Icy Sidewalk,Sidewalk,1500 PELHAM PARKWAY SOUTH,PELHAM PARKWAY SOUTH,EASTCHESTER ROAD,BEND,10461,BRONX,BRONX,11 BRONX,40.85702580207499,-73.84312482474736
32559760,2016-01-29T20:02:00.000,Snow,E9 Snow / Icy Sidewalk,Sidewalk,,,,,11231,BROOKLYN,BROOKLYN,06 BROOKLYN,40.677354668400746,-74.0044560610794
32559761,2016-01-29T20:24:00.000,Snow,E9 Snow / Icy Sidewalk,Sidewalk,67 SIGNAL HILL ROAD,SIGNAL HILL ROAD,BEND,BEND,10301,STATEN ISLAND,STATEN ISLAND,01 STATEN ISLAND,40.6181179790247,-74.08911418767134
32559766,2016-01-29T18:34:00.000,Snow,E9 Snow / Icy Sidewalk,Sidewalk,,,,,11373,Elmhurst,QUEENS,04 QUEENS,40.73648244137719,-73.87427154712645
32559767,2016-01-29T16:27:00.000,Snow,E9 Snow / Icy Sidewalk,Sidewalk,60-03 MYRTLE AVENUE,MYRTLE AVENUE,60 STREET,NORMAN STREET,11385,Ridgewood,QUEENS,05 QUEENS,40.70052503961264,-73.89824313222859
32559770,2016-01-29T10:00:00.000,Snow,E9 Snow / Icy Sidewalk,Sidewalk,,,,,11207,BROOKLYN,BROOKLYN,04 BROOKLYN,40.68708020361939,-73.91389099302951
32559771,2016-01-29T10:05:00.000,Snow,E9 Snow / Icy Sidewalk,Sidewalk,,,,,10012,NEW YORK,MANHATTAN,02 MANHATTAN,40.727290096318995,-73.99363922134073
32559772,2016-01-29T07:31:00.000,Snow,E9 Snow / Icy Sidewalk,Sidewalk,240-34 HANFORD STREET,HANFORD STREET,51 AVENUE,,11362,Little Neck,QUEENS,11 QUEENS,40.76019254201101,-73.74273912704841
32559784,2016-01-29T17:35:00.000,Snow,E9 Snow / Icy Sidewalk,Sidewalk,675 MARCY AVENUE,MARCY AVENUE,DEKALB AVENUE,KOSCIUSZKO STREET,11216,BROOKLYN,BROOKLYN,03 BROOKLYN,40.69127838393211,-73.9483803894543
32559785,2016-01-29T16:40:00.000,Snow,E9 Snow / Icy Sidewalk,Sidewalk,40 WEST  135 STREET,WEST  135 STREET,LENOX TERRACE PLACE,LENOX AVENUE,10037,NEW YORK,MANHATTAN,10 MANHATTAN,40.813585542955316,-73.93964416903606
32559786,2016-01-29T11:21:00.000,Snow,E9 Snow / Icy Sidewalk,Sidewalk,3449 FORT HAMILTON PARKWAY,FORT HAMILTON PARKWAY,CHESTER AVENUE,36 STREET,11218,BROOKLYN,BROOKLYN,12 BROOKLYN,40.64551719525548,-73.98589587303174
32559790,2016-01-29T11:53:00.000,Snow,E9 Snow / Icy Sidewalk,Sidewalk,3416 BAILEY PLACE,BAILEY PLACE,BEND,BEND,10463,BRONX,BRONX,08 BRONX,40.88079233751086,-73.90002126945093
32559791,2016-01-29T11:33:00.000,Snow,E9 Snow / Icy Sidewalk,Sidewalk,,,,,11378,Maspeth,QUEENS,05 QUEENS,40.72947445194359,-73.89562277879047
32559792,2016-01-29T11:41:00.000,Snow,E9 Snow / Icy Sidewalk,Sidewalk,68-17 54 AVENUE,54 AVENUE,68 STREET,JAY AVENUE,11378,Maspeth,QUEENS,05 QUEENS,40.72902246917421,-73.89662290973055
32560283,2016-01-29T11:29:00.000,Snow,15S Re-Plow/Spread/Ice-Snow Cond.,Street,,,,,11420,South Ozone Park,QUEENS,10 QUEENS,40.6736766469254,-73.81697256533013
32560284,2016-01-29T08:33:00.000,Snow,15S Re-Plow/Spread/Ice-Snow Cond.,Street,171-28 GLADWIN AVENUE,GLADWIN AVENUE,AUBURNDALE LANE,FRESH MEADOW LANE,11365,Fresh Meadows,QUEENS,07 QUEENS,40.749660850819225,-73.79619526277585
32560293,2016-01-29T07:03:00.000,Snow,15S Re-Plow/Spread/Ice-Snow Cond.,Street,1814 LINDEN STREET,LINDEN STREET,SENECA AVENUE,ONDERDONK AVENUE,11385,Ridgewood,QUEENS,05 QUEENS,40.70399507556226,-73.90884505293333
32560304,2016-01-29T12:33:00.000,Snow,15S Re-Plow/Spread/Ice-Snow Cond.,Street,2688 BROADWAY,BROADWAY,WEST 102 STREET,WEST 103 STREET,10025,NEW YORK,MANHATTAN,07 MANHATTAN,40.79888536652044,-73.96868922459977
32560305,2016-01-29T08:20:00.000,Snow,15S Re-Plow/Spread/Ice-Snow Cond.,Street,1478 DWIGHT PLACE,DWIGHT PLACE,MC DONOUGH PLACE,GRISWOLD AVENUE,10465,BRONX,BRONX,10 BRONX,40.84384365721464,-73.82454971742995
32560314,2016-01-29T08:50:00.000,Snow,15S Re-Plow/Spread/Ice-Snow Cond.,Street,90-29 83 AVENUE,83 AVENUE,WOODHAVEN BOULEVARD,DEAD END,11385,Ridgewood,QUEENS,06 QUEENS,40.70325862160528,-73.85459150012065
32560315,2016-01-29T08:21:00.000,Snow,15S Re-Plow/Spread/Ice-Snow Cond.,Street,,,,,11416,Ozone Park,QUEENS,09 QUEENS,40.68572147295761,-73.84760947344367
32560321,2016-01-29T12:14:00.000,Snow,15S Re-Plow/Spread/Ice-Snow Cond.,Street,4122 SNYDER AVENUE,SNYDER AVENUE,HOLY CROSS CEMETERY BOUNDARY,EAST 42 STREET,11203,BROOKLYN,BROOKLYN,17 BROOKLYN,40.64959402892168,-73.93838706889088
32560323,2016-01-29T23:08:00.000,Snow,15S Re-Plow/Spread/Ice-Snow Cond.,Street,,,,,,,QUEENS,11 QUEENS,,
32560324,2016-01-29T09:06:00.000,Snow,15S Re-Plow/Spread/Ice-Snow Cond.,Street,262-52 60 AVENUE,60 AVENUE,262 STREET,264 STREET,11362,Little Neck,QUEENS,11 QUEENS,40.7604554733391,-73.72012668533687
32560325,2016-01-29T13:14:00.000,Snow,15S Re-Plow/Spread/Ice-Snow Cond.,Street,,,,,11375,Forest Hills,QUEENS,06 QUEENS,40.719584033150895,-73.83977227669764
32560330,2016-01-29T09:56:00.000,Snow,15S Re-Plow/Spread/Ice-Snow Cond.,Street,211-02 33 ROAD,33 ROAD,211 STREET,212 STREET,11361,Bayside,QUEENS,11 QUEENS,40.77049880330839,-73.7768309330645
32560338,2016-01-29T19:06:00.000,Snow,15S Re-Plow/Spread/Ice-Snow Cond.,Street,476 BERGEN STREET,BERGEN STREET,5 AVENUE,BEND,11217,BROOKLYN,BROOKLYN,06 BROOKLYN,40.68094508648404,-73.97564898278068
32560339,2016-01-29T12:01:00.000,Snow,15S Re-Plow/Spread/Ice-Snow Cond.,Street,116 EAST  169 STREET,EAST  169 STREET,WALTON AVENUE,GRAND CONCOURSE,10452,BRONX,BRONX,04 BRONX,40.83696496246679,-73.91738315517325
32560340,2016-01-29T08:47:00.000,Snow,15S Re-Plow/Spread/Ice-Snow Cond.,Street,90-40 83 AVENUE,83 AVENUE,WOODHAVEN BOULEVARD,DEAD END,11385,Ridgewood,QUEENS,06 QUEENS,40.70321998067875,-73.8544220727387
32560441,2016-01-29T14:54:00.000,Snow,E9 Snow / Icy Sidewalk,Sidewalk,1274 UTICA AVENUE,UTICA AVENUE,AVENUE D,FOSTER AVENUE,11203,BROOKLYN,BROOKLYN,17 BROOKLYN,40.64135443517658,-73.92928197340926
32560451,2016-01-29T10:01:00.000,Snow,E9 Snow / Icy Sidewalk,Sidewalk,,,,,11233,BROOKLYN,BROOKLYN,03 BROOKLYN,40.6819714349451,-73.92886753636475
32560452,2016-01-29T09:57:00.000,Snow,E9 Snow / Icy Sidewalk,Sidewalk,,,,,11413,Springfield Gardens,QUEENS,13 QUEENS,40.66548664117398,-73.75136614112128
32560453,2016-01-29T08:13:00.000,Snow,E9 Snow / Icy Sidewalk,Sidewalk,150-38 25 AVENUE,25 AVENUE,150 STREET,MURRAY STREET,11357,Whitestone,QUEENS,07 QUEENS,40.775694801779665,-73.81404562810354
32560463,2016-01-29T06:38:00.000,Snow,E9 Snow / Icy Sidewalk,Sidewalk,1027 PUTNAM AVENUE,PUTNAM AVENUE,HOWARD AVENUE,BROADWAY,11221,BROOKLYN,BROOKLYN,03 BROOKLYN,40.68748266888521,-73.92009240908784
32560475,2016-01-29T20:48:00.000,Snow,E9 Snow / Icy Sidewalk,Sidewalk,172-19 EFFINGTON AVENUE,EFFINGTON AVENUE,AUBURNDALE LANE,FRESH MEADOW LANE,11358,Flushing,QUEENS,07 QUEENS,40.7500629392206,-73.79541084231047
32560479,2016-01-29T08:10:00.000,Snow,E9 Snow / Icy Sidewalk,Sidewalk,41-18 42 STREET,42 STREET,SKILLMAN AVENUE,43 AVENUE,11104,Sunnyside,QUEENS,02 QUEENS,40.74672950451361,-73.92178974787588
32560500,2016-01-29T08:23:00.000,Snow,E9 Snow / Icy Sidewalk,Sidewalk,53 WESTFIELD AVENUE,WESTFIELD AVENUE,KUNATH AVENUE,WINANT AVENUE,10309,STATEN ISLAND,STATEN ISLAND,03 STATEN ISLAND,40.54998842904498,-74.2172797099171
32560501,2016-01-29T09:36:00.000,Snow,E9 Snow / Icy Sidewalk,Sidewalk,172-02 HILLSIDE AVENUE,HILLSIDE AVENUE,172 STREET,173 STREET,11432,Jamaica,QUEENS,12 QUEENS,40.711755667365715,-73.79007809537161
32560502,2016-01-29T08:51:00.000,Snow,E9 Snow / Icy Sidewalk,Sidewalk,,,,,10451,BRONX,BRONX,04 BRONX,40.82497121794361,-73.92227590249128
32560546,2016-01-29T23:02:00.000,Snow,15I Street Condition Ice-Non Storm,Street,,,,,10312,STATEN ISLAND,STATEN ISLAND,03 STATEN ISLAND,40.52869648170399,-74.16849337471118
32561044,2016-01-29T17:37:00.000,Snow,15S Re-Plow/Spread/Ice-Snow Cond.,Street,150-13 90 STREET,90 STREET,SOUTH CONDUIT AVENUE,DEAD END,11414,Howard Beach,QUEENS,10 QUEENS,40.66912341394651,-73.84526463113056
32561046,2016-01-29T16:39:00.000,Snow,15S Re-Plow/Spread/Ice-Snow Cond.,Street,160 HEBERTON AVENUE,HEBERTON AVENUE,VREELAND STREET,NEW STREET,10302,STATEN ISLAND,STATEN ISLAND,01 STATEN ISLAND,40.63617885413176,-74.13181590947985
32561047,2016-01-29T15:15:00.000,Snow,15S Re-Plow/Spread/Ice-Snow Cond.,Street,1637 SUMMERFIELD STREET,SUMMERFIELD STREET,WYCKOFF AVENUE,CYPRESS AVENUE,11385,Ridgewood,QUEENS,05 QUEENS,40.69553256637427,-73.90170189743831
32561062,2016-01-29T21:41:00.000,Snow,15S Re-Plow/Spread/Ice-Snow Cond.,Street,,,,,10128,NEW YORK,MANHATTAN,08 MANHATTAN,40.78722638065172,-73.95416333061578
32561063,2016-01-29T16:48:00.000,Snow,15S Re-Plow/Spread/Ice-Snow Cond.,Street,1869 RICHMOND AVENUE,RICHMOND AVENUE,CARNEGIE AVENUE,SIGNS ROAD,10314,STATEN ISLAND,STATEN ISLAND,02 STATEN ISLAND,40.60205365405352,-74.16323713580239
32561064,2016-01-29T20:04:00.000,Snow,15S Re-Plow/Spread/Ice-Snow Cond.,Street,,,,,11217,BROOKLYN,BROOKLYN,06 BROOKLYN,40.680733490627055,-73.97450253959556
32561076,2016-01-29T07:49:00.000,Snow,15S Re-Plow/Spread/Ice-Snow Cond.,Street,454 WEST  128 STREET,WEST  128 STREET,CONVENT AVENUE,AMSTERDAM AVENUE,10027,NEW YORK,MANHATTAN,09 MANHATTAN,40.813817194145216,-73.95390658392878
32561078,2016-01-29T15:50:00.000,Snow,15S Re-Plow/Spread/Ice-Snow Cond.,Street,,,,,11105,Astoria,QUEENS,01 QUEENS,40.77963376842338,-73.91083575247735
32561082,2016-01-29T07:40:00.000,Snow,15S Re-Plow/Spread/Ice-Snow Cond.,Street,12 EBEY LANE,EBEY LANE,MYRNA LANE,LISA LANE,10312,STATEN ISLAND,STATEN ISLAND,03 STATEN ISLAND,40.54867674959048,-74.19732290041694
32561083,2016-01-29T05:22:00.000,Snow,15S Re-Plow/Spread/Ice-Snow Cond.,Street,,,,,11385,Ridgewood,QUEENS,05 QUEENS,40.70440436979672,-73.88201069831531
32561163,2016-01-29T19:23:00.000,Snow,E9 Snow / Icy Sidewalk,Sidewalk,,,,,11377,Woodside,QUEENS,02 QUEENS,40.74762362573958,-73.8965760002401
32561184,2016-01-29T16:18:00.000,Snow,E9 Snow / Icy Sidewalk,Sidewalk,,,,,,,BROOKLYN,18 BROOKLYN,,
32561187,2016-01-29T13:33:00.000,Snow,E9 Snow / Icy Sidewalk,Sidewalk,195 KENT AVENUE,KENT AVENUE,NORTH 3 STREET,METROPOLITAN AVENUE,11249,BROOKLYN,BROOKLYN,01 BROOKLYN,40.71779065667819,-73.96442367553155
32561196,2016-01-29T21:35:00.000,Snow,E9 Snow / Icy Sidewalk,Sidewalk,,,,,11418,Richmond Hill,QUEENS,09 QUEENS,40.70104238669134,-73.84121616766666
32561204,2016-01-29T13:31:00.000,Snow,E9 Snow / Icy Sidewalk,Sidewalk,211-35 34 ROAD,34 ROAD,211 STREET,213 STREET,11361,Bayside,QUEENS,11 QUEENS,40.769226739474774,-73.77618896770612
32561205,2016-01-29T11:07:00.000,Snow,E9 Snow / Icy Sidewalk,Sidewalk,94 KELVIN AVENUE,KELVIN AVENUE,O'GORMAN AVENUE,DURANT AVENUE,10306,STATEN ISLAND,STATEN ISLAND,03 STATEN ISLAND,40.554537122367904,-74.13449054031592
32561210,2016-01-29T22:09:00.000,Snow,E9 Snow / Icy Sidewalk,Sidewalk,1110 DECATUR STREET,DECATUR STREET,EVERGREEN AVENUE,CENTRAL AVENUE,11207,BROOKLYN,BROOKLYN,04 BROOKLYN,40.68723566619851,-73.90903743461573
32561211,2016-01-29T08:53:00.000,Snow,E9 Snow / Icy Sidewalk,Sidewalk,87-19 123 STREET,123 STREET,JAMAICA AVENUE,89 AVENUE,11418,Richmond Hill,QUEENS,09 QUEENS,40.6999790927644,-73.82713909065804
32561212,2016-01-29T06:26:00.000,Snow,E9 Snow / Icy Sidewalk,Sidewalk,346 VAN SICKLEN STREET,VAN SICKLEN STREET,LAMA COURT,GRAVESEND NECK ROAD,11223,BROOKLYN,BROOKLYN,15 BROOKLYN,40.59565624688228,-73.97520837948007
32561213,2016-01-29T01:08:00.000,Snow,E9 Snow / Icy Sidewalk,Sidewalk,50 WEBSTER AVENUE,WEBSTER AVENUE,47 STREET,MC DONALD AVENUE,11230,BROOKLYN,BROOKLYN,12 BROOKLYN,40.62954123402188,-73.97767441167113
32561219,2016-01-29T17:14:00.000,Snow,E9 Snow / Icy Sidewalk,Sidewalk,54 SAMPSON AVENUE,SAMPSON AVENUE,DEAD END,KATAN AVENUE,10308,STATEN ISLAND,STATEN ISLAND,03 STATEN ISLAND,40.55326613515105,-74.15010922918673
32561220,2016-01-29T16:10:00.000,Snow,E9 Snow / Icy Sidewalk,Sidewalk,1739 48 STREET,48 STREET,17 AVENUE,18 AVENUE,11204,BROOKLYN,BROOKLYN,12 BROOKLYN,40.62957486117361,-73.9815652585692
32561221,2016-01-29T09:40:00.000,Snow,E9 Snow / Icy Sidewalk,Sidewalk,110-12 68 AVENUE,68 AVENUE,110 STREET,112 STREET,11375,Forest Hills,QUEENS,06 QUEENS,40.727725210474894,-73.84392350198999
32561222,2016-01-29T08:05:00.000,Snow,E9 Snow / Icy Sidewalk,Sidewalk,1871 NOSTRAND AVENUE,NOSTRAND AVENUE,AVENUE D,NEWKIRK AVENUE,11226,BROOKLYN,BROOKLYN,17 BROOKLYN,40.640170629832774,-73.94841992562358
32561223,2016-01-29T07:28:00.000,Snow,E9 Snow / Icy Sidewalk,Sidewalk,135 POUCH TERRACE,POUCH TERRACE,WINDERMERE ROAD,OLGA PLACE,10305,STATEN ISLAND,STATEN ISLAND,02 STATEN ISLAND,40.60308026602035,-74.07624496938078
32561241,2016-01-29T11:34:00.000,Snow,E9 Snow / Icy Sidewalk,Sidewalk,513 AVENUE W,AVENUE W,EAST 5 STREET,OCEAN PARKWAY,11223,BROOKLYN,BROOKLYN,15 BROOKLYN,40.593210942812064,-73.96573948674465
32561761,2016-01-29T16:53:00.000,Snow,15S Re-Plow/Spread/Ice-Snow Cond.,Street,2498 DELANOY AVENUE,DELANOY AVENUE,WARING AVENUE,MACE AVENUE,10469,BRONX,BRONX,11 BRONX,40.862316153714524,-73.83424411180431
32561765,2016-01-29T14:29:00.000,Snow,15S Re-Plow/Spread/Ice-Snow Cond.,Street,1741 81 STREET,81 STREET,NEW UTRECHT AVENUE,18 AVENUE,11214,BROOKLYN,BROOKLYN,11 BROOKLYN,40.61070589351368,-74.00068791095772
32561766,2016-01-29T11:51:00.000,Snow,15S Re-Plow/Spread/Ice-Snow Cond.,Street,,,,,11208,BROOKLYN,BROOKLYN,05 BROOKLYN,40.68313297903798,-73.88258195551322
32561783,2016-01-29T14:12:00.000,Snow,15S Re-Plow/Spread/Ice-Snow Cond.,Street,,,,,11225,BROOKLYN,BROOKLYN,09 BROOKLYN,40.66510008632271,-73.94538002210363
32561785,2016-01-29T09:37:00.000,Snow,15S Re-Plow/Spread/Ice-Snow Cond.,Street,101-44 133 STREET,133 STREET,101 AVENUE,LIBERTY AVENUE,11419,South Richmond Hill,QUEENS,09 QUEENS,40.692185452134225,-73.81402610986162
32561789,2016-01-29T15:01:00.000,Snow,15S Re-Plow/Spread/Ice-Snow Cond.,Street,165 SUNSET AVENUE,SUNSET AVENUE,BIRCHARD AVENUE,WASHINGTON AVENUE,10314,STATEN ISLAND,STATEN ISLAND,02 STATEN ISLAND,40.602078540426035,-74.13565585158796
32561791,2016-01-29T10:03:00.000,Snow,15S Re-Plow/Spread/Ice-Snow Cond.,Street,,,,,10467,BRONX,BRONX,11 BRONX,40.8653624098831,-73.87041969185267
32561792,2016-01-29T10:48:00.000,Snow,15S Re-Plow/Spread/Ice-Snow Cond.,Street,,,,,10303,STATEN ISLAND,STATEN ISLAND,01 STATEN ISLAND,40.62604682697418,-74.15667809539852
32561793,2016-01-29T09:30:00.000,Snow,15S Re-Plow/Spread/Ice-Snow Cond.,Street,,,,,,,BRONX,09 BRONX,,
32561801,2016-01-29T17:52:00.000,Snow,15S Re-Plow/Spread/Ice-Snow Cond.,Street,217-06 48 AVENUE,48 AVENUE,217 STREET,SPRINGFIELD BOULEVARD,11364,Oakland Gardens,QUEENS,11 QUEENS,40.756237262294555,-73.7631770170811
32561808,2016-01-29T17:30:00.000,Snow,15S Re-Plow/Spread/Ice-Snow Cond.,Street,109-42 110 STREET,110 STREET,109 AVENUE,111 AVENUE,11420,South Ozone Park,QUEENS,10 QUEENS,40.67972669074692,-73.8298487387962
32561809,2016-01-29T11:46:00.000,Snow,15S Re-Plow/Spread/Ice-Snow Cond.,Street,458 QUENTIN ROAD,QUENTIN ROAD,EAST 4 STREET,EAST 5 STREET,11223,BROOKLYN,BROOKLYN,15 BROOKLYN,40.607031987686426,-73.96923658557334
32561848,2016-01-29T13:23:00.000,Snow,15S Re-Plow/Spread/Ice-Snow Cond.,Street,90-28 83 AVENUE,83 AVENUE,WOODHAVEN BOULEVARD,DEAD END,11385,Ridgewood,QUEENS,06 QUEENS,40.703242153036875,-73.85459153604192
32561854,2016-01-29T07:47:00.000,Snow,E9 Snow / Icy Sidewalk,Sidewalk,,,,,11356,College Point,QUEENS,07 QUEENS,40.78791487426499,-73.84195873791136
32561859,2016-01-29T14:51:00.000,Snow,E9 Snow / Icy Sidewalk,Sidewalk,,,,,10302,STATEN ISLAND,STATEN ISLAND,01 STATEN ISLAND,40.62381247592158,-74.14415831911452
32561860,2016-01-29T13:37:00.000,Snow,E9 Snow / Icy Sidewalk,Sidewalk,523 VANDERBILT AVENUE,VANDERBILT AVENUE,CLIFFSIDE AVENUE,ELLINGTON STREET,10304,STATEN ISLAND,STATEN ISLAND,01 STATEN ISLAND,40.61381887445874,-74.08651155234107
32561873,2016-01-29T21:14:00.000,Snow,E9 Snow / Icy Sidewalk,Sidewalk,117-31 199 STREET,199 STREET,LINDEN BOULEVARD,118 AVENUE,11412,Saint Albans,QUEENS,12 QUEENS,40.69376735859124,-73.75320077703864
32561874,2016-01-29T19:34:00.000,Snow,E9 Snow / Icy Sidewalk,Sidewalk,105-12 63 AVENUE,63 AVENUE,APEX PLACE,108 STREET,11375,Forest Hills,QUEENS,06 QUEENS,40.734502017203454,-73.8522428587939
32561875,2016-01-29T15:04:00.000,Snow,E9 Snow / Icy Sidewalk,Sidewalk,59-35 WOODBINE STREET,WOODBINE STREET,FOREST AVENUE,60 PLACE,11385,Ridgewood,QUEENS,05 QUEENS,40.706704015044096,-73.90198839667498
32561897,2016-01-29T22:11:00.000,Snow,E9 Snow / Icy Sidewalk,Sidewalk,,,,,11205,BROOKLYN,BROOKLYN,02 BROOKLYN,40.69156314671398,-73.96952212398185
32561899,2016-01-29T18:00:00.000,Snow,E9 Snow / Icy Sidewalk,Sidewalk,,,,,11427,Queens Village,QUEENS,13 QUEENS,40.73301898749372,-73.73889299960825
32561904,2016-01-29T11:25:00.000,Snow,E9 Snow / Icy Sidewalk,Sidewalk,82-14 215 STREET,215 STREET,82 AVENUE,85 AVENUE,11427,Queens Village,QUEENS,11 QUEENS,40.732052996674284,-73.75521307349321
32561906,2016-01-29T07:21:00.000,Snow,E9 Snow / Icy Sidewalk,Sidewalk,120-41 193 STREET,193 STREET,120 AVENUE,122 AVENUE,11412,Saint Albans,QUEENS,12 QUEENS,40.687170733260324,-73.75534178097216
32561907,2016-01-29T18:24:00.000,Snow,E9 Snow / Icy Sidewalk,Sidewalk,,,,,11432,Jamaica,QUEENS,12 QUEENS,40.70798052513147,-73.80185567072522
32561909,2016-01-29T16:07:00.000,Snow,E9 Snow / Icy Sidewalk,Sidewalk,102-47 95 STREET,95 STREET,101 AVENUE,103 AVENUE,11416,Ozone Park,QUEENS,09 QUEENS,40.6824976636794,-73.84448004596467
32561913,2016-01-29T09:05:00.000,Snow,E9 Snow / Icy Sidewalk,Sidewalk,1676 JEFFERSON AVENUE,JEFFERSON AVENUE,WYCKOFF AVENUE,CYPRESS AVENUE,11385,Ridgewood,QUEENS,05 QUEENS,40.699041326361126,-73.90612177967641
32561922,2016-01-29T08:11:00.000,Snow,E9 Snow / Icy Sidewalk,Sidewalk,73-07 57 ROAD,57 ROAD,73 STREET,LONG ISLAND EXPRESSWAY,11378,Maspeth,QUEENS,05 QUEENS,40.7276373771914,-73.88886796501812
32561966,2016-01-29T12:30:00.000,Snow,E9 Snow / Icy Sidewalk,Sidewalk,,,,,11377,Woodside,QUEENS,04 QUEENS,40.745203205620314,-73.89110866281385
32562483,2016-01-30T16:54:00.000,Snow,15S Re-Plow/Spread/Ice-Snow Cond.,Street,,,,,11421,Woodhaven,QUEENS,09 QUEENS,40.68988499527376,-73.85810757957361
32562484,2016-01-30T15:26:00.000,Snow,15S Re-Plow/Spread/Ice-Snow Cond.,Street,187-06 120 AVENUE,120 AVENUE,LONG ISLAND RAILROAD,FARMERS BOULEVARD,11412,Saint Albans,QUEENS,12 QUEENS,40.68613157598129,-73.762423613427
32562496,2016-01-30T13:17:00.000,Snow,15S Re-Plow/Spread/Ice-Snow Cond.,Street,223-41 105 AVENUE,105 AVENUE,223 STREET,225 STREET,11429,Queens Village,QUEENS,13 QUEENS,40.71009470077203,-73.73174712632233
32562497,2016-01-30T11:24:00.000,Snow,15S Re-Plow/Spread/Ice-Snow Cond.,Street,15-12 215 STREET,215 STREET,BEND,15 ROAD,11360,Bayside,QUEENS,07 QUEENS,40.787215504833334,-73.77888022265351
32562504,2016-01-30T18:33:00.000,Snow,15S Re-Plow/Spread/Ice-Snow Cond.,Street,,,,,11355,Flushing,QUEENS,07 QUEENS,40.75293871497004,-73.81273399880871
32562505,2016-01-30T10:31:00.000,Snow,15S Re-Plow/Spread/Ice-Snow Cond.,Street,,,,,11233,BROOKLYN,BROOKLYN,03 BROOKLYN,40.685612885787684,-73.92325322130928
32562507,2016-01-30T15:33:00.000,Snow,15S Re-Plow/Spread/Ice-Snow Cond.,Street,,,,,10463,BRONX,BRONX,Unspecified BRONX,40.88013419401072,-73.90393863117741
32562508,2016-01-30T11:50:00.000,Snow,15S Re-Plow/Spread/Ice-Snow Cond.,Street,2223 THIRD AVENUE,THIRD AVENUE,EAST 121 STREET,EAST 122 STREET,10035,NEW YORK,MANHATTAN,11 MANHATTAN,40.80123045427449,-73.93760740305332
32562526,2016-01-30T08:22:00.000,Snow,15S Re-Plow/Spread/Ice-Snow Cond.,Street,3296 GRISWOLD AVENUE,GRISWOLD AVENUE,BAY VIEW AVENUE,OUTLOOK AVENUE,10465,BRONX,BRONX,10 BRONX,40.844855257539926,-73.81671844777513
32562527,2016-01-30T07:18:00.000,Snow,15S Re-Plow/Spread/Ice-Snow Cond.,Street,59 CONRAD AVENUE,CONRAD AVENUE,FANELLI LANE,GREENWAY AVENUE,10314,STATEN ISLAND,STATEN ISLAND,02 STATEN ISLAND,40.59008565705656,-74.14748080220072
32562529,2016-01-30T11:10:00.000,Snow,15I Street Condition Ice-Non Storm,Street,,,,,10314,STATEN ISLAND,STATEN ISLAND,02 STATEN ISLAND,40.60593792144821,-74.11807457990594
32562532,2016-01-30T00:20:00.000,Snow,15S Re-Plow/Spread/Ice-Snow Cond.,Street,,,,,10014,NEW YORK,MANHATTAN,02 MANHATTAN,40.73222254276082,-74.00355407302783
32562596,2016-01-30T18:13:00.000,Snow,E9 Snow / Icy Sidewalk,Sidewalk,89-17 DESARC ROAD,DESARC ROAD,133 AVENUE,SITKA STREET,11417,Ozone Park,QUEENS,10 QUEENS,40.674483929775405,-73.84728906314113
32562597,2016-01-30T16:37:00.000,Snow,E9 Snow / Icy Sidewalk,Sidewalk,43 DALTON AVENUE,DALTON AVENUE,MORLEY AVENUE,BISHOP STREET,10306,STATEN ISLAND,STATEN ISLAND,03 STATEN ISLAND,40.57447604771686,-74.1266941874167
32562598,2016-01-30T11:32:00.000,Snow,E9 Snow / Icy Sidewalk,Sidewalk,20-62 33 STREET,33 STREET,20 ROAD,21 AVENUE,11105,Astoria,QUEENS,01 QUEENS,40.77775310570336,-73.90671489125769
32562622,2016-01-30T08:24:00.000,Snow,E9 Snow / Icy Sidewalk,Sidewalk,2285 EAST    7 STREET,EAST    7 STREET,AVENUE V,GRAVESEND NECK ROAD,11223,BROOKLYN,BROOKLYN,15 BROOKLYN,40.59479674463248,-73.96349179246597
32562647,2016-01-30T15:25:00.000,Snow,E9 Snow / Icy Sidewalk,Sidewalk,170-16 77 ROAD,77 ROAD,170 STREET,171 STREET,11366,Fresh Meadows,QUEENS,08 QUEENS,40.72495676138649,-73.79860506704624
32562648,2016-01-30T14:10:00.000,Snow,E9 Snow / Icy Sidewalk,Sidewalk,62-96 AUSTIN STREET,AUSTIN STREET,62 AVENUE,63 AVENUE,11374,Rego Park,QUEENS,06 QUEENS,40.72882587631486,-73.86808020549881
32562659,2016-01-30T16:30:00.000,Snow,E9 Snow / Icy Sidewalk,Sidewalk,74-10 GRAND AVENUE,GRAND AVENUE,74 STREET,LONG ISLAND RAILROAD,11373,Elmhurst,QUEENS,05 QUEENS,40.730246080548284,-73.8872616216357
32562662,2016-01-30T13:23:00.000,Snow,E9 Snow / Icy Sidewalk,Sidewalk,,,,,11362,Little Neck,QUEENS,11 QUEENS,40.76144668878706,-73.73777803445849
32562663,2016-01-30T13:06:00.000,Snow,E9 Snow / Icy Sidewalk,Sidewalk,,,,,10014,NEW YORK,MANHATTAN,02 MANHATTAN,40.731893164730316,-74.00378858703887
32562669,2016-01-30T09:38:00.000,Snow,E9 Snow / Icy Sidewalk,Sidewalk,28 CRANFORD STREET,CRANFORD STREET,AMBOY ROAD,O'GORMAN AVENUE,10308,STATEN ISLAND,STATEN ISLAND,03 STATEN ISLAND,40.55300927444367,-74.14052218704812
32563429,2016-01-30T11:20:00.000,Snow,E9 Snow / Icy Sidewalk,Sidewalk,177 VANDERBILT AVENUE,VANDERBILT AVENUE,MYRTLE AVENUE,WILLOUGHBY AVENUE,11205,BROOKLYN,BROOKLYN,02 BROOKLYN,40.692573271187506,-73.9697091768712
32563448,2016-01-30T16:34:00.000,Snow,15S Re-Plow/Spread/Ice-Snow Cond.,Street,,,,,10012,NEW YORK,MANHATTAN,02 MANHATTAN,40.72728752552111,-74.00063138753345
32563453,2016-01-30T21:24:00.000,Snow,15S Re-Plow/Spread/Ice-Snow Cond.,Street,233 CARLYLE GREEN,CARLYLE GREEN,POETS CIRCLE,BEND,10312,STATEN ISLAND,STATEN ISLAND,03 STATEN ISLAND,40.555986476426334,-74.19875157560763
32563454,2016-01-30T18:39:00.000,Snow,15S Re-Plow/Spread/Ice-Snow Cond.,Street,,,,,11102,Astoria,QUEENS,01 QUEENS,40.7749326711587,-73.91914261380674
32563455,2016-01-30T13:51:00.000,Snow,15S Re-Plow/Spread/Ice-Snow Cond.,Street,85-75 144 STREET,144 STREET,85 DRIVE,87 AVENUE,11435,Jamaica,QUEENS,08 QUEENS,40.7080034738589,-73.81227231171805
32563466,2016-01-30T13:16:00.000,Snow,15S Re-Plow/Spread/Ice-Snow Cond.,Street,,,,,10014,NEW YORK,MANHATTAN,02 MANHATTAN,40.732425525878114,-74.0065019889436
32563469,2016-01-30T10:38:00.000,Snow,15S Re-Plow/Spread/Ice-Snow Cond.,Street,75-22 66 DRIVE,66 DRIVE,BEND,GRAY STREET,11379,Middle Village,QUEENS,05 QUEENS,40.7138467794931,-73.87716032932181
32563539,2016-01-30T18:04:00.000,Snow,E9 Snow / Icy Sidewalk,Sidewalk,71-05 167 STREET,167 STREET,71 AVENUE,73 AVENUE,11365,Fresh Meadows,QUEENS,08 QUEENS,40.73022768611582,-73.80233795003274
32563540,2016-01-30T17:54:00.000,Snow,E9 Snow / Icy Sidewalk,Sidewalk,,,,,11355,Flushing,QUEENS,07 QUEENS,40.757523240223996,-73.82913384300858
32563541,2016-01-30T12:05:00.000,Snow,E9 Snow / Icy Sidewalk,Sidewalk,2140 FOREST AVENUE,FOREST AVENUE,HARBOR ROAD,AMITY PLACE,10303,STATEN ISLAND,STATEN ISLAND,01 STATEN ISLAND,40.62654894726577,-74.16078250901406
32563586,2016-01-30T12:46:00.000,Snow,E9 Snow / Icy Sidewalk,Sidewalk,201 BAY   23 STREET,BAY   23 STREET,BATH AVENUE,CROPSEY AVENUE,11214,BROOKLYN,BROOKLYN,11 BROOKLYN,40.60107710968371,-74.003118560088
32563589,2016-01-30T09:44:00.000,Snow,E9 Snow / Icy Sidewalk,Sidewalk,,,,,10011,NEW YORK,MANHATTAN,04 MANHATTAN,40.742811802044635,-73.99657888656024
32563614,2016-01-30T19:54:00.000,Snow,E9 Snow / Icy Sidewalk,Sidewalk,1801 SOUTH AVENUE,SOUTH AVENUE,BEND,SPENCER STREET,10314,STATEN ISLAND,STATEN ISLAND,02 STATEN ISLAND,40.6016812276344,-74.19280165594766
32563617,2016-01-30T18:11:00.000,Snow,E9 Snow / Icy Sidewalk,Sidewalk,89-15 DESARC ROAD,DESARC ROAD,133 AVENUE,SITKA STREET,11417,Ozone Park,QUEENS,10 QUEENS,40.67449494235147,-73.84731427347322
32563618,2016-01-30T15:07:00.000,Snow,E9 Snow / Icy Sidewalk,Sidewalk,,,,,11354,Flushing,QUEENS,07 QUEENS,40.769096230184054,-73.83366022385192
32563619,2016-01-30T12:18:00.000,Snow,E9 Snow / Icy Sidewalk,Sidewalk,,,,,11224,BROOKLYN,BROOKLYN,13 BROOKLYN,40.57905178347904,-73.98414954731115
32563624,2016-01-30T14:23:00.000,Snow,E9 Snow / Icy Sidewalk,Sidewalk,165-11 71 AVENUE,71 AVENUE,165 STREET,166 STREET,11365,Fresh Meadows,QUEENS,08 QUEENS,40.730480196989134,-73.80393920218691
32564409,2016-01-30T12:25:00.000,Snow,15S Re-Plow/Spread/Ice-Snow Cond.,Street,294 DONGAN HILLS AVENUE,DONGAN HILLS AVENUE,HYLAN BOULEVARD,DEAD END,10305,STATEN ISLAND,STATEN ISLAND,02 STATEN ISLAND,40.58420840108843,-74.0930039597962
32564433,2016-01-30T19:26:00.000,Snow,15S Re-Plow/Spread/Ice-Snow Cond.,Street,276 KOSCIUSZKO STREET,KOSCIUSZKO STREET,TOMPKINS AVENUE,THROOP AVENUE,11221,BROOKLYN,BROOKLYN,03 BROOKLYN,40.69149576903955,-73.94369603662729
32564531,2016-01-30T14:09:00.000,Snow,E9 Snow / Icy Sidewalk,Sidewalk,62-94 AUSTIN STREET,AUSTIN STREET,62 AVENUE,63 AVENUE,11374,Rego Park,QUEENS,06 QUEENS,40.72882862520108,-73.86808380807331
32564532,2016-01-30T11:30:00.000,Snow,E9 Snow / Icy Sidewalk,Sidewalk,111 TOMPKINS CIRCLE,TOMPKINS CIRCLE,BEND,BEND,10301,STATEN ISLAND,STATEN ISLAND,01 STATEN ISLAND,40.63616024531887,-74.08065681098985
32564537,2016-01-30T13:57:00.000,Snow,E9 Snow / Icy Sidewalk,Sidewalk,100 WINTER STREET,WINTER STREET,DEAD END,CITY ISLAND AVENUE,10464,BRONX,BRONX,10 BRONX,40.84364093587094,-73.78578021134975
32564538,2016-01-30T10:56:00.000,Snow,E9 Snow / Icy Sidewalk,Sidewalk,2103 EAST   21 STREET,EAST   21 STREET,AVENUE T,AVENUE U,11229,BROOKLYN,BROOKLYN,15 BROOKLYN,40.60112695131457,-73.95067197433838
32564569,2016-01-30T13:37:00.000,Snow,E9 Snow / Icy Sidewalk,Sidewalk,27 BASCOM PLACE,BASCOM PLACE,COLLFIELD AVENUE,STEWART AVENUE,10314,STATEN ISLAND,STATEN ISLAND,02 STATEN ISLAND,40.60656036885172,-74.14499981059762
32565355,2016-01-30T21:35:00.000,Snow,15S Re-Plow/Spread/Ice-Snow Cond.,Street,,,,,11435,Jamaica,QUEENS,12 QUEENS,40.68950985224116,-73.80442747301724
32565375,2016-01-30T09:32:00.000,Snow,15S Re-Plow/Spread/Ice-Snow Cond.,Street,3 EUGENE STREET,EUGENE STREET,AMBOY ROAD,ADELPHI AVENUE,10309,STATEN ISLAND,STATEN ISLAND,03 STATEN ISLAND,40.51730281451325,-74.23146279807855
32565387,2016-01-30T07:22:00.000,Snow,15S Re-Plow/Spread/Ice-Snow Cond.,Street,,,,,11414,Howard Beach,QUEENS,10 QUEENS,40.67307150167232,-73.85892563524439
32565394,2016-01-30T16:48:00.000,Snow,15S Re-Plow/Spread/Ice-Snow Cond.,Street,,,,,10001,NEW YORK,MANHATTAN,05 MANHATTAN,40.74727709248337,-73.98961687437192
32565408,2016-01-30T04:38:00.000,Snow,15S Re-Plow/Spread/Ice-Snow Cond.,Street,,,,,11207,BROOKLYN,BROOKLYN,18 BROOKLYN,40.651352863550684,-73.89274301312447
32565421,2016-01-30T09:55:00.000,Snow,15S Re-Plow/Spread/Ice-Snow Cond.,Street,,,,,11372,Jackson Heights,QUEENS,03 QUEENS,40.754220055392025,-73.88038847067936
32565481,2016-01-30T11:54:00.000,Snow,E9 Snow / Icy Sidewalk,Sidewalk,1 TELEPORT DRIVE,TELEPORT DRIVE,UNNAMED STREET,BEND,10314,STATEN ISLAND,STATEN ISLAND,02 STATEN ISLAND,40.60709561619563,-74.17818103461035
32565494,2016-01-30T17:48:00.000,Snow,E9 Snow / Icy Sidewalk,Sidewalk,145-10 22 AVENUE,22 AVENUE,PARSONS BOULEVARD,LEE STREET,11357,Whitestone,QUEENS,07 QUEENS,40.779534897842744,-73.82288489511052
32565574,2016-01-30T09:46:00.000,Snow,E9 Snow / Icy Sidewalk,Sidewalk,428 TOMPKINS AVENUE,TOMPKINS AVENUE,HALSEY STREET,MACON STREET,11216,BROOKLYN,BROOKLYN,03 BROOKLYN,40.68239686965536,-73.94373256303341
32566374,2016-01-30T15:24:00.000,Snow,15S Re-Plow/Spread/Ice-Snow Cond.,Street,128 EAST   36 STREET,EAST   36 STREET,PARK AVENUE,LEXINGTON AVENUE,10016,NEW YORK,MANHATTAN,06 MANHATTAN,40.74785208110925,-73.97920830606756
32566471,2016-01-30T22:31:00.000,Snow,E9 Snow / Icy Sidewalk,Sidewalk,37-31 BROOKSIDE STREET,BROOKSIDE STREET,37 AVENUE,38 AVENUE,11363,Little Neck,QUEENS,11 QUEENS,40.77552733916105,-73.74391108473088
32566489,2016-01-30T18:05:00.000,Snow,E9 Snow / Icy Sidewalk,Sidewalk,87-80 96 STREET,96 STREET,JAMAICA AVENUE,89 AVENUE,11421,Woodhaven,QUEENS,09 QUEENS,40.69392512633495,-73.84933248328358
32566499,2016-01-30T13:02:00.000,Snow,E9 Snow / Icy Sidewalk,Sidewalk,87-33 81 AVENUE,81 AVENUE,MYRTLE AVENUE,88 STREET,11385,Ridgewood,QUEENS,05 QUEENS,40.70357913288635,-73.86074374659994
32566505,2016-01-30T09:28:00.000,Snow,E9 Snow / Icy Sidewalk,Sidewalk,254 CHESTERTON AVENUE,CHESTERTON AVENUE,HYLAN BOULEVARD,PENDALE STREET,10306,STATEN ISLAND,STATEN ISLAND,03 STATEN ISLAND,40.557620556476884,-74.12634913123526
32566506,2016-01-30T09:12:00.000,Snow,E9 Snow / Icy Sidewalk,Sidewalk,3171 MILES AVENUE,MILES AVENUE,BLAIR AVENUE,LONGSTREET AVENUE,10465,BRONX,BRONX,10 BRONX,40.82178229511572,-73.80776018524384
32566507,2016-01-30T08:28:00.000,Snow,E9 Snow / Icy Sidewalk,Sidewalk,729 GRAVESEND NECK ROAD,GRAVESEND NECK ROAD,EAST 7 STREET,EAST 8 STREET,11223,BROOKLYN,BROOKLYN,15 BROOKLYN,40.59428880606724,-73.96302037286067
32566523,2016-01-30T08:49:00.000,Snow,E9 Snow / Icy Sidewalk,Sidewalk,1740 HYLAN BOULEVARD,HYLAN BOULEVARD,SEAVIEW AVENUE,LIBERTY AVENUE,10305,STATEN ISLAND,STATEN ISLAND,02 STATEN ISLAND,40.58680043314608,-74.09183745884383
32566538,2016-01-30T22:13:00.000,Snow,E9 Snow / Icy Sidewalk,Sidewalk,,,,,10312,STATEN ISLAND,STATEN ISLAND,03 STATEN ISLAND,40.54632638115621,-74.17223674217186
32566543,2016-01-30T16:35:00.000,Snow,E9 Snow / Icy Sidewalk,Sidewalk,23 POWERS STREET,POWERS STREET,HOPE STREET,LORIMER STREET,11211,BROOKLYN,BROOKLYN,01 BROOKLYN,40.71179085350682,-73.95026904802373
32566704,2016-01-30T20:07:00.000,Snow,15I Street Condition Ice-Non Storm,Street,,,,,11361,Bayside,QUEENS,11 QUEENS,40.76879764903543,-73.7858187833251
32567302,2016-01-30T16:35:00.000,Snow,15S Re-Plow/Spread/Ice-Snow Cond.,Street,,,,,10001,NEW YORK,MANHATTAN,05 MANHATTAN,40.74978835571634,-73.98776859948752
32567318,2016-01-30T12:45:00.000,Snow,15S Re-Plow/Spread/Ice-Snow Cond.,Street,59-10 59 ROAD,59 ROAD,59 STREET,60 STREET,11378,Maspeth,QUEENS,05 QUEENS,40.7180693444257,-73.90773996694512
32567328,2016-01-30T11:23:00.000,Snow,15S Re-Plow/Spread/Ice-Snow Cond.,Street,861 KINSELLA STREET,KINSELLA STREET,MATTHEWS AVENUE,BRONXDALE AVENUE,10462,BRONX,BRONX,11 BRONX,40.84566552278128,-73.8602547409265
32567340,2016-01-30T16:30:00.000,Snow,15S Re-Plow/Spread/Ice-Snow Cond.,Street,,,,,11423,Hollis,QUEENS,12 QUEENS,40.712846564070404,-73.77615824355155
32567347,2016-01-30T14:40:00.000,Snow,15S Re-Plow/Spread/Ice-Snow Cond.,Street,,,,,10309,STATEN ISLAND,STATEN ISLAND,03 STATEN ISLAND,40.55057520645604,-74.21468717317676
32567422,2016-01-30T17:25:00.000,Snow,E9 Snow / Icy Sidewalk,Sidewalk,2995 CONEY ISLAND AVENUE,CONEY ISLAND AVENUE,GUIDER AVENUE,BRIGHTON 8 COURT,11235,BROOKLYN,BROOKLYN,13 BROOKLYN,40.58314940303288,-73.96002762228798
32567427,2016-01-30T22:48:00.000,Snow,E9 Snow / Icy Sidewalk,Sidewalk,302 EAST   95 STREET,EAST   95 STREET,2 AVENUE,1 AVENUE,10128,NEW YORK,MANHATTAN,08 MANHATTAN,40.78339998692637,-73.94720040387674
32567466,2016-01-30T16:46:00.000,Snow,E9 Snow / Icy Sidewalk,Sidewalk,124 EVERGREEN AVENUE,EVERGREEN AVENUE,SOUTH RAILROAD AVENUE,ADELE STREET,10305,STATEN ISLAND,STATEN ISLAND,02 STATEN ISLAND,40.59194643813135,-74.0889820446737
32567470,2016-01-30T17:23:00.000,Snow,E9 Snow / Icy Sidewalk,Sidewalk,34-28 214 PLACE,214 PLACE,33 ROAD,34 AVENUE,11361,Bayside,QUEENS,11 QUEENS,40.77079922162434,-73.77185854594998
32567471,2016-01-30T11:35:00.000,Snow,E9 Snow / Icy Sidewalk,Sidewalk,97-17 QUEENS BOULEVARD,QUEENS BOULEVARD,64 AVENUE,64 ROAD,11374,Rego Park,QUEENS,06 QUEENS,40.72961616703223,-73.86091303550766
32567484,2016-01-30T20:35:00.000,Snow,E9 Snow / Icy Sidewalk,Sidewalk,511 THIRD AVENUE,THIRD AVENUE,11 STREET,12 STREET,11215,BROOKLYN,BROOKLYN,06 BROOKLYN,40.66978715834644,-73.99240464769917
32568296,2016-01-30T16:26:00.000,Snow,15S Re-Plow/Spread/Ice-Snow Cond.,Street,124 EVERGREEN AVENUE,EVERGREEN AVENUE,SOUTH RAILROAD AVENUE,ADELE STREET,10305,STATEN ISLAND,STATEN ISLAND,02 STATEN ISLAND,40.59194643813135,-74.0889820446737
32568317,2016-01-30T14:53:00.000,Snow,15S Re-Plow/Spread/Ice-Snow Cond.,Street,,,,,11418,Richmond Hill,QUEENS,09 QUEENS,40.68987335284005,-73.84281133606508
32568340,2016-01-30T13:30:00.000,Snow,15S Re-Plow/Spread/Ice-Snow Cond.,Street,,,,,11106,Astoria,QUEENS,01 QUEENS,40.762073235788534,-73.91868533923966
32568424,2016-01-30T13:19:00.000,Snow,E9 Snow / Icy Sidewalk,Sidewalk,,,,,,,BROOKLYN,16 BROOKLYN,,
32568428,2016-01-30T22:52:00.000,Snow,E9 Snow / Icy Sidewalk,Sidewalk,,,,,11364,Oakland Gardens,QUEENS,11 QUEENS,40.73708967800347,-73.75652609639043
32568478,2016-01-30T08:34:00.000,Snow,E9 Snow / Icy Sidewalk,Sidewalk,3060 CODDINGTON AVENUE,CODDINGTON AVENUE,MERRY AVENUE,HOLLYWOOD AVENUE,10461,BRONX,BRONX,10 BRONX,40.84128176008633,-73.82747306747972
32569319,2016-01-30T11:24:00.000,Snow,15S Re-Plow/Spread/Ice-Snow Cond.,Street,1074 LINCOLN PLACE,LINCOLN PLACE,KINGSTON AVENUE,ALBANY AVENUE,11213,BROOKLYN,BROOKLYN,08 BROOKLYN,40.670266282440195,-73.94088775936277
32569329,2016-01-30T17:10:00.000,Snow,15S Re-Plow/Spread/Ice-Snow Cond.,Street,,,,,11379,Middle Village,QUEENS,05 QUEENS,40.71272647727823,-73.87934110897481
32569392,2016-01-30T22:54:00.000,Snow,E9 Snow / Icy Sidewalk,Sidewalk,,,,,10304,STATEN ISLAND,STATEN ISLAND,01 STATEN ISLAND,40.62895033304775,-74.07972582833492
32569393,2016-01-30T17:04:00.000,Snow,E9 Snow / Icy Sidewalk,Sidewalk,,,,,11432,Jamaica,QUEENS,12 QUEENS,40.70798052513147,-73.80185567072522
32569408,2016-01-30T20:51:00.000,Snow,E9 Snow / Icy Sidewalk,Sidewalk,622 HENDRIX STREET,HENDRIX STREET,DUMONT AVENUE,LIVONIA AVENUE,11207,BROOKLYN,BROOKLYN,05 BROOKLYN,40.66638953236624,-73.88777687587753
32569409,2016-01-30T20:51:00.000,Snow,E9 Snow / Icy Sidewalk,Sidewalk,624 HENDRIX STREET,HENDRIX STREET,DUMONT AVENUE,LIVONIA AVENUE,11207,BROOKLYN,BROOKLYN,05 BROOKLYN,40.666353843252395,-73.88776972665167
32569410,2016-01-30T19:05:00.000,Snow,E9 Snow / Icy Sidewalk,Sidewalk,190-21 102 AVENUE,102 AVENUE,FARMERS BOULEVARD,191 STREET,11423,Hollis,QUEENS,12 QUEENS,40.7080644997119,-73.76751052654433
32569433,2016-01-30T12:51:00.000,Snow,E9 Snow / Icy Sidewalk,Sidewalk,1505 3 AVENUE,3 AVENUE,EAST 84 STREET,EAST 85 STREET,10028,NEW YORK,MANHATTAN,08 MANHATTAN,40.77799051366087,-73.9545813052616
32569434,2016-01-30T12:37:00.000,Snow,E9 Snow / Icy Sidewalk,Sidewalk,157 BRAISTED AVENUE,BRAISTED AVENUE,DENKER PLACE,NEHRING AVENUE,10314,STATEN ISLAND,STATEN ISLAND,02 STATEN ISLAND,40.59021416903364,-74.15413126157694
32569441,2016-01-30T15:04:00.000,Snow,E9 Snow / Icy Sidewalk,Sidewalk,112-22 37 AVENUE,37 AVENUE,112 STREET,113 STREET,11368,Corona,QUEENS,03 QUEENS,40.754493429019334,-73.85548668490851
32569463,2016-01-30T16:24:00.000,Snow,E9 Snow / Icy Sidewalk,Sidewalk,,,,,11420,South Ozone Park,QUEENS,10 QUEENS,40.665944025456334,-73.81661529838837
32569476,2016-01-30T12:09:00.000,Snow,E9 Snow / Icy Sidewalk,Sidewalk,254-01 NORTHERN BOULEVARD,NORTHERN BOULEVARD,WESTMORELAND STREET,254 STREET,11362,Little Neck,QUEENS,11 QUEENS,40.77140900826585,-73.73488303214359
32570189,2016-01-31T08:45:00.000,Snow,15S Re-Plow/Spread/Ice-Snow Cond.,Street,,,,,10301,STATEN ISLAND,STATEN ISLAND,01 STATEN ISLAND,40.637810517810465,-74.08727768680836
32570203,2016-01-31T09:15:00.000,Snow,E9 Snow / Icy Sidewalk,Sidewalk,187 LAFAYETTE AVENUE,LAFAYETTE AVENUE,ADELPHI STREET,CLERMONT AVENUE,11238,BROOKLYN,BROOKLYN,02 BROOKLYN,40.68773431796325,-73.9699998381735
32570212,2016-01-31T14:28:00.000,Snow,E9 Snow / Icy Sidewalk,Sidewalk,4 VISTA AVENUE,VISTA AVENUE,RICHMOND ROAD,OVERLOOK AVENUE,10304,STATEN ISLAND,STATEN ISLAND,02 STATEN ISLAND,40.596828180950006,-74.09400817899369
32570228,2016-01-31T19:11:00.000,Snow,E9 Snow / Icy Sidewalk,Sidewalk,34-01 126 STREET,126 STREET,34 AVENUE,35 AVENUE,11368,Corona,QUEENS,07 QUEENS,40.75963226252466,-73.84542616963829
32570726,2016-01-31T18:47:00.000,Snow,15S Re-Plow/Spread/Ice-Snow Cond.,Street,,,,,11377,Woodside,QUEENS,02 QUEENS,40.748357234104205,-73.90713139727163
32570745,2016-01-31T13:21:00.000,Snow,15S Re-Plow/Spread/Ice-Snow Cond.,Street,12 NUTLEY PLACE,NUTLEY PLACE,BEMENT AVENUE,OAKLAND AVENUE,10310,STATEN ISLAND,STATEN ISLAND,01 STATEN ISLAND,40.626405143350816,-74.11051316216647
32570760,2016-01-31T09:02:00.000,Snow,E9 Snow / Icy Sidewalk,Sidewalk,655 WEST  187 STREET,WEST  187 STREET,WADSWORTH AVENUE,BROADWAY,10033,NEW YORK,MANHATTAN,12 MANHATTAN,40.85374227585349,-73.93260226813558
32570788,2016-01-31T19:23:00.000,Snow,E9 Snow / Icy Sidewalk,Sidewalk,300 PROSPECT PLACE,PROSPECT PLACE,VANDERBILT AVENUE,UNDERHILL AVENUE,11238,BROOKLYN,BROOKLYN,08 BROOKLYN,40.67722920390407,-73.96683196944377
32570789,2016-01-31T18:09:00.000,Snow,E9 Snow / Icy Sidewalk,Sidewalk,86-20 75 STREET,75 STREET,JAMAICA AVENUE,87 AVENUE,11421,Woodhaven,QUEENS,09 QUEENS,40.69100383310902,-73.86642056515853
32570790,2016-01-31T21:38:00.000,Snow,E9 Snow / Icy Sidewalk,Sidewalk,945 EAST    8 STREET,EAST    8 STREET,AVENUE I,AVENUE J,11230,BROOKLYN,BROOKLYN,12 BROOKLYN,40.62605589786134,-73.96831639539168
32570810,2016-01-31T12:12:00.000,Snow,E9 Snow / Icy Sidewalk,Sidewalk,87-61 171 STREET,171 STREET,HILLSIDE AVENUE,88 AVENUE,11432,Jamaica,QUEENS,12 QUEENS,40.7109251430129,-73.79070473119192
32571324,2016-01-31T14:58:00.000,Snow,15S Re-Plow/Spread/Ice-Snow Cond.,Street,95-60 113 STREET,113 STREET,95 AVENUE,101 AVENUE,11419,South Richmond Hill,QUEENS,09 QUEENS,40.69067608192854,-73.83204206528937
32571327,2016-01-31T11:51:00.000,Snow,15S Re-Plow/Spread/Ice-Snow Cond.,Street,,,,,11432,Jamaica,QUEENS,12 QUEENS,40.70798052513147,-73.80185567072522
32571342,2016-01-31T08:40:00.000,Snow,15S Re-Plow/Spread/Ice-Snow Cond.,Street,209-80 18 AVENUE,18 AVENUE,CORPORAL KENNEDY STREET,BEND,11360,Bayside,QUEENS,07 QUEENS,40.7817931064903,-73.78385959722765
32571347,2016-01-31T10:41:00.000,Snow,15S Re-Plow/Spread/Ice-Snow Cond.,Street,164-21 109 ROAD,109 ROAD,DEAD END,167 STREET,11433,Jamaica,QUEENS,12 QUEENS,40.6953887194748,-73.7871617144694
32571376,2016-01-31T12:07:00.000,Snow,E9 Snow / Icy Sidewalk,Sidewalk,48 MESEROLE STREET,MESEROLE STREET,SOUTH 4 STREET,LORIMER STREET,11206,BROOKLYN,BROOKLYN,01 BROOKLYN,40.70755225019582,-73.94869961869823
32571377,2016-01-31T08:29:00.000,Snow,E9 Snow / Icy Sidewalk,Sidewalk,1164 72 STREET,72 STREET,11 AVENUE,12 AVENUE,11228,BROOKLYN,BROOKLYN,10 BROOKLYN,40.62387508020141,-74.00871405727908
32571390,2016-01-31T09:30:00.000,Snow,E9 Snow / Icy Sidewalk,Sidewalk,1701 8 AVENUE,8 AVENUE,17 STREET,18 STREET,11215,BROOKLYN,BROOKLYN,07 BROOKLYN,40.65950443387934,-73.98456294276906
32571399,2016-01-31T19:45:00.000,Snow,E9 Snow / Icy Sidewalk,Sidewalk,66-14 CLYDE STREET,CLYDE STREET,THORNTON PLACE,67 AVENUE,11374,Rego Park,QUEENS,06 QUEENS,40.72267322630347,-73.85748940286788
32571400,2016-01-31T19:46:00.000,Snow,E9 Snow / Icy Sidewalk,Sidewalk,66-69 THORNTON PLACE,THORNTON PLACE,CLYDE STREET,DARTMOUTH STREET,11374,Rego Park,QUEENS,06 QUEENS,40.72239888029723,-73.85759461191368
32571418,2016-01-31T10:04:00.000,Snow,E9 Snow / Icy Sidewalk,Sidewalk,72-27 60 AVENUE,60 AVENUE,72 STREET,74 STREET,11378,Maspeth,QUEENS,05 QUEENS,40.72386749404106,-73.8874997000809
32571453,2016-01-31T08:21:00.000,Snow,E9 Snow / Icy Sidewalk,Sidewalk,183-03 64 AVENUE,64 AVENUE,183 STREET,184 STREET,11365,Fresh Meadows,QUEENS,08 QUEENS,40.73796286359098,-73.79017595311782
32571558,2016-01-31T14:58:00.000,Snow,15I Street Condition Ice-Non Storm,Street,228-31 114 DRIVE,114 DRIVE,228 STREET,CROSS ISLAND PARKWAY,11411,Cambria Heights,QUEENS,13 QUEENS,40.70011871443145,-73.728779466626
32571985,2016-01-31T15:17:00.000,Snow,15S Re-Plow/Spread/Ice-Snow Cond.,Street,,,,,11362,Little Neck,QUEENS,11 QUEENS,40.75479792470396,-73.72443124793837
32571999,2016-01-31T09:51:00.000,Snow,E9 Snow / Icy Sidewalk,Sidewalk,29-10 204 STREET,204 STREET,29 AVENUE,BEND,11360,Bayside,QUEENS,11 QUEENS,40.77257880478735,-73.7867019998782
32572000,2016-01-31T09:29:00.000,Snow,E9 Snow / Icy Sidewalk,Sidewalk,437 39 STREET,39 STREET,4 AVENUE,5 AVENUE,11232,BROOKLYN,BROOKLYN,07 BROOKLYN,40.65205876092907,-74.00520397450292
32572007,2016-01-31T18:00:00.000,Snow,E9 Snow / Icy Sidewalk,Sidewalk,87-02 75 STREET,75 STREET,87 AVENUE,87 ROAD,11421,Woodhaven,QUEENS,09 QUEENS,40.69054258674494,-73.86631331086774
32572017,2016-01-31T15:33:00.000,Snow,E9 Snow / Icy Sidewalk,Sidewalk,30-08 36 AVENUE,36 AVENUE,30 STREET,31 STREET,11106,Astoria,QUEENS,01 QUEENS,40.7568741218866,-73.93039018139034
32572018,2016-01-31T12:48:00.000,Snow,E9 Snow / Icy Sidewalk,Sidewalk,149 ELM STREET,ELM STREET,RICHMOND TERRACE,HENDERSON AVENUE,10310,STATEN ISLAND,STATEN ISLAND,01 STATEN ISLAND,40.63869288234711,-74.11402855965201
32572030,2016-01-31T12:37:00.000,Snow,E9 Snow / Icy Sidewalk,Sidewalk,21-27 25 ROAD,25 ROAD,21 STREET,22 STREET,11102,Astoria,QUEENS,01 QUEENS,40.77395901658857,-73.92425259522088
32572047,2016-01-31T08:18:00.000,Snow,E9 Snow / Icy Sidewalk,Sidewalk,61-33 183 STREET,183 STREET,LONG ISLAND EXPRESSWAY,64 AVENUE,11365,Fresh Meadows,QUEENS,08 QUEENS,40.73885321124748,-73.79075051972167
32572053,2016-01-31T08:24:00.000,Snow,E9 Snow / Icy Sidewalk,Sidewalk,61-22 183 STREET,183 STREET,LONG ISLAND EXPRESSWAY,64 AVENUE,11365,Fresh Meadows,QUEENS,08 QUEENS,40.738949401848,-73.79081878047066
32572067,2016-01-31T09:43:00.000,Snow,E9 Snow / Icy Sidewalk,Sidewalk,187 DEKALB AVENUE,DEKALB AVENUE,CUMBERLAND STREET,CARLTON AVENUE,11205,BROOKLYN,BROOKLYN,02 BROOKLYN,40.68959584451046,-73.97228152866352
32572581,2016-01-31T20:59:00.000,Snow,15S Re-Plow/Spread/Ice-Snow Cond.,Street,,,,,11206,BROOKLYN,BROOKLYN,01 BROOKLYN,40.70665271548883,-73.95040633328112
32572585,2016-01-31T07:26:00.000,Snow,15S Re-Plow/Spread/Ice-Snow Cond.,Street,,,,,10473,BRONX,BRONX,09 BRONX,40.82577348982941,-73.85276284173763
32572601,2016-01-31T08:43:00.000,Snow,15S Re-Plow/Spread/Ice-Snow Cond.,Street,,,,,11360,Bayside,QUEENS,07 QUEENS,40.78205786214867,-73.78161636418032
32572606,2016-01-31T13:27:00.000,Snow,15S Re-Plow/Spread/Ice-Snow Cond.,Street,70-45 57 ROAD,57 ROAD,71 STREET,DEAD END,11378,Maspeth,QUEENS,05 QUEENS,40.727242066149444,-73.89167920104948
32572628,2016-01-31T13:09:00.000,Snow,E9 Snow / Icy Sidewalk,Sidewalk,850 GREENE AVENUE,GREENE AVENUE,LEWIS AVENUE,STUYVESANT AVENUE,11221,BROOKLYN,BROOKLYN,03 BROOKLYN,40.69032703466493,-73.93435045376374
32572630,2016-01-31T17:03:00.000,Snow,E9 Snow / Icy Sidewalk,Sidewalk,,,,,11357,Whitestone,QUEENS,07 QUEENS,40.789589165813794,-73.81953212898397
32572634,2016-01-31T15:57:00.000,Snow,E9 Snow / Icy Sidewalk,Sidewalk,35-05 214 PLACE,214 PLACE,35 AVENUE,36 AVENUE,11361,Bayside,QUEENS,11 QUEENS,40.769348321044475,-73.7710151146336
32572641,2016-01-31T15:48:00.000,Snow,E9 Snow / Icy Sidewalk,Sidewalk,46-05 PARSONS BOULEVARD,PARSONS BOULEVARD,46 AVENUE,JASMINE AVENUE,11355,Flushing,QUEENS,07 QUEENS,40.75405394076985,-73.81326144347786
32572650,2016-01-31T20:14:00.000,Snow,E9 Snow / Icy Sidewalk,Sidewalk,23 FOSTER AVENUE,FOSTER AVENUE,DEAD END,BOGERT AVENUE,10314,STATEN ISLAND,STATEN ISLAND,02 STATEN ISLAND,40.60046010536942,-74.11729066085812
32572651,2016-01-31T12:22:00.000,Snow,E9 Snow / Icy Sidewalk,Sidewalk,90-11 51 AVENUE,51 AVENUE,90 STREET,92 STREET,11373,Elmhurst,QUEENS,04 QUEENS,40.73958612917841,-73.87369553182077
32572652,2016-01-31T11:11:00.000,Snow,E9 Snow / Icy Sidewalk,Sidewalk,1625 EAST    4 STREET,EAST    4 STREET,AVENUE O,AVENUE P,11230,BROOKLYN,BROOKLYN,12 BROOKLYN,40.61075145477468,-73.97026133631645
32572655,2016-01-31T15:51:00.000,Snow,E9 Snow / Icy Sidewalk,Sidewalk,296 GOLD STREET,GOLD STREET,TILLARY STREET,JOHNSON STREET,11201,BROOKLYN,BROOKLYN,02 BROOKLYN,40.695353744716485,-73.98325280391427
32572656,2016-01-31T12:59:00.000,Snow,E9 Snow / Icy Sidewalk,Sidewalk,170-05 CEDARCROFT ROAD,CEDARCROFT ROAD,HOMELAWN STREET,KINGSTON PLACE,11432,Jamaica,QUEENS,08 QUEENS,40.71172175248644,-73.79256709873714
32573183,2016-01-31T15:44:00.000,Snow,15S Re-Plow/Spread/Ice-Snow Cond.,Street,,,,,11209,BROOKLYN,BROOKLYN,10 BROOKLYN,40.62870120368736,-74.02295936479943
32573196,2016-01-31T09:53:00.000,Snow,15S Re-Plow/Spread/Ice-Snow Cond.,Street,,,,,10465,BRONX,BRONX,10 BRONX,40.81472164471806,-73.81887511135292
32573203,2016-01-31T08:53:00.000,Snow,15S Re-Plow/Spread/Ice-Snow Cond.,Street,19-07 149 STREET,149 STREET,19 AVENUE,20 AVENUE,11357,Whitestone,QUEENS,07 QUEENS,40.78207808749472,-73.8168587512162
32573207,2016-01-31T23:16:00.000,Snow,15S Re-Plow/Spread/Ice-Snow Cond.,Street,,,,,,,QUEENS,06 QUEENS,,
32573227,2016-01-31T09:11:00.000,Snow,E9 Snow / Icy Sidewalk,Sidewalk,91-25 246 STREET,246 STREET,91 AVENUE,JAMAICA AVENUE,11426,Bellerose,QUEENS,13 QUEENS,40.7257671577552,-73.72240100587359
32573249,2016-01-31T16:03:00.000,Snow,E9 Snow / Icy Sidewalk,Sidewalk,446 KOSCIUSZKO STREET,KOSCIUSZKO STREET,LEWIS AVENUE,STUYVESANT AVENUE,11221,BROOKLYN,BROOKLYN,03 BROOKLYN,40.69237012489659,-73.93609376561345
32573272,2016-01-31T13:26:00.000,Snow,E9 Snow / Icy Sidewalk,Sidewalk,,,,,,,STATEN ISLAND,03 STATEN ISLAND,,
32573290,2016-01-31T19:41:00.000,Snow,E9 Snow / Icy Sidewalk,Sidewalk,66-12 CLYDE STREET,CLYDE STREET,THORNTON PLACE,67 AVENUE,11374,Rego Park,QUEENS,06 QUEENS,40.72267873367318,-73.85750382182727
32573752,2016-01-31T16:44:00.000,Snow,E9 Snow / Icy Sidewalk,Sidewalk,7101 BAY PARKWAY,BAY PARKWAY,AVENUE O,72 STREET,11204,BROOKLYN,BROOKLYN,11 BROOKLYN,40.61003798038457,-73.98537753634382
32573765,2016-01-31T10:17:00.000,Snow,15S Re-Plow/Spread/Ice-Snow Cond.,Street,187-10 UNION TURNPIKE,UNION TURNPIKE,187 STREET,188 STREET,11366,Fresh Meadows,QUEENS,08 QUEENS,40.728977518808755,-73.78185526147394
32573787,2016-01-31T13:34:00.000,Snow,15S Re-Plow/Spread/Ice-Snow Cond.,Street,,,,,11215,BROOKLYN,BROOKLYN,06 BROOKLYN,40.66854909936441,-73.99022391404343
32573799,2016-01-31T00:36:00.000,Snow,E9 Snow / Icy Sidewalk,Sidewalk,33-20 21 AVENUE,21 AVENUE,33 STREET,35 STREET,11105,Astoria,QUEENS,01 QUEENS,40.7767458259165,-73.9067632402752
32573812,2016-01-31T01:22:00.000,Snow,E9 Snow / Icy Sidewalk,Sidewalk,138 WEST  133 STREET,WEST  133 STREET,LENOX AVENUE,7 AVENUE,10030,NEW YORK,MANHATTAN,10 MANHATTAN,40.81344193576341,-73.94331470094536
32573814,2016-01-31T16:28:00.000,Snow,E9 Snow / Icy Sidewalk,Sidewalk,254-17 40 AVENUE,40 AVENUE,BEND,MORGAN STREET,11363,Little Neck,QUEENS,11 QUEENS,40.774269577711266,-73.73993716175926
32573821,2016-01-31T00:52:00.000,Snow,E9 Snow / Icy Sidewalk,Sidewalk,1812 WESTCHESTER AVENUE,WESTCHESTER AVENUE,BEACH AVENUE,TAYLOR AVENUE,10472,BRONX,BRONX,09 BRONX,40.832025393709785,-73.86579776296487
32573857,2016-01-31T11:03:00.000,Snow,E9 Snow / Icy Sidewalk,Sidewalk,16 BRIGHTON   10 LANE,BRIGHTON   10 LANE,CONEY ISLAND AVENUE,BRIGHTON 10 STREET,11235,BROOKLYN,BROOKLYN,13 BROOKLYN,40.58049224190565,-73.95947841272158
32574281,2016-01-31T13:39:00.000,Snow,15S Re-Plow/Spread/Ice-Snow Cond.,Street,172-83 HIGHLAND AVENUE,HIGHLAND AVENUE,AVA PLACE,DALNY ROAD,11432,Jamaica,QUEENS,08 QUEENS,40.713539053140686,-73.78818952292296
32574296,2016-01-31T16:15:00.000,Snow,15S Re-Plow/Spread/Ice-Snow Cond.,Street,,,,,10314,STATEN ISLAND,STATEN ISLAND,01 STATEN ISLAND,40.61706205006927,-74.14709375898002
32574301,2016-01-31T23:35:00.000,Snow,15S Re-Plow/Spread/Ice-Snow Cond.,Street,,,,,,,QUEENS,08 QUEENS,,
32574327,2016-01-31T09:27:00.000,Snow,E9 Snow / Icy Sidewalk,Sidewalk,431 CLEVELAND STREET,CLEVELAND STREET,GLENMORE AVENUE,PITKIN AVENUE,11208,BROOKLYN,BROOKLYN,05 BROOKLYN,40.6742005233393,-73.8843497408259
32574338,2016-01-31T11:09:00.000,Snow,E9 Snow / Icy Sidewalk,Sidewalk,72-42 137 STREET,137 STREET,72 ROAD,73 TERRACE,11367,Flushing,QUEENS,08 QUEENS,40.72375101387715,-73.82498493918635
32574350,2016-01-31T17:32:00.000,Snow,E9 Snow / Icy Sidewalk,Sidewalk,2201 SCHENECTADY AVENUE,SCHENECTADY AVENUE,AVENUE N,AVENUE O,11234,BROOKLYN,BROOKLYN,18 BROOKLYN,40.61799652245701,-73.92968853415775
32574354,2016-01-31T13:10:00.000,Snow,E9 Snow / Icy Sidewalk,Sidewalk,852 GREENE AVENUE,GREENE AVENUE,LEWIS AVENUE,STUYVESANT AVENUE,11221,BROOKLYN,BROOKLYN,03 BROOKLYN,40.69033248921641,-73.93428914758108
32574375,2016-01-31T08:19:00.000,Snow,E9 Snow / Icy Sidewalk,Sidewalk,61-29 183 STREET,183 STREET,LONG ISLAND EXPRESSWAY,64 AVENUE,11365,Fresh Meadows,QUEENS,08 QUEENS,40.73889441519163,-73.79076843315659
32575008,2016-02-01T21:13:00.000,Snow,E9 Snow / Icy Sidewalk,Sidewalk,1349 STADIUM AVENUE,STADIUM AVENUE,POLO PLACE,COUNTRY CLUB ROAD,10465,BRONX,BRONX,10 BRONX,40.840290338787035,-73.81991140151038
32575043,2016-02-01T12:23:00.000,Snow,15S Re-Plow/Spread/Ice-Snow Cond.,Street,,,,,11201,BROOKLYN,BROOKLYN,02 BROOKLYN,40.696131009997224,-73.98710407596151
32575074,2016-02-01T07:06:00.000,Snow,15S Re-Plow/Spread/Ice-Snow Cond.,Street,,,,,10314,STATEN ISLAND,STATEN ISLAND,02 STATEN ISLAND,40.60325642933932,-74.13765332660347
32575076,2016-02-01T12:02:00.000,Snow,15S Re-Plow/Spread/Ice-Snow Cond.,Street,117 HANOVER AVENUE,HANOVER AVENUE,TRENTON COURT,CIARCIA COURT,10309,STATEN ISLAND,STATEN ISLAND,03 STATEN ISLAND,40.51914470043811,-74.2007928699515
32575228,2016-02-01T09:30:00.000,Snow,E9 Snow / Icy Sidewalk,Sidewalk,184 RICHMOND TERRACE,RICHMOND TERRACE,STUYVESANT PLACE,NICHOLAS STREET,10301,STATEN ISLAND,STATEN ISLAND,01 STATEN ISLAND,40.646698427325006,-74.0792965890651
32575241,2016-02-01T15:12:00.000,Snow,E9 Snow / Icy Sidewalk,Sidewalk,65 WILLOUGHBY STREET,WILLOUGHBY STREET,LAWRENCE STREET,BRIDGE STREET,11201,BROOKLYN,BROOKLYN,02 BROOKLYN,40.69219764288435,-73.98612399655848
32575255,2016-02-01T19:21:00.000,Snow,E9 Snow / Icy Sidewalk,Sidewalk,98-18 ROCKAWAY BOULEVARD,ROCKAWAY BOULEVARD,98 STREET,99 STREET,11417,Ozone Park,QUEENS,10 QUEENS,40.68011822522858,-73.84067470552486
32575264,2016-02-01T11:06:00.000,Snow,E9 Snow / Icy Sidewalk,Sidewalk,210-15 41 AVENUE,41 AVENUE,210 STREET,211 STREET,11361,Bayside,QUEENS,11 QUEENS,40.76325648939042,-73.77456653024726
32575280,2016-02-01T11:06:00.000,Snow,E9 Snow / Icy Sidewalk,Sidewalk,79-04 256 STREET,256 STREET,UNION TURNPIKE,80 AVENUE,11004,Glen Oaks,QUEENS,13 QUEENS,40.74504504016184,-73.71509925244193
32576059,2016-02-01T11:55:00.000,Snow,15S Re-Plow/Spread/Ice-Snow Cond.,Street,,,,,11233,BROOKLYN,BROOKLYN,03 BROOKLYN,40.68225372077428,-73.91986792319923
32576072,2016-02-01T19:30:00.000,Snow,15S Re-Plow/Spread/Ice-Snow Cond.,Street,154 WILLOUGHBY AVENUE,WILLOUGHBY AVENUE,WASHINGTON AVENUE,HALL STREET,11205,BROOKLYN,BROOKLYN,02 BROOKLYN,40.69180920174808,-73.96604221261035
32576104,2016-02-01T12:42:00.000,Snow,15S Re-Plow/Spread/Ice-Snow Cond.,Street,,,,,11379,Middle Village,QUEENS,05 QUEENS,40.720419600453404,-73.86889050813963
32576105,2016-02-01T07:13:00.000,Snow,15S Re-Plow/Spread/Ice-Snow Cond.,Street,,,,,11434,Jamaica,QUEENS,12 QUEENS,40.67531363754143,-73.77713863216373
32576201,2016-02-01T03:32:00.000,Snow,E9 Snow / Icy Sidewalk,Sidewalk,,,,,11432,Jamaica,QUEENS,08 QUEENS,40.71357533852429,-73.80082902401446
32576217,2016-02-01T11:19:00.000,Snow,E9 Snow / Icy Sidewalk,Sidewalk,224-77 76 ROAD,76 ROAD,SPRINGFIELD BOULEVARD,226 STREET,11364,Oakland Gardens,QUEENS,11 QUEENS,40.73922775419567,-73.74881394433129
32576277,2016-02-01T06:24:00.000,Snow,E9 Snow / Icy Sidewalk,Sidewalk,2016 ARTHUR KILL ROAD,ARTHUR KILL ROAD,CODY PLACE,HUGUENOT AVENUE,10312,STATEN ISLAND,STATEN ISLAND,03 STATEN ISLAND,40.555919591018714,-74.2024724160587
32576289,2016-02-01T08:02:00.000,Snow,E9 Snow / Icy Sidewalk,Sidewalk,,,,,10312,STATEN ISLAND,STATEN ISLAND,03 STATEN ISLAND,40.540456309239104,-74.16779266133419
32577031,2016-02-01T11:45:00.000,Snow,15S Re-Plow/Spread/Ice-Snow Cond.,Street,,,,,11225,BROOKLYN,BROOKLYN,09 BROOKLYN,40.660611024380756,-73.94261197318197
32577062,2016-02-01T08:39:00.000,Snow,15S Re-Plow/Spread/Ice-Snow Cond.,Street,,,,,11385,Ridgewood,QUEENS,05 QUEENS,40.69262659123756,-73.89628628013318
32577183,2016-02-01T06:18:00.000,Snow,E9 Snow / Icy Sidewalk,Sidewalk,4 RUSSEK DRIVE,RUSSEK DRIVE,MIMOSA LANE,SUSSEX GREEN,10312,STATEN ISLAND,STATEN ISLAND,03 STATEN ISLAND,40.551360932613534,-74.20063419379457
32577214,2016-02-01T17:23:00.000,Snow,E9 Snow / Icy Sidewalk,Sidewalk,,,,,10465,BRONX,BRONX,10 BRONX,40.840875208653806,-73.82006883848008
32577221,2016-02-01T09:39:00.000,Snow,E9 Snow / Icy Sidewalk,Sidewalk,,,,,11691,Far Rockaway,QUEENS,14 QUEENS,40.595802719874655,-73.76760613476783
32577935,2016-02-01T06:52:00.000,Snow,15S Re-Plow/Spread/Ice-Snow Cond.,Street,,,,,11413,Springfield Gardens,QUEENS,13 QUEENS,40.656445333352245,-73.76442149187383
32578001,2016-02-01T12:24:00.000,Snow,15S Re-Plow/Spread/Ice-Snow Cond.,Street,1679 82 STREET,82 STREET,16 AVENUE,17 AVENUE,11214,BROOKLYN,BROOKLYN,11 BROOKLYN,40.61131794011961,-74.00320187669334
32578121,2016-02-01T09:52:00.000,Snow,E9 Snow / Icy Sidewalk,Sidewalk,1011 LAFAYETTE AVENUE,LAFAYETTE AVENUE,STUYVESANT AVENUE,MALCOLM X BOULEVARD,11221,BROOKLYN,BROOKLYN,03 BROOKLYN,40.69214255038076,-73.93173429584449
32578154,2016-02-01T20:21:00.000,Snow,E9 Snow / Icy Sidewalk,Sidewalk,,,,,10013,NEW YORK,MANHATTAN,02 MANHATTAN,40.724402629306745,-74.00603941130332
32578176,2016-02-01T14:32:00.000,Snow,E9 Snow / Icy Sidewalk,Sidewalk,85-27 56 AVENUE,56 AVENUE,DEAD END,VAN HORN STREET,11373,Elmhurst,QUEENS,04 QUEENS,40.73238013473786,-73.8778478052769
32578177,2016-02-01T13:09:00.000,Snow,E9 Snow / Icy Sidewalk,Sidewalk,1200 EAST   14 STREET,EAST   14 STREET,AVENUE L,LOCUST AVENUE,11230,BROOKLYN,BROOKLYN,14 BROOKLYN,40.62008934745657,-73.96138511833838
32578887,2016-02-01T16:47:00.000,Snow,15S Re-Plow/Spread/Ice-Snow Cond.,Street,,,,,11101,Long Island City,QUEENS,02 QUEENS,40.74434617935914,-73.92889837899675
32578904,2016-02-01T07:30:00.000,Snow,15S Re-Plow/Spread/Ice-Snow Cond.,Street,,,,,10312,STATEN ISLAND,STATEN ISLAND,03 STATEN ISLAND,40.556714441464116,-74.1711119300683
32578920,2016-02-01T19:23:00.000,Snow,15S Re-Plow/Spread/Ice-Snow Cond.,Street,125 HAWTHORNE STREET,HAWTHORNE STREET,BEDFORD AVENUE,ROGERS AVENUE,11225,BROOKLYN,BROOKLYN,09 BROOKLYN,40.65750974904958,-73.95578062126087
32578921,2016-02-01T10:25:00.000,Snow,15S Re-Plow/Spread/Ice-Snow Cond.,Street,,,,,11210,BROOKLYN,BROOKLYN,18 BROOKLYN,40.61971464149482,-73.94451663210798
32579091,2016-02-01T13:24:00.000,Snow,E9 Snow / Icy Sidewalk,Sidewalk,539 WEST  232 STREET,WEST  232 STREET,BEND,CAMBRIDGE AVENUE,10463,BRONX,BRONX,08 BRONX,40.88358859614819,-73.90928593112058
32579092,2016-02-01T13:29:00.000,Snow,E9 Snow / Icy Sidewalk,Sidewalk,,,,,10463,BRONX,BRONX,Unspecified BRONX,40.88349340500647,-73.9104035309877
32579801,2016-02-01T11:03:00.000,Snow,15S Re-Plow/Spread/Ice-Snow Cond.,Street,141-25 77 ROAD,77 ROAD,VLEIGH PLACE,MAIN STREET,11367,Flushing,QUEENS,08 QUEENS,40.72035870868063,-73.81979174428206
32579865,2016-02-01T10:30:00.000,Snow,15S Re-Plow/Spread/Ice-Snow Cond.,Street,,,,,11207,BROOKLYN,BROOKLYN,04 BROOKLYN,40.68684347985908,-73.90943820701864
32579894,2016-02-01T08:47:00.000,Snow,15S Re-Plow/Spread/Ice-Snow Cond.,Street,1615 58 STREET,58 STREET,16 AVENUE,DEAD END,11204,BROOKLYN,BROOKLYN,12 BROOKLYN,40.62581832483713,-73.99044271720791
32579905,2016-02-01T11:07:00.000,Snow,15S Re-Plow/Spread/Ice-Snow Cond.,Street,192 HART STREET,HART STREET,TOMPKINS AVENUE,THROOP AVENUE,11206,BROOKLYN,BROOKLYN,03 BROOKLYN,40.69369728415322,-73.9441269109433
32579914,2016-02-01T09:21:00.000,Snow,15S Re-Plow/Spread/Ice-Snow Cond.,Street,,,,,11373,Elmhurst,QUEENS,04 QUEENS,40.74249457281701,-73.88869522386507
32579936,2016-02-01T09:44:00.000,Snow,15S Re-Plow/Spread/Ice-Snow Cond.,Street,,,,,11216,BROOKLYN,BROOKLYN,03 BROOKLYN,40.68253700656361,-73.95000963464734
32580087,2016-02-01T13:55:00.000,Snow,E9 Snow / Icy Sidewalk,Sidewalk,,,,,10026,NEW YORK,MANHATTAN,10 MANHATTAN,40.802024093663604,-73.94968150946016
32580098,2016-02-01T10:04:00.000,Snow,E9 Snow / Icy Sidewalk,Sidewalk,115-98 PARK LN SOUTH,PARK LN SOUTH,BEND,BEND,11418,Richmond Hill,QUEENS,09 QUEENS,40.70679909965811,-73.83794549157922
32580809,2016-02-01T16:01:00.000,Snow,15S Re-Plow/Spread/Ice-Snow Cond.,Street,,,,,10310,STATEN ISLAND,STATEN ISLAND,01 STATEN ISLAND,40.634754967093194,-74.11316073083358
32580876,2016-02-01T10:32:00.000,Snow,15S Re-Plow/Spread/Ice-Snow Cond.,Street,,,,,10462,BRONX,BRONX,09 BRONX,40.83634817461425,-73.85220820328269
32580882,2016-02-01T09:48:00.000,Snow,E9 Snow / Icy Sidewalk,Sidewalk,,,,,10016,NEW YORK,MANHATTAN,05 MANHATTAN,40.7444983247252,-73.98110761354222
32580893,2016-02-01T17:01:00.000,Snow,15S Re-Plow/Spread/Ice-Snow Cond.,Street,,,,,11222,BROOKLYN,BROOKLYN,01 BROOKLYN,40.72875780270073,-73.94766583554198
32580927,2016-02-01T10:18:00.000,Snow,15S Re-Plow/Spread/Ice-Snow Cond.,Street,249 56 STREET,56 STREET,2 AVENUE,GOWANUS EXPRESSWAY EXIT 22 WB,11220,BROOKLYN,BROOKLYN,07 BROOKLYN,40.64511020160721,-74.01936512935198
32580928,2016-02-01T02:58:00.000,Snow,15S Re-Plow/Spread/Ice-Snow Cond.,Street,,,,,10462,BRONX,BRONX,11 BRONX,40.84665811698872,-73.85943941391014
32580970,2016-02-01T08:45:00.000,Snow,E9 Snow / Icy Sidewalk,Sidewalk,21 HAMPTON GREEN,HAMPTON GREEN,ARDEN AVENUE,BEND,10312,STATEN ISLAND,STATEN ISLAND,03 STATEN ISLAND,40.554540078695084,-74.19386395998447
32580987,2016-02-01T10:05:00.000,Snow,E9 Snow / Icy Sidewalk,Sidewalk,112 STEUBEN STREET,STEUBEN STREET,ODER AVENUE,BRITTON AVENUE,10304,STATEN ISLAND,STATEN ISLAND,01 STATEN ISLAND,40.61007041598844,-74.08526414429679
32581071,2016-02-01T12:24:00.000,Snow,E9 Snow / Icy Sidewalk,Sidewalk,241 DOVER GREEN,DOVER GREEN,BEND,BEND,10312,STATEN ISLAND,STATEN ISLAND,03 STATEN ISLAND,40.55817027072682,-74.19778639468905
32581094,2016-02-01T09:09:00.000,Snow,E9 Snow / Icy Sidewalk,Sidewalk,52-12 103 STREET,103 STREET,52 AVENUE,LEWIS AVENUE,11368,Corona,QUEENS,04 QUEENS,40.74167314099008,-73.85805502626262
32581750,2016-02-01T10:45:00.000,Snow,15S Re-Plow/Spread/Ice-Snow Cond.,Street,455 EAST  179 STREET,EAST  179 STREET,PARK AVENUE,WASHINGTON AVENUE,10457,BRONX,BRONX,06 BRONX,40.84987364647574,-73.89728090112318
32581782,2016-02-01T11:11:00.000,Snow,15S Re-Plow/Spread/Ice-Snow Cond.,Street,,,,,11206,BROOKLYN,BROOKLYN,03 BROOKLYN,40.69309011367243,-73.94295183799464
32581791,2016-02-01T09:11:00.000,Snow,15S Re-Plow/Spread/Ice-Snow Cond.,Street,3341 PEARSALL AVENUE,PEARSALL AVENUE,GIVAN AVENUE,BOSTON ROAD,10469,BRONX,BRONX,12 BRONX,40.87349706080916,-73.85165918629328
32581865,2016-02-01T15:02:00.000,Snow,15S Re-Plow/Spread/Ice-Snow Cond.,Street,839 EAST   10 STREET,EAST   10 STREET,DEAD END,AVENUE I,11230,BROOKLYN,BROOKLYN,12 BROOKLYN,40.62816347557782,-73.9668239307158
32581866,2016-02-01T07:33:00.000,Snow,15S Re-Plow/Spread/Ice-Snow Cond.,Street,,,,,10312,STATEN ISLAND,STATEN ISLAND,03 STATEN ISLAND,40.55743334916784,-74.17126851809587
32582884,2016-02-02T16:37:00.000,Snow,15S Re-Plow/Spread/Ice-Snow Cond.,Street,,,,,10301,STATEN ISLAND,STATEN ISLAND,01 STATEN ISLAND,40.612267052116316,-74.10426959508645
32582942,2016-02-02T09:17:00.000,Snow,15S Re-Plow/Spread/Ice-Snow Cond.,Street,43-10 94 STREET,94 STREET,43 AVENUE,44 AVENUE,11373,Elmhurst,QUEENS,04 QUEENS,40.744490556233075,-73.87081718688152
32583113,2016-02-02T09:42:00.000,Snow,E9 Snow / Icy Sidewalk,Sidewalk,112 EL CAMINO LOOP,EL CAMINO LOOP,BEND,DEAD END,,STATEN ISLAND,STATEN ISLAND,03 STATEN ISLAND,,
32584021,2016-02-02T14:34:00.000,Snow,15S Re-Plow/Spread/Ice-Snow Cond.,Street,,,,,11201,BROOKLYN,BROOKLYN,02 BROOKLYN,40.69521751674294,-73.99307971501706
32584248,2016-02-02T09:35:00.000,Snow,E9 Snow / Icy Sidewalk,Sidewalk,126 EL CAMINO LOOP,EL CAMINO LOOP,BEND,DEAD END,,STATEN ISLAND,STATEN ISLAND,03 STATEN ISLAND,,
32585108,2016-02-02T16:33:00.000,Snow,15S Re-Plow/Spread/Ice-Snow Cond.,Street,,,,,11365,Fresh Meadows,QUEENS,07 QUEENS,40.74193295150507,-73.79695147470842
32585325,2016-02-02T19:31:00.000,Snow,E9 Snow / Icy Sidewalk,Sidewalk,34 WEST   38 STREET,WEST   38 STREET,5 AVENUE,AVENUE OF THE AMERICAS,10018,NEW YORK,MANHATTAN,05 MANHATTAN,40.75147316384407,-73.9839641525394
32585358,2016-02-02T17:44:00.000,Snow,E9 Snow / Icy Sidewalk,Sidewalk,14 INNIS STREET,INNIS STREET,NICHOLAS AVENUE,ST JOSEPHS AVENUE,10302,STATEN ISLAND,STATEN ISLAND,01 STATEN ISLAND,40.63357032106797,-74.1418663572338
32585366,2016-02-02T09:07:00.000,Snow,E9 Snow / Icy Sidewalk,Sidewalk,,,,,11373,Elmhurst,QUEENS,04 QUEENS,40.733497309506575,-73.87036942449794
32585389,2016-02-02T08:11:00.000,Snow,E9 Snow / Icy Sidewalk,Sidewalk,55-26 VAN HORN STREET,VAN HORN STREET,55 AVENUE,55 ROAD,11373,Elmhurst,QUEENS,04 QUEENS,40.73348624666967,-73.87782412796275
32585404,2016-02-02T16:31:00.000,Snow,E9 Snow / Icy Sidewalk,Sidewalk,172-10 109 AVENUE,109 AVENUE,172 STREET,173 STREET,11433,Jamaica,QUEENS,12 QUEENS,40.69817694541874,-73.78250781603535
32585407,2016-02-02T09:36:00.000,Snow,E9 Snow / Icy Sidewalk,Sidewalk,132 EL CAMINO LOOP,EL CAMINO LOOP,BEND,DEAD END,,STATEN ISLAND,STATEN ISLAND,03 STATEN ISLAND,,
32586292,2016-02-02T17:50:00.000,Snow,15S Re-Plow/Spread/Ice-Snow Cond.,Street,97-17 94 STREET,94 STREET,97 AVENUE,101 AVENUE,11416,Ozone Park,QUEENS,09 QUEENS,40.68546602808065,-73.84747304170361
32586301,2016-02-02T10:07:00.000,Snow,15S Re-Plow/Spread/Ice-Snow Cond.,Street,1274 UTICA AVENUE,UTICA AVENUE,AVENUE D,FOSTER AVENUE,11203,BROOKLYN,BROOKLYN,17 BROOKLYN,40.64135443517658,-73.92928197340926
32587295,2016-02-02T20:27:00.000,Snow,15S Re-Plow/Spread/Ice-Snow Cond.,Street,,,,,11365,Fresh Meadows,QUEENS,07 QUEENS,40.742162732300706,-73.80443169997793
32587296,2016-02-02T13:00:00.000,Snow,15S Re-Plow/Spread/Ice-Snow Cond.,Street,458 EAST  134 STREET,EAST  134 STREET,WILLIS AVENUE,MAJOR DEEGAN EXPWY ET 1 SB,10454,BRONX,BRONX,01 BRONX,40.805788800796385,-73.92293043453348
32587370,2016-02-02T14:32:00.000,Snow,15S Re-Plow/Spread/Ice-Snow Cond.,Street,2 STEPHENS COURT,STEPHENS COURT,EAST 23 STREET,FLATBUSH AVENUE,11226,BROOKLYN,BROOKLYN,14 BROOKLYN,40.63847185674265,-73.95559506500486
32587371,2016-02-02T10:22:00.000,Snow,15S Re-Plow/Spread/Ice-Snow Cond.,Street,,,,,11233,BROOKLYN,BROOKLYN,03 BROOKLYN,40.684449843009695,-73.92030516888975
32587417,2016-02-02T10:02:00.000,Snow,15S Re-Plow/Spread/Ice-Snow Cond.,Street,1727 VAN BUREN STREET,VAN BUREN STREET,VAN NEST AVENUE,MORRIS PARK AVENUE,10460,BRONX,BRONX,11 BRONX,40.84162089367246,-73.87058520336993
32587573,2016-02-02T12:01:00.000,Snow,E9 Snow / Icy Sidewalk,Sidewalk,86-41 122 STREET,122 STREET,HILLSIDE AVENUE,JAMAICA AVENUE,11418,Richmond Hill,QUEENS,09 QUEENS,40.701394748396794,-73.82854196838849
32587594,2016-02-02T22:05:00.000,Snow,E9 Snow / Icy Sidewalk,Sidewalk,93 DELAFIELD PLACE,DELAFIELD PLACE,DAVIS AVENUE,DEAD END,10310,STATEN ISLAND,STATEN ISLAND,01 STATEN ISLAND,40.64345832445018,-74.11071797311975
32588500,2016-02-02T14:16:00.000,Snow,15S Re-Plow/Spread/Ice-Snow Cond.,Street,,,,,11357,Whitestone,QUEENS,07 QUEENS,40.78662738588188,-73.81084450210145
32588501,2016-02-02T12:31:00.000,Snow,15S Re-Plow/Spread/Ice-Snow Cond.,Street,1074 LINCOLN PLACE,LINCOLN PLACE,KINGSTON AVENUE,ALBANY AVENUE,11213,BROOKLYN,BROOKLYN,08 BROOKLYN,40.670266282440195,-73.94088775936277
32588553,2016-02-02T12:09:00.000,Snow,15S Re-Plow/Spread/Ice-Snow Cond.,Street,,,,,11215,BROOKLYN,BROOKLYN,07 BROOKLYN,40.65925633836895,-73.97801407905706
32588717,2016-02-02T18:34:00.000,Snow,E9 Snow / Icy Sidewalk,Sidewalk,,,,,11101,Long Island City,QUEENS,01 QUEENS,40.75378725624085,-73.9320212307947
32588744,2016-02-02T09:18:00.000,Snow,E9 Snow / Icy Sidewalk,Sidewalk,25 NORTH GANNON AVENUE,NORTH GANNON AVENUE,MANOR ROAD,ALEXANDRA PLACE,10314,STATEN ISLAND,STATEN ISLAND,01 STATEN ISLAND,40.60996018358865,-74.1222415318644
32588783,2016-02-02T09:33:00.000,Snow,E9 Snow / Icy Sidewalk,Sidewalk,116 EL CAMINO LOOP,EL CAMINO LOOP,BEND,DEAD END,,STATEN ISLAND,STATEN ISLAND,03 STATEN ISLAND,,
32589563,2016-02-02T09:48:00.000,Snow,15S Re-Plow/Spread/Ice-Snow Cond.,Street,800 FOUNTAIN AVENUE,FOUNTAIN AVENUE,OLD MILL ROAD,FLATLANDS AVENUE,11208,BROOKLYN,BROOKLYN,05 BROOKLYN,40.66099655639892,-73.86761241935555
32589863,2016-02-02T18:22:00.000,Snow,E9 Snow / Icy Sidewalk,Sidewalk,16-50 UTOPIA PARKWAY,UTOPIA PARKWAY,16 ROAD,17 AVENUE,11357,Whitestone,QUEENS,07 QUEENS,40.78300934534505,-73.794536864568
32590725,2016-02-02T16:39:00.000,Snow,15S Re-Plow/Spread/Ice-Snow Cond.,Street,,,,,10301,STATEN ISLAND,STATEN ISLAND,01 STATEN ISLAND,40.612267052116316,-74.10426959508645
32590811,2016-02-02T09:35:00.000,Snow,15S Re-Plow/Spread/Ice-Snow Cond.,Street,,,,,11220,BROOKLYN,BROOKLYN,10 BROOKLYN,40.639091720771845,-74.0285406319848
32590871,2016-02-02T07:10:00.000,Snow,15S Re-Plow/Spread/Ice-Snow Cond.,Street,1620 AVENUE I,AVENUE I,EAST 16 STREET,EAST 17 STREET,11230,BROOKLYN,BROOKLYN,14 BROOKLYN,40.627697652429525,-73.96063138687896
32590944,2016-02-02T13:03:00.000,Snow,E9 Snow / Icy Sidewalk,Sidewalk,130-08 14 AVENUE,14 AVENUE,130 STREET,131 STREET,11356,College Point,QUEENS,07 QUEENS,40.78593038443585,-73.83797316907479
32590983,2016-02-02T08:03:00.000,Snow,E9 Snow / Icy Sidewalk,Sidewalk,26 SUNNYSIDE COURT,SUNNYSIDE COURT,DEAD END,SUNNYSIDE AVENUE,11207,BROOKLYN,BROOKLYN,05 BROOKLYN,40.68313978980112,-73.8894577144557
32591046,2016-02-02T10:10:00.000,Snow,E9 Snow / Icy Sidewalk,Sidewalk,1274 UTICA AVENUE,UTICA AVENUE,AVENUE D,FOSTER AVENUE,11203,BROOKLYN,BROOKLYN,17 BROOKLYN,40.64135443517658,-73.92928197340926
32591744,2016-02-03T11:27:00.000,Snow,15S Re-Plow/Spread/Ice-Snow Cond.,Street,,,,,11233,BROOKLYN,BROOKLYN,03 BROOKLYN,40.67890536841816,-73.9163928196439
32591882,2016-02-03T21:04:00.000,Snow,E9 Snow / Icy Sidewalk,Sidewalk,,,,,11211,BROOKLYN,BROOKLYN,01 BROOKLYN,40.70656775697812,-73.95759837130802
32592554,2016-02-03T07:47:00.000,Snow,15S Re-Plow/Spread/Ice-Snow Cond.,Street,,,,,11233,BROOKLYN,BROOKLYN,03 BROOKLYN,40.67890536841816,-73.9163928196439
32592602,2016-02-03T10:01:00.000,Snow,15S Re-Plow/Spread/Ice-Snow Cond.,Street,158-16 59 AVENUE,59 AVENUE,PARSONS BOULEVARD,159 STREET,11365,Fresh Meadows,QUEENS,07 QUEENS,40.74058281613679,-73.80998645265744
32594104,2016-02-03T21:44:00.000,Snow,15S Re-Plow/Spread/Ice-Snow Cond.,Street,,,,,11237,BROOKLYN,BROOKLYN,01 BROOKLYN,40.7075773661958,-73.92883660564449
32594308,2016-02-03T11:45:00.000,Snow,E9 Snow / Icy Sidewalk,Sidewalk,94-18 PARK LN SOUTH,PARK LN SOUTH,94 STREET,96 STREET,11421,Woodhaven,QUEENS,09 QUEENS,40.69778683907859,-73.85130363550618
32595078,2016-02-03T23:16:00.000,Snow,E9 Snow / Icy Sidewalk,Sidewalk,100-02 ROCKAWAY BOULEVARD,ROCKAWAY BOULEVARD,100 STREET,101 STREET,11417,Ozone Park,QUEENS,10 QUEENS,40.67993804091845,-73.8393988339362
32595158,2016-02-03T00:20:00.000,Snow,E9 Snow / Icy Sidewalk,Sidewalk,90-10 85 STREET,85 STREET,89 AVENUE,BEND,11421,Woodhaven,QUEENS,09 QUEENS,40.68811931721585,-73.85746950196346
32595721,2016-02-03T21:35:00.000,Snow,15S Re-Plow/Spread/Ice-Snow Cond.,Street,,,,,11237,BROOKLYN,BROOKLYN,01 BROOKLYN,40.70715353205243,-73.93148087195804
32596749,2016-02-03T21:41:00.000,Snow,E9 Snow / Icy Sidewalk,Sidewalk,75 INGRAHAM STREET,INGRAHAM STREET,KNICKERBOCKER AVENUE,PORTER AVENUE,11237,BROOKLYN,BROOKLYN,01 BROOKLYN,40.70730396243714,-73.9305934326543
32597376,2016-02-03T12:56:00.000,Snow,15S Re-Plow/Spread/Ice-Snow Cond.,Street,,,,,11413,Springfield Gardens,QUEENS,13 QUEENS,40.656445333352245,-73.76442149187383
32597396,2016-02-03T10:42:00.000,Snow,15S Re-Plow/Spread/Ice-Snow Cond.,Street,415 EAST   37 STREET,EAST   37 STREET,1 AVENUE,F D R DRIVE,10016,NEW YORK,MANHATTAN,06 MANHATTAN,40.745564134827085,-73.97182156356341
32597558,2016-02-03T21:39:00.000,Snow,E9 Snow / Icy Sidewalk,Sidewalk,67 INGRAHAM STREET,INGRAHAM STREET,KNICKERBOCKER AVENUE,PORTER AVENUE,11237,BROOKLYN,BROOKLYN,01 BROOKLYN,40.70726568338043,-73.93083873805375
32597572,2016-02-03T21:32:00.000,Snow,E9 Snow / Icy Sidewalk,Sidewalk,450 JOHNSON AVENUE,JOHNSON AVENUE,KNICKERBOCKER AVENUE,PORTER AVENUE,11237,BROOKLYN,BROOKLYN,01 BROOKLYN,40.70804493731501,-73.93040870983631
32604697,2016-02-04T06:30:00.000,Snow,E9 Snow / Icy Sidewalk,Sidewalk,61-12 213 STREET,213 STREET,LONG ISLAND EXPRESSWAY,64 AVENUE,11364,Oakland Gardens,QUEENS,11 QUEENS,40.746305614151474,-73.76397020610474
32607321,2016-02-05T23:34:00.000,Snow,E9 Snow / Icy Sidewalk,Sidewalk,2870 WELLMAN AVENUE,WELLMAN AVENUE,MAYFLOWER AVENUE,EDISON AVENUE,10461,BRONX,BRONX,10 BRONX,40.841395741069256,-73.83407216234816
32609035,2016-02-05T23:07:00.000,Snow,E9 Snow / Icy Sidewalk,Sidewalk,1174 62 STREET,62 STREET,11 AVENUE,12 AVENUE,11219,BROOKLYN,BROOKLYN,10 BROOKLYN,40.62934026086794,-74.00246059879741
32609725,2016-02-05T11:51:00.000,Snow,15S Re-Plow/Spread/Ice-Snow Cond.,Street,,,,,11414,Howard Beach,QUEENS,10 QUEENS,40.653730165607946,-73.83124490197997
32609763,2016-02-05T23:12:00.000,Snow,E9 Snow / Icy Sidewalk,Sidewalk,1172 62 STREET,62 STREET,11 AVENUE,12 AVENUE,11219,BROOKLYN,BROOKLYN,10 BROOKLYN,40.6293594737714,-74.00248942058346
32610453,2016-02-05T23:05:00.000,Snow,E9 Snow / Icy Sidewalk,Sidewalk,1207 63 STREET,63 STREET,12 AVENUE,13 AVENUE,11219,BROOKLYN,BROOKLYN,10 BROOKLYN,40.62822313909912,-74.00208228740712
32612061,2016-02-06T07:25:00.000,Snow,15S Re-Plow/Spread/Ice-Snow Cond.,Street,,,,,10308,STATEN ISLAND,STATEN ISLAND,03 STATEN ISLAND,40.54449223464792,-74.15736120920955
32612222,2016-02-06T07:55:00.000,Snow,E9 Snow / Icy Sidewalk,Sidewalk,3898 SEDGWICK AVENUE,SEDGWICK AVENUE,BEND,STEVENSON PLACE,10463,BRONX,BRONX,08 BRONX,40.88269913368579,-73.89304605004459
32612243,2016-02-06T09:36:00.000,Snow,E9 Snow / Icy Sidewalk,Sidewalk,1349 STADIUM AVENUE,STADIUM AVENUE,POLO PLACE,COUNTRY CLUB ROAD,10465,BRONX,BRONX,10 BRONX,40.840290338787035,-73.81991140151038
32612244,2016-02-06T12:23:00.000,Snow,E9 Snow / Icy Sidewalk,Sidewalk,150-12 19 AVENUE,19 AVENUE,150 STREET,MURRAY STREET,11357,Whitestone,QUEENS,07 QUEENS,40.781952073957804,-73.81358762350297
32612245,2016-02-06T11:44:00.000,Snow,E9 Snow / Icy Sidewalk,Sidewalk,568 17 STREET,17 STREET,10 AVENUE,11 AVENUE,11218,BROOKLYN,BROOKLYN,07 BROOKLYN,40.656734203564,-73.97974848869104
32612246,2016-02-06T09:25:00.000,Snow,E9 Snow / Icy Sidewalk,Sidewalk,189 CITY ISLAND AVENUE,CITY ISLAND AVENUE,EARLEY STREET,WINTERS STREET,10464,BRONX,BRONX,10 BRONX,40.843428283021346,-73.78507611962809
32612247,2016-02-06T03:54:00.000,Snow,E9 Snow / Icy Sidewalk,Sidewalk,574 77 STREET,77 STREET,5 AVENUE,6 AVENUE,11209,BROOKLYN,BROOKLYN,10 BROOKLYN,40.626996941092834,-74.02166187589678
32612252,2016-02-06T13:46:00.000,Snow,E9 Snow / Icy Sidewalk,Sidewalk,1504 PARK PLACE,PARK PLACE,ROCHESTER AVENUE,BUFFALO AVENUE,11213,BROOKLYN,BROOKLYN,08 BROOKLYN,40.6721633480283,-73.92725937524922
32612253,2016-02-06T09:52:00.000,Snow,E9 Snow / Icy Sidewalk,Sidewalk,1460 FULTON STREET,FULTON STREET,TOMPKINS AVENUE,KINGSTON AVENUE,11216,BROOKLYN,BROOKLYN,03 BROOKLYN,40.67999176204038,-73.94234652459323
32612254,2016-02-06T04:23:00.000,Snow,E9 Snow / Icy Sidewalk,Sidewalk,44 SCHOLES STREET,SCHOLES STREET,BEND,LORIMER STREET,11206,BROOKLYN,BROOKLYN,01 BROOKLYN,40.70826319199793,-73.94880727855534
32612294,2016-02-06T19:34:00.000,Snow,E9 Snow / Icy Sidewalk,Sidewalk,35-07 163 STREET,163 STREET,35 AVENUE,CROCHERON AVENUE,11358,Flushing,QUEENS,07 QUEENS,40.76481450354226,-73.80242663195665
32613010,2016-02-06T06:52:00.000,Snow,15I Street Condition Ice-Non Storm,Street,,,,,11385,Ridgewood,QUEENS,05 QUEENS,40.70551728915216,-73.90083598059688
32613024,2016-02-06T05:30:00.000,Snow,15S Re-Plow/Spread/Ice-Snow Cond.,Street,,,,,11422,Rosedale,QUEENS,13 QUEENS,40.65743353264973,-73.72951886402619
32613176,2016-02-06T12:11:00.000,Snow,E9 Snow / Icy Sidewalk,Sidewalk,,,,,11416,Ozone Park,QUEENS,09 QUEENS,40.683753821295106,-73.83978625778587
32613177,2016-02-06T10:28:00.000,Snow,E9 Snow / Icy Sidewalk,Sidewalk,109-09 202 STREET,202 STREET,109 AVENUE,HOLLIS AVENUE,11412,Saint Albans,QUEENS,12 QUEENS,40.70736577503376,-73.75614773548863
32613178,2016-02-06T12:39:00.000,Snow,E9 Snow / Icy Sidewalk,Sidewalk,110-14 91 AVENUE,91 AVENUE,110 STREET,111 STREET,11418,Richmond Hill,QUEENS,09 QUEENS,40.694201569727525,-73.83668871715076
32613211,2016-02-06T11:04:00.000,Snow,E9 Snow / Icy Sidewalk,Sidewalk,,,,,11435,Jamaica,QUEENS,08 QUEENS,40.71093150650933,-73.8135698180913
32613245,2016-02-06T11:59:00.000,Snow,E9 Snow / Icy Sidewalk,Sidewalk,75-24 66 DRIVE,66 DRIVE,BEND,GRAY STREET,11379,Middle Village,QUEENS,05 QUEENS,40.7138467794931,-73.87716032932181
32613246,2016-02-06T08:37:00.000,Snow,E9 Snow / Icy Sidewalk,Sidewalk,84-04 LEFFERTS BOULEVARD,LEFFERTS BOULEVARD,84 AVENUE,85 AVENUE,11415,Kew Gardens,QUEENS,09 QUEENS,40.70408801431287,-73.83271157666941
32613249,2016-02-06T08:21:00.000,Snow,E9 Snow / Icy Sidewalk,Sidewalk,84-02 143 STREET,143 STREET,84 DRIVE,85 ROAD,11435,Jamaica,QUEENS,08 QUEENS,40.71073111593598,-73.81355595039393
32613916,2016-02-06T11:16:00.000,Snow,15S Re-Plow/Spread/Ice-Snow Cond.,Street,187-40 JORDAN AVENUE,JORDAN AVENUE,MAYVILLE STREET,HANNIBAL STREET,11412,Saint Albans,QUEENS,12 QUEENS,40.699980831202055,-73.76735839350557
32613935,2016-02-06T10:38:00.000,Snow,E9 Snow / Icy Sidewalk,Sidewalk,25-28 14 STREET,14 STREET,HOYT AVENUE,26 AVENUE,11102,Astoria,QUEENS,01 QUEENS,40.77564657694176,-73.9278215097163
32614104,2016-02-06T20:47:00.000,Snow,E9 Snow / Icy Sidewalk,Sidewalk,79-06 257 STREET,257 STREET,UNION TURNPIKE,80 AVENUE,11004,Glen Oaks,QUEENS,13 QUEENS,40.74541625000906,-73.71426039331692
32614105,2016-02-06T11:32:00.000,Snow,E9 Snow / Icy Sidewalk,Sidewalk,240-04 67 AVENUE,67 AVENUE,DOUGLASTON PARKWAY,242 STREET,11362,Little Neck,QUEENS,11 QUEENS,40.75137761270031,-73.73962229456637
32614110,2016-02-06T09:41:00.000,Snow,E9 Snow / Icy Sidewalk,Sidewalk,65-01 37 AVENUE,37 AVENUE,65 STREET,68 STREET,11377,Woodside,QUEENS,02 QUEENS,40.74848937702124,-73.89787031571976
32614111,2016-02-06T08:40:00.000,Snow,E9 Snow / Icy Sidewalk,Sidewalk,61-33 183 STREET,183 STREET,LONG ISLAND EXPRESSWAY,64 AVENUE,11365,Fresh Meadows,QUEENS,08 QUEENS,40.73885321124748,-73.79075051972167
32614112,2016-02-06T04:26:00.000,Snow,E9 Snow / Icy Sidewalk,Sidewalk,28 SCHOLES STREET,SCHOLES STREET,BEND,LORIMER STREET,11206,BROOKLYN,BROOKLYN,01 BROOKLYN,40.70821128084075,-73.94934835295267
32614142,2016-02-06T12:41:00.000,Snow,E9 Snow / Icy Sidewalk,Sidewalk,159-16 UNION TURNPIKE,UNION TURNPIKE,159 STREET,160 STREET,11366,Fresh Meadows,QUEENS,08 QUEENS,40.72034740454125,-73.80771365989055
32614147,2016-02-06T11:54:00.000,Snow,E9 Snow / Icy Sidewalk,Sidewalk,,,,,11434,Jamaica,QUEENS,12 QUEENS,40.6789705621564,-73.75983886670711
32614155,2016-02-06T15:00:00.000,Snow,E9 Snow / Icy Sidewalk,Sidewalk,253-47 61 AVENUE,61 AVENUE,251 STREET,255 STREET,11362,Little Neck,QUEENS,11 QUEENS,40.75787196795478,-73.72554472649466
32614167,2016-02-06T16:19:00.000,Snow,E9 Snow / Icy Sidewalk,Sidewalk,187-18 QUENCER ROAD,QUENCER ROAD,DUNKIRK STREET,OVID PLACE,11412,Saint Albans,QUEENS,12 QUEENS,40.696048904140085,-73.7680212386262
32614168,2016-02-06T09:40:00.000,Snow,E9 Snow / Icy Sidewalk,Sidewalk,,,,,11215,BROOKLYN,BROOKLYN,06 BROOKLYN,40.670629348250124,-73.97181717368898
32614180,2016-02-06T10:53:00.000,Snow,E9 Snow / Icy Sidewalk,Sidewalk,47-01 187 STREET,187 STREET,UTOPIA PARKWAY,,11358,Flushing,QUEENS,11 QUEENS,40.75043040204689,-73.79215783163927
32614181,2016-02-06T09:43:00.000,Snow,E9 Snow / Icy Sidewalk,Sidewalk,186 MONROE STREET,MONROE STREET,BEDFORD AVENUE,NOSTRAND AVENUE,11216,BROOKLYN,BROOKLYN,03 BROOKLYN,40.685296353844386,-73.95200870585455
32614182,2016-02-06T09:17:00.000,Snow,E9 Snow / Icy Sidewalk,Sidewalk,170-40 HENLEY ROAD,HENLEY ROAD,HOMELAWN STREET,KINGSTON PLACE,11432,Jamaica,QUEENS,08 QUEENS,40.71330938204945,-73.79320784353006
32615041,2016-02-06T18:24:00.000,Snow,E9 Snow / Icy Sidewalk,Sidewalk,85-62 263 STREET,263 STREET,EAST WILLISTON AVENUE,86 AVENUE,11001,Floral Park,QUEENS,13 QUEENS,40.73512082536706,-73.70454750347639
32615042,2016-02-06T12:08:00.000,Snow,E9 Snow / Icy Sidewalk,Sidewalk,89-69 220 STREET,220 STREET,89 AVENUE,90 AVENUE,11427,Queens Village,QUEENS,13 QUEENS,40.72807906447633,-73.74161834592667
32615043,2016-02-06T14:40:00.000,Snow,E9 Snow / Icy Sidewalk,Sidewalk,61-11 BELL BOULEVARD,BELL BOULEVARD,LONG ISLAND EXPRESSWAY,64 AVENUE,11364,Oakland Gardens,QUEENS,11 QUEENS,40.7470657578548,-73.76123188101545
32615087,2016-02-06T13:38:00.000,Snow,E9 Snow / Icy Sidewalk,Sidewalk,81-03 192 STREET,192 STREET,81 AVENUE,ABERDEEN ROAD,11423,Hollis,QUEENS,08 QUEENS,40.72791521729898,-73.77751113006718
32615089,2016-02-06T23:32:00.000,Snow,E9 Snow / Icy Sidewalk,Sidewalk,954 BERGEN STREET,BERGEN STREET,FRANKLIN AVENUE,BEDFORD AVENUE,11216,BROOKLYN,BROOKLYN,08 BROOKLYN,40.67667078810811,-73.9551225874468
32615108,2016-02-06T04:30:00.000,Snow,E9 Snow / Icy Sidewalk,Sidewalk,14 SCHOLES STREET,SCHOLES STREET,BEND,LORIMER STREET,11206,BROOKLYN,BROOKLYN,01 BROOKLYN,40.70816482838475,-73.94982449830368
32615154,2016-02-06T12:51:00.000,Snow,E9 Snow / Icy Sidewalk,Sidewalk,163 BEACH   91 STREET,BEACH   91 STREET,HOLLAND AVENUE,ROCKAWAY BEACH BOULEVARD,11693,Far Rockaway,QUEENS,14 QUEENS,40.58589884791661,-73.81401246929194
32615156,2016-02-06T08:34:00.000,Snow,E9 Snow / Icy Sidewalk,Sidewalk,,,,,11213,BROOKLYN,BROOKLYN,08 BROOKLYN,40.67236589602789,-73.93079201408896
32615157,2016-02-06T11:39:00.000,Snow,E9 Snow / Icy Sidewalk,Sidewalk,91-01 120 STREET,120 STREET,91 AVENUE,ATLANTIC AVENUE,11418,Richmond Hill,QUEENS,09 QUEENS,40.69589849723095,-73.82772666842664
32616028,2016-02-06T19:15:00.000,Snow,E9 Snow / Icy Sidewalk,Sidewalk,120 AVENUE M,AVENUE M,MC DONALD AVENUE,EAST 2 STREET,11230,BROOKLYN,BROOKLYN,12 BROOKLYN,40.61644783622952,-73.97412367803925
32616067,2016-02-06T12:20:00.000,Snow,E9 Snow / Icy Sidewalk,Sidewalk,19-05 150 STREET,150 STREET,19 AVENUE,20 AVENUE,11357,Whitestone,QUEENS,07 QUEENS,40.78187332258126,-73.81411142370065
32616068,2016-02-06T04:31:00.000,Snow,E9 Snow / Icy Sidewalk,Sidewalk,10 SCHOLES STREET,SCHOLES STREET,BEND,LORIMER STREET,11206,BROOKLYN,BROOKLYN,01 BROOKLYN,40.70815390742665,-73.94995796159274
32616101,2016-02-06T15:11:00.000,Snow,E9 Snow / Icy Sidewalk,Sidewalk,60-24 255 STREET,255 STREET,60 AVENUE,61 AVENUE,11362,Little Neck,QUEENS,11 QUEENS,40.75932713706731,-73.72458216476795
32616119,2016-02-06T10:44:00.000,Snow,E9 Snow / Icy Sidewalk,Sidewalk,78-03 222 STREET,222 STREET,KINGSBURY AVENUE,UNION TURNPIKE,11364,Oakland Gardens,QUEENS,11 QUEENS,40.7370418694285,-73.74959078928048
32616124,2016-02-06T08:43:00.000,Snow,E9 Snow / Icy Sidewalk,Sidewalk,183-03 64 AVENUE,64 AVENUE,183 STREET,184 STREET,11365,Fresh Meadows,QUEENS,08 QUEENS,40.73796286359098,-73.79017595311782
32616989,2016-02-06T10:16:00.000,Snow,E9 Snow / Icy Sidewalk,Sidewalk,166 CENTRAL AVENUE,CENTRAL AVENUE,SUYDAM STREET,SUYDAM STREET,11221,BROOKLYN,BROOKLYN,04 BROOKLYN,40.6991305817424,-73.92701717397455
32616990,2016-02-06T10:26:00.000,Snow,E9 Snow / Icy Sidewalk,Sidewalk,202-02 109 AVENUE,109 AVENUE,202 STREET,203 STREET,11412,Saint Albans,QUEENS,12 QUEENS,40.707774781434296,-73.75616427370845
32617056,2016-02-06T07:57:00.000,Snow,E9 Snow / Icy Sidewalk,Sidewalk,924 METROPOLITAN AVENUE,METROPOLITAN AVENUE,OLIVE STREET,CATHERINE STREET,11211,BROOKLYN,BROOKLYN,01 BROOKLYN,40.71456545936858,-73.93821518616352
32617058,2016-02-06T04:28:00.000,Snow,E9 Snow / Icy Sidewalk,Sidewalk,30 SCHOLES STREET,SCHOLES STREET,BEND,LORIMER STREET,11206,BROOKLYN,BROOKLYN,01 BROOKLYN,40.708216741780305,-73.9492834246542
32617077,2016-02-06T20:27:00.000,Snow,E9 Snow / Icy Sidewalk,Sidewalk,631 HYLAN BOULEVARD,HYLAN BOULEVARD,OLGA PLACE,LEGION PLACE,10305,STATEN ISLAND,STATEN ISLAND,02 STATEN ISLAND,40.60409075760459,-74.07563030575785
32617078,2016-02-06T13:50:00.000,Snow,E9 Snow / Icy Sidewalk,Sidewalk,146-12 115 AVENUE,115 AVENUE,146 STREET,147 STREET,11436,Jamaica,QUEENS,12 QUEENS,40.68366284909341,-73.79615900339665
32617091,2016-02-06T09:37:00.000,Snow,E9 Snow / Icy Sidewalk,Sidewalk,109-02 LEFFERTS BOULEVARD,LEFFERTS BOULEVARD,109 AVENUE,111 AVENUE,11420,South Ozone Park,QUEENS,10 QUEENS,40.68197666067467,-73.82209481193392
32617092,2016-02-06T10:28:00.000,Snow,E9 Snow / Icy Sidewalk,Sidewalk,109-04 MYRTLE AVENUE,MYRTLE AVENUE,109 STREET,84 AVENUE,11418,Richmond Hill,QUEENS,09 QUEENS,40.70101469515055,-73.84103951449234
32617093,2016-02-06T09:57:00.000,Snow,E9 Snow / Icy Sidewalk,Sidewalk,1530 PRESIDENT STREET,PRESIDENT STREET,ALBANY AVENUE,TROY AVENUE,11213,BROOKLYN,BROOKLYN,09 BROOKLYN,40.667363438786076,-73.93782634695496
32617121,2016-02-06T15:49:00.000,Snow,E9 Snow / Icy Sidewalk,Sidewalk,726 AUTUMN AVENUE,AUTUMN AVENUE,BLAKE AVENUE,DUMONT AVENUE,11208,BROOKLYN,BROOKLYN,05 BROOKLYN,40.670934699458755,-73.86699788708792
32617122,2016-02-06T15:11:00.000,Snow,E9 Snow / Icy Sidewalk,Sidewalk,85-02 121 STREET,121 STREET,85 AVENUE,HILLSIDE AVENUE,11415,Kew Gardens,QUEENS,09 QUEENS,40.70307943176987,-73.82998389226996
32617123,2016-02-06T08:57:00.000,Snow,E9 Snow / Icy Sidewalk,Sidewalk,88-01 PONTIAC STREET,PONTIAC STREET,88 AVENUE,BRADDOCK AVENUE,11427,Queens Village,QUEENS,13 QUEENS,40.73041585217653,-73.7336209200083
32617124,2016-02-06T04:25:00.000,Snow,E9 Snow / Icy Sidewalk,Sidewalk,32A SCHOLES STREET,SCHOLES STREET,BEND,LORIMER STREET,11206,BROOKLYN,BROOKLYN,01 BROOKLYN,40.70822220109197,-73.94921488944885
32617884,2016-02-06T07:54:00.000,Snow,15S Re-Plow/Spread/Ice-Snow Cond.,Street,,,,,10308,STATEN ISLAND,STATEN ISLAND,03 STATEN ISLAND,40.54839843116104,-74.14015985963003
32617885,2016-02-06T06:42:00.000,Snow,15S Re-Plow/Spread/Ice-Snow Cond.,Street,88-28 172 STREET,172 STREET,HILLSIDE AVENUE,89 AVENUE,11432,Jamaica,QUEENS,12 QUEENS,40.71117618859195,-73.78989595991393
32617976,2016-02-06T09:20:00.000,Snow,E9 Snow / Icy Sidewalk,Sidewalk,158 92 STREET,92 STREET,COLONIAL ROAD,RIDGE BOULEVARD,11209,BROOKLYN,BROOKLYN,10 BROOKLYN,40.62017789900822,-74.03641402567035
32617977,2016-02-06T04:40:00.000,Snow,E9 Snow / Icy Sidewalk,Sidewalk,370 SOUTH    3 STREET,SOUTH    3 STREET,HOOPER STREET,HEWES STREET,11211,BROOKLYN,BROOKLYN,01 BROOKLYN,40.70880545188037,-73.9523993633815
32618044,2016-02-06T00:37:00.000,Snow,E9 Snow / Icy Sidewalk,Sidewalk,238 BRADFORD STREET,BRADFORD STREET,GLENMORE AVENUE,PITKIN AVENUE,11207,BROOKLYN,BROOKLYN,05 BROOKLYN,40.67332996911226,-73.89236158878853
32618100,2016-02-06T12:49:00.000,Snow,E9 Snow / Icy Sidewalk,Sidewalk,146-48 222 STREET,222 STREET,146 AVENUE,JOHNSON LANE,11413,Springfield Gardens,QUEENS,13 QUEENS,40.66021046882163,-73.75877825650183
32618101,2016-02-06T12:24:00.000,Snow,E9 Snow / Icy Sidewalk,Sidewalk,150-16 19 AVENUE,19 AVENUE,150 STREET,MURRAY STREET,11357,Whitestone,QUEENS,07 QUEENS,40.78194648518821,-73.81352625387248
32618102,2016-02-06T11:15:00.000,Snow,E9 Snow / Icy Sidewalk,Sidewalk,170-08 89 AVENUE,89 AVENUE,170 STREET,171 STREET,11432,Jamaica,QUEENS,12 QUEENS,40.70963001855448,-73.79092882366196
32618103,2016-02-06T09:33:00.000,Snow,E9 Snow / Icy Sidewalk,Sidewalk,43-12 PARSONS BOULEVARD,PARSONS BOULEVARD,CHERRY AVENUE,DELAWARE AVENUE,11355,Flushing,QUEENS,07 QUEENS,40.7568604694175,-73.81755614550484
32618740,2016-02-06T09:06:00.000,Snow,15S Re-Plow/Spread/Ice-Snow Cond.,Street,,,,,,,STATEN ISLAND,03 STATEN ISLAND,,
32618741,2016-02-06T09:42:00.000,Snow,15S Re-Plow/Spread/Ice-Snow Cond.,Street,174 NIXON AVENUE,NIXON AVENUE,BEND,WARD AVENUE,10304,STATEN ISLAND,STATEN ISLAND,01 STATEN ISLAND,40.633208705950416,-74.08191784198421
32618926,2016-02-06T14:32:00.000,Snow,E9 Snow / Icy Sidewalk,Sidewalk,,,,,11420,South Ozone Park,QUEENS,10 QUEENS,40.67152822871726,-73.81572034378459
32618927,2016-02-06T12:48:00.000,Snow,E9 Snow / Icy Sidewalk,Sidewalk,1238 ATLANTIC AVENUE,ATLANTIC AVENUE,PERRY PLACE,NOSTRAND AVENUE,11216,BROOKLYN,BROOKLYN,08 BROOKLYN,40.67855227654155,-73.95160255569357
32618928,2016-02-06T12:35:00.000,Snow,E9 Snow / Icy Sidewalk,Sidewalk,328 GRANT AVENUE,GRANT AVENUE,ATLANTIC AVENUE,MC KINLEY AVENUE,11208,BROOKLYN,BROOKLYN,05 BROOKLYN,40.682451867498166,-73.86706865961607
32618930,2016-02-06T09:26:00.000,Snow,E9 Snow / Icy Sidewalk,Sidewalk,252 BOWNE STREET,BOWNE STREET,KING AVENUE,DEAD END,10464,BRONX,BRONX,10 BRONX,40.851405878579335,-73.78586002876565
32618931,2016-02-06T06:31:00.000,Snow,E9 Snow / Icy Sidewalk,Sidewalk,42-07 MAIN STREET,MAIN STREET,MAPLE AVENUE,FRANKLIN AVENUE,11355,Flushing,QUEENS,07 QUEENS,40.755089924085595,-73.82814748827279
32618932,2016-02-06T04:29:00.000,Snow,E9 Snow / Icy Sidewalk,Sidewalk,22 SCHOLES STREET,SCHOLES STREET,BEND,LORIMER STREET,11206,BROOKLYN,BROOKLYN,01 BROOKLYN,40.708192157781966,-73.9495539605457
32618935,2016-02-06T12:09:00.000,Snow,E9 Snow / Icy Sidewalk,Sidewalk,260 BEACH  117 STREET,BEACH  117 STREET,ROCKAWAY BEACH BOULEVARD,NEWPORT AVENUE,11694,Rockaway Park,QUEENS,14 QUEENS,40.58046567519342,-73.83864082934429
32618936,2016-02-06T12:33:00.000,Snow,E9 Snow / Icy Sidewalk,Sidewalk,192-08 CROCHERON AVENUE,CROCHERON AVENUE,192 STREET,193 STREET,11358,Flushing,QUEENS,11 QUEENS,40.76371909057396,-73.78987099740739
32618941,2016-02-06T04:39:00.000,Snow,E9 Snow / Icy Sidewalk,Sidewalk,372 SOUTH    3 STREET,SOUTH    3 STREET,HOOPER STREET,HEWES STREET,11211,BROOKLYN,BROOKLYN,01 BROOKLYN,40.70878071916234,-73.9523272424908
32618953,2016-02-06T10:31:00.000,Snow,E9 Snow / Icy Sidewalk,Sidewalk,109-10 203 STREET,203 STREET,109 AVENUE,HOLLIS AVENUE,11412,Saint Albans,QUEENS,12 QUEENS,40.70753405131528,-73.75525261524402
32618956,2016-02-06T08:58:00.000,Snow,E9 Snow / Icy Sidewalk,Sidewalk,57-02 156 STREET,156 STREET,BOOTH MEMORIAL AVENUE,59 AVENUE,11355,Flushing,QUEENS,07 QUEENS,40.74230169222747,-73.81206019056866
32618957,2016-02-06T14:56:00.000,Snow,E9 Snow / Icy Sidewalk,Sidewalk,56-20 251 STREET,251 STREET,LONG ISLAND EXPRESSWAY,57 AVENUE,11362,Little Neck,QUEENS,11 QUEENS,40.761739585413686,-73.72913138232877
